year,sido,adm_cd,sigungu,total_pop,male_pop,female_pop,age_0_9,age_10_19,age_20_29,age_30_39,age_40_49,age_50_59,age_60_69,age_70_79,age_80_89,age_90plus,age_0_14,age_15_64,age_65plus,ratio_20s,ratio_30s,ratio_40s,ratio_50s,ratio_60s,ratio_70plus,ratio_elderly,ratio_working,ratio_female
2024,서울특별시,11010,종로구,144486,68604,75882,5959,10074,27231,20477,18655,23189,20718,11442,6448,976,9276,106834,28376,0.18846808687346872,0.14172307351577315,0.12911285522472765,0.16049305815096274,0.14339105518873801,0.1305732043242944,0.19639273009149674,0.7394072782138061,0.5251858311531913
2024,서울특별시,11020,중구,126899,60550,66349,5869,6518,20819,22851,16958,19050,18639,10563,5366,781,7977,93357,25565,0.16405960645867973,0.1800723409955949,0.13363383478199198,0.15011938628357985,0.14688059007557192,0.13167952466134486,0.2014594283642897,0.7356795561824758,0.5228488798178078
2024,서울특별시,11030,용산구,203401,97246,106155,11601,12168,28376,37779,29805,32360,28024,15054,8091,1242,16228,149831,37342,0.13950767203701064,0.1857365499677976,0.14653320288494157,0.159094596388415,0.1377771004075693,0.11989616570223352,0.18358808462101955,0.7366286301443946,0.5219000889867799
2024,서울특별시,11040,성동구,274688,132827,141861,17191,16950,42431,46457,39056,43155,38649,20896,10264,1270,23222,201275,50191,0.15446979846225536,0.16912642707362535,0.14218313140726935,0.15710551607642126,0.14070145037278659,0.11806121854613234,0.18272003145386767,0.7327404182199441,0.5164441111369991
2024,서울특별시,11050,광진구,345130,164812,180318,15958,23792,65605,56885,46890,53214,47308,24661,11226,1464,24511,261405,59214,0.19008779300553413,0.16482195114884246,0.1358618491582882,0.1541853794222467,0.1370729869904094,0.10822298843913887,0.17157013299336482,0.7574102512096891,0.5224639990728132
2024,서울특별시,11060,동대문구,355789,171604,184185,19177,23739,69859,52241,47609,51721,48503,28997,14236,1690,27390,260204,68195,0.1963495217671148,0.14683140850335452,0.13381245625918733,0.14536986809597824,0.1363251814980227,0.1262630379241629,0.19167259246351068,0.7313435772325733,0.5176804229473086
2024,서울특별시,11070,중랑구,375066,182365,192701,19889,22712,47788,58294,51041,62300,63316,34634,15241,1858,28824,264778,81464,0.12741224211205496,0.15542331216372585,0.13608538230604747,0.16610409901190723,0.16881295558648343,0.13793039091786513,0.2171991062906262,0.7059504193928535,0.5137789082454821
2024,서울특별시,11080,성북구,429210,203170,226040,25026,35849,74076,56139,60207,68935,57572,34229,17774,2249,37537,310076,81597,0.1725868456000559,0.13079611379045222,0.14027399175228908,0.16060902588476503,0.1341348058060157,0.12639966449989515,0.190109736492626,0.7224342396495887,0.5266419701311712
2024,서울특별시,11090,강북구,280470,133834,146636,11931,18049,37800,34491,37196,48173,47363,30170,15119,1600,18718,192093,69659,0.13477377259599957,0.12297571932827041,0.13262024458943916,0.17175812029807108,0.16887011088529968,0.16718009056227048,0.2483652440546226,0.6848967804043213,0.5228224052483331
2024,서울특별시,11100,도봉구,296997,142662,154335,14573,20910,35649,36533,39562,51974,52600,30050,14933,1983,22546,201903,72548,0.12003151546985323,0.12300797651154725,0.13320673272794,0.1749984006572457,0.17710616605554938,0.1581362774708162,0.24427182766155886,0.6798149476257336,0.5196517136536732
2024,서울특별시,11110,노원구,486446,233042,253404,27682,45377,67194,59365,70488,84128,72442,40940,19580,2791,44237,344260,97949,0.1381324956932527,0.12203821184674146,0.1449040592378188,0.1729441705759735,0.1489209490878741,0.13015010915908445,0.2013563684355509,0.7077044522927519,0.520929352898369
2024,서울특별시,11120,은평구,448142,211821,236321,24536,32658,56692,64738,65470,75386,68379,40725,20003,2353,37238,315285,95619,0.12650454543425968,0.14445867604464657,0.14609208688317543,0.1682190020127549,0.1525833329614274,0.14076118730223902,0.21336763793618987,0.7035381642425839,0.5273350857540691
2024,서울특별시,11130,서대문구,316345,145122,171223,18253,22867,60611,45883,42760,47916,41274,24074,13099,1634,26260,231848,58237,0.19159778090376015,0.14504101534716843,0.13516888207494981,0.15146754334666265,0.1304714789233274,0.12267303102625299,0.1840933158418815,0.7328960470372536,0.5412540106529264
2024,서울특별시,11140,마포구,358927,166191,192736,21112,25201,60919,64178,54356,54780,42222,23830,12839,1749,30557,270402,57968,0.16972532019045655,0.17880516093801804,0.15144026501210553,0.15262156371629887,0.11763394785011994,0.1070356924945741,0.16150359265254494,0.7533621042718993,0.5369782713476556
2024,서울특별시,11150,양천구,417397,203140,214257,26980,44343,46322,51066,68647,72746,62375,33925,13022,1816,45406,293674,78317,0.11097827727559134,0.1223439555147737,0.1644645265778144,0.17428491340378585,0.14943806495973858,0.11682642663938649,0.18763191877277507,0.7035843573384571,0.5133170578609813
2024,서울특별시,11160,강서구,543974,259852,284122,32098,38383,72865,94887,81812,81083,80086,45445,18183,2701,47629,390984,105361,0.13394941670006288,0.17443296922279375,0.15039689396919706,0.14905675638909213,0.14722394820340678,0.12193413655799726,0.19368756594984318,0.7187549404934794,0.5223080514877549
2024,서울특별시,11170,구로구,418832,207187,211645,24347,27382,48685,65582,61244,70623,68089,37859,15619,1908,35338,296173,87321,0.11623992436108034,0.15658306910646752,0.14622569431180044,0.16861892119035796,0.16256876265423845,0.13223917943232608,0.2084869350956947,0.7071403331168583,0.505321942926997
2024,서울특별시,11180,금천구,243662,122912,120750,10728,12448,34099,41453,31357,41949,41649,21234,8780,1065,15559,178219,49884,0.1399438566538894,0.17012500923410298,0.12869056315716032,0.17216061593518892,0.17092940220469338,0.1275496384335678,0.20472621910679548,0.7314189327839384,0.4955635265244478
2024,서울특별시,11190,영등포구,400799,197205,203594,23579,22118,55633,76200,57145,63288,58436,30638,14126,1815,32301,295061,73437,0.13880523654001134,0.19012023483092522,0.14257770104216827,0.15790458559028342,0.14579876696299143,0.11621535981876202,0.18322650505615035,0.7361819765019374,0.5079703292672886
2024,서울특별시,11200,동작구,381172,183544,197628,20309,25482,68540,60678,51853,57205,51885,31237,14367,1770,29438,279712,72022,0.17981383732278342,0.1591879781306077,0.1360357004187086,0.15007660583673513,0.1361196520206101,0.1242850996400575,0.1889488210046908,0.7338209522210446,0.5184745993934496
2024,서울특별시,11210,관악구,490493,244885,245608,16901,24724,110992,92664,59707,66597,62603,39041,17390,1758,25249,377458,87786,0.22628661367236638,0.18892012730049154,0.12172854658476268,0.1357756379805624,0.12763281025417283,0.11863370119451246,0.17897503124407485,0.7695481892707949,0.5007370135761366
2024,서울특별시,11220,서초구,386254,183900,202354,28690,40194,44694,54256,67189,64023,47547,29595,12085,1713,45652,274184,66418,0.11571142305322404,0.14046715373821372,0.17395030213279344,0.1657536232634484,0.12309775432746328,0.11234317314513248,0.1719542062994817,0.709854137432881,0.5238884257509308
2024,서울특별시,11230,강남구,528194,252802,275392,35934,57701,60203,77499,95739,85099,63339,40184,15436,2182,60476,379138,88580,0.11397895470224956,0.1467244989530362,0.18125726532296846,0.16111315160717463,0.11991616716585195,0.10943327640980398,0.1677035331715241,0.7178006565769396,0.5213841883853281
2024,서울특별시,11240,송파구,628648,301344,327304,44702,52719,76646,102425,100470,98700,89344,48651,17489,2511,66569,450710,111369,0.12192196586961225,0.16292901591987885,0.15981916748323385,0.1570036013794683,0.1421208689123325,0.10920419694328146,0.17715637367811557,0.7169512986599814,0.5206474847609474
2024,서울특별시,11250,강동구,454023,221136,232887,33303,37857,52448,68825,72645,70129,68753,37951,13899,2093,48972,317979,87072,0.11551837682231958,0.15158923666862692,0.16000290734169856,0.15446133786173827,0.15143065439416065,0.11881116154908451,0.1917788305878777,0.70035879239598,0.5129409743559247
2024,부산광역시,21010,중구,39599,19497,20102,878,1682,5844,4980,4452,6136,7519,5238,2599,383,1452,25982,12165,0.14757948433041237,0.12576075153412966,0.11242708149195686,0.15495340791434128,0.18987853228616886,0.2075809995201899,0.30720472739210586,0.656127679991919,0.5076390817949948
2024,부산광역시,21020,서구,103413,49701,53712,5046,7152,12719,10743,12987,16330,18977,12907,6353,806,7751,66115,29547,0.12299227369866458,0.10388442458878477,0.12558382408401264,0.1579105141519925,0.1835069091893669,0.19403750012087456,0.28571842998462477,0.6393296780868943,0.5193931130515506
2024,부산광역시,21030,동구,85665,41301,44364,4096,4394,8834,11251,11005,13528,15525,11026,5663,729,5850,54461,25354,0.10312262884491916,0.13133718554835697,0.1284655343489173,0.15791746921146327,0.1812292067939065,0.2033269129749606,0.29596684760403896,0.6357438860678223,0.5178777797233409
2024,부산광역시,21040,영도구,106825,53482,53343,4448,7248,12197,9803,12864,16982,21059,14894,7103,781,6976,66165,33684,0.11417739293236602,0.09176690849520243,0.12042124970746548,0.15897027849286216,0.19713550198923474,0.2132272408144161,0.315319447694828,0.6193774865434121,0.4993494032295811
2024,부산광역시,21050,부산진구,356874,170261,186613,20651,24316,49804,50800,47519,54819,58249,34979,16096,1884,29922,245482,81470,0.1395562579509855,0.14234715894125097,0.1331534379080572,0.15360883673229206,0.1632200720702545,0.14839691319625414,0.22828785509731725,0.6878674265987436,0.5229100466831431
2024,부산광역시,21060,동래구,265089,127425,137664,19997,24320,25339,31264,41519,43228,42593,26268,11553,1507,30549,174052,60488,0.0955867651996122,0.1179377492087563,0.15662287005496267,0.16306976147633437,0.16067433956143032,0.14835772136904965,0.22817996974600982,0.6565794883982361,0.5193123818792934
2024,부산광역시,21070,남구,260090,127056,133034,15126,23403,38210,27713,36077,41111,40676,26511,11943,1302,23796,176232,60062,0.14691068476296668,0.10655157829981929,0.13870967741935483,0.15806451612903225,0.15639201814756432,0.15285478103733324,0.2309277557768465,0.6775808374024376,0.511492175785305
2024,부산광역시,21080,북구,265364,130024,135340,16428,19991,27707,31841,34845,46872,51496,25863,10799,1440,24540,178800,62024,0.10441129919657527,0.1199899006647473,0.13131020032860524,0.17663285147947724,0.1940579731990775,0.14358390738758836,0.23373177974404968,0.6737914713374836,0.5100164302618291
2024,부산광역시,21090,해운대구,365974,175606,190368,24469,33087,35491,40205,55915,65925,61843,34596,15614,1973,38340,245825,81809,0.09697683441993148,0.10985753086284818,0.1527840775574221,0.18013574734817228,0.16898194953739884,0.14258663183723433,0.22353773765349452,0.6717007219092067,0.5201680993731795
2024,부산광역시,21100,사하구,293036,145582,147454,16083,23174,33087,32545,40568,49887,54147,31101,12750,1728,25157,195996,71883,0.11291104164676012,0.1110614395500894,0.1384403281508074,0.17024188154356462,0.1847793445173972,0.1555406161700269,0.24530433120845221,0.6688461485960769,0.5031941467942506
2024,부산광역시,21110,금정구,215539,104186,111353,9994,16143,32946,21312,26140,34450,39007,24024,11255,1596,15819,143860,55860,0.1528540078593665,0.09887769730767981,0.12127735583815458,0.15983186337507366,0.18097420884387513,0.17108272748783282,0.25916423477885675,0.6674430149532103,0.5166257614631227
2024,부산광역시,21120,강서구,145762,77868,67894,18274,15696,12419,25251,29929,17616,17181,8232,2972,389,25900,99957,19905,0.085200532374693,0.17323445067987542,0.2053278632290995,0.12085454370823671,0.11787022680808441,0.07953376051371414,0.13655822505179677,0.685754860663273,0.4657866933768746
2024,부산광역시,21130,연제구,207871,98780,109091,14596,16263,21773,27324,30859,33569,33744,21003,9320,1110,21315,138488,48068,0.10474284532233934,0.13144690697596106,0.1484526461122523,0.16148957767076697,0.16233144594484078,0.15121397405121445,0.2312395668467463,0.6662208773710618,0.5248014393542149
2024,부산광역시,21140,수영구,167787,78338,89449,9119,10555,20201,22816,22641,25984,28164,19250,8836,1242,13426,110597,43764,0.12039669342678515,0.135981929470102,0.13493894044234656,0.15486301084112594,0.16785567415830785,0.17479304117720681,0.26083069606107745,0.6591511857295261,0.5331104316782588
2024,부산광역시,21150,사상구,205140,102439,102701,9761,14358,27344,24935,25559,34901,40011,20630,7835,983,15055,141916,48169,0.1332943355757044,0.12155113580969094,0.12459296090474797,0.1701325923759384,0.19504241006142148,0.14355074583211466,0.2348103734035293,0.6918007214585161,0.5006385882811738
2024,부산광역시,21510,기장군,173228,86131,87097,16151,18479,14982,21747,32031,26754,23216,14407,6594,988,24637,115160,33431,0.08648717297434595,0.12553975107950216,0.18490659708592144,0.15444385434225413,0.13401990440344516,0.12693675387350775,0.1929884314314083,0.6647886023044773,0.5027882328491929
2024,대구광역시,22010,중구,94128,45038,49090,8374,6624,13262,16411,13773,13260,11178,7406,4032,524,11112,65732,17284,0.14089325174230835,0.17434769675335712,0.14632202957674656,0.14087200407955125,0.11875318714941356,0.12708227095019548,0.18362230154682985,0.6983256841747407,0.521523882372939
2024,대구광역시,22020,동구,336051,163725,172326,23283,24984,34300,43919,47743,55908,55868,33817,16638,2145,33651,223147,79253,0.10206784089319776,0.1306914724253164,0.14207069760244725,0.1663676049171108,0.16624857536504875,0.15652386096158025,0.23583622723931785,0.6640271863496909,0.5127971647160698
2024,대구광역시,22030,서구,164111,81456,82655,7698,9350,16423,19764,19917,29236,32923,19275,9192,1175,11376,107774,44961,0.10007251189743527,0.12043068411014496,0.12136297993431275,0.17814771709391813,0.20061421842533408,0.18062165241818037,0.2739670101333853,0.6567140532931979,0.5036530153371803
2024,대구광역시,22040,남구,136119,64467,71652,5727,7999,18047,15885,16540,22612,23976,15830,8816,1341,8610,89649,37860,0.13258251970702106,0.11669935864941705,0.12151132464975499,0.16611935144983433,0.17613999515130144,0.19091383274928556,0.2781389813325105,0.6586075419302229,0.5263923478720826
2024,대구광역시,22050,북구,422633,209441,213192,27361,39346,59662,49106,60139,77399,62849,32012,16112,2080,42162,302591,77880,0.14116739582569274,0.1161906429455343,0.1422960346210542,0.18313524973203701,0.1487082172949107,0.11878864168202673,0.18427335300366984,0.7159663348579027,0.5044376563117409
2024,대구광역시,22060,수성구,398685,192287,206398,28931,45033,41344,40269,63101,74093,58446,32554,16688,2412,47826,272581,78278,0.1037009167638612,0.10100455246623274,0.15827282190200284,0.18584346037598606,0.14659693743180707,0.12956093156251175,0.19634046929280008,0.6837001642901037,0.5176969286529466
2024,대구광역시,22070,달서구,532999,262668,270331,34155,49627,68620,63136,76389,97810,85570,41361,18457,2310,53507,379763,99729,0.12874320589719682,0.11845425601173735,0.14331921823493102,0.18350878707089507,0.16054439126527442,0.1165630704748039,0.1871091690603547,0.7125022748635551,0.5071885688340879
2024,대구광역시,22510,달성군,263117,134437,128680,26124,26104,25452,37842,45596,42086,36399,17157,7954,1355,37807,182795,42515,0.09673263225105182,0.1438219499310193,0.1732917295347697,0.15995165648741813,0.13833769767821918,0.10058643113139781,0.16158210985987223,0.6947289608805208,0.4890599999239882
2024,대구광역시,22520,군위군,21493,10840,10653,501,788,1011,1340,1620,3652,5773,3923,2578,367,822,10900,9771,0.047038570697436374,0.06234588005397106,0.07537337737868142,0.169915786535151,0.268599078769832,0.3195458986646815,0.45461312985623226,0.5071418601405109,0.49564974642906995
2024,인천광역시,23010,중구,164937,84863,80074,13890,14702,20094,27332,28286,25126,20058,11056,5019,833,20278,118358,26301,0.12182833445497372,0.16571175661009963,0.1714957832384486,0.1523369528971668,0.12161006929918697,0.10251186816784591,0.15946088506520673,0.7175952030169095,0.48548233567968374
2024,인천광역시,23020,동구,57944,28988,28956,2963,4219,5665,6552,8617,9811,10173,6601,3270,433,4619,37950,15375,0.09776680933314925,0.113074692806848,0.1487125500483225,0.1693186524920613,0.17556606378572415,0.1778268673201712,0.2653423995581941,0.6549427032997377,0.499723871324037
2024,인천광역시,23040,연수구,417391,207871,209520,39805,48664,51041,59929,72393,67997,52358,19518,8877,1575,59326,306193,51872,0.12228581833340921,0.14358000052708372,0.17344168896789822,0.16290959795491516,0.12544113313415958,0.07180317735648349,0.12427675728513551,0.7335879307411995,0.5019753660237044
2024,인천광역시,23050,남동구,492920,246405,246515,31161,43940,57094,64973,78262,86771,78026,37170,16942,2699,49544,351402,91974,0.11582812626795423,0.1318124644972815,0.1587722145581433,0.17603465065325002,0.1582934350401688,0.11525399659173903,0.1865901160431713,0.7128986448105169,0.5001115799724093
2024,인천광역시,23060,부평구,504885,248443,256442,32261,37955,57617,77037,74581,88451,83173,37427,17222,2651,47463,363161,94261,0.11411905681491825,0.15258326153480495,0.14771878744664627,0.1751903898907672,0.1647365241589669,0.11349119106331144,0.18669796092179408,0.7192944928052923,0.5079216059102568
2024,인천광역시,23070,계양구,278600,137693,140907,14826,21412,33559,37148,38455,54006,51076,18892,9401,1602,23100,204498,51002,0.12045585068198134,0.1333381191672649,0.1380294328786791,0.19384781048097632,0.18333094041636755,0.10730437903804738,0.18306532663316583,0.7340201005025125,0.5057681263460158
2024,인천광역시,23080,서구,634066,321792,312274,59996,61159,69795,102179,110730,105352,81725,32898,14190,2389,86787,462815,84464,0.11007529184659011,0.161148839395268,0.17463481719568624,0.16615305031337432,0.12889036787968444,0.07803130904353806,0.13321010746515347,0.7299161286049086,0.49249447218428366
2024,인천광역시,23090,미추홀구,421789,212463,209326,27238,32401,55567,59371,63305,68260,64272,34963,16725,2533,39845,297520,84424,0.1317412260632686,0.14075995343643385,0.15008689178712578,0.16183447173823878,0.15237950728918961,0.12855005701903086,0.20015695051317128,0.705376384874902,0.496281316013457
2024,인천광역시,23510,강화군,66309,33312,32997,2855,3941,4059,4963,6636,10643,15882,10261,6232,1171,4419,36218,25672,0.06121340994435145,0.0748465517501395,0.10007691263629372,0.1605061153086308,0.23951499796407727,0.2663891779396462,0.3871570978298572,0.5462003649579996,0.49762475682034113
2024,인천광역시,23520,옹진군,19192,11165,8027,654,823,2295,1824,2017,3099,4563,2542,1186,251,1004,11957,6231,0.11958107544810338,0.09503959983326386,0.10509587328053356,0.16147353063776573,0.23775531471446437,0.2073259691538141,0.3246665277198833,0.623020008336807,0.4182471863276365
2024,광주광역시,24010,동구,111289,54991,56298,7875,8215,17386,14666,14219,15972,16082,10828,5928,900,10855,74948,25486,0.15622388555921968,0.13178301539235684,0.12776644592008196,0.14351822731806377,0.1445066448615766,0.1586500013478421,0.22900735921789214,0.6734538004654548,0.5058720987698695
2024,광주광역시,24020,서구,278639,136908,141731,18305,26146,37381,33644,42304,50817,39787,21346,9824,1425,28871,199202,50566,0.13415566378001645,0.12074404516237856,0.151823685844408,0.18237576218691567,0.14279049235749483,0.11697931732456691,0.18147495504936495,0.7149106908939524,0.5086545673792973
2024,광주광역시,24030,남구,208707,99918,108789,15674,22214,23644,22847,32469,32921,31100,19408,9294,1361,24874,138899,44934,0.11328800663130609,0.10946925594254146,0.15557216576348662,0.1577378813360357,0.14901273076609792,0.14404404260518333,0.21529704322327473,0.6655215206006506,0.5212522819071713
2024,광주광역시,24040,북구,433088,214530,218558,31480,40523,58460,54943,63506,73115,63053,33542,15808,2383,47208,305807,80073,0.13498411408305008,0.12686336264223438,0.14663532584601743,0.1688225025860795,0.14558934904684498,0.11945147406531698,0.18488852150140386,0.7061082274272203,0.5046503251071376
2024,광주광역시,24050,광산구,412447,209452,202995,34388,48830,59604,53996,70929,73813,44140,19209,10126,1746,54034,309256,49157,0.14451311319999904,0.1309162146894025,0.1719711866009451,0.1789636001716584,0.10701981103026571,0.07535756109269798,0.11918379816073338,0.7498078541000419,0.4921723275960305
2024,대전광역시,25010,동구,229875,115562,114313,13353,20808,37030,25560,30369,36195,34979,20673,10826,1624,20246,159771,49858,0.16108754758020663,0.11119086460032626,0.13211092985318107,0.15745513866231647,0.1521653072321914,0.14409135399673736,0.21689178901576944,0.6950342577487765,0.49728330614464383
2024,대전광역시,25020,중구,220497,107836,112661,13408,18893,25093,24679,31079,38039,35305,22469,11427,1695,20988,146993,52516,0.1138020018412949,0.11192442527562733,0.14094976348884566,0.1725148187957206,0.16011555712776138,0.16141262692916458,0.23817104087583957,0.6666439906211876,0.5109411919436546
2024,대전광역시,25030,서구,462226,226531,235695,32662,46460,69830,62421,69162,76364,62499,30625,14002,2213,50718,336258,75250,0.151073284497194,0.13504432896461904,0.14962810400107307,0.16520922665535906,0.13521307758542359,0.10133571023698364,0.16279915019925317,0.7274753042883784,0.5099128997503386
2024,대전광역시,25040,유성구,384024,196773,187251,34647,40580,63784,59445,59573,59119,43523,17532,8043,1568,50014,288026,45984,0.16609378580505385,0.15479501281169927,0.15512832531300128,0.15394610753494573,0.11333406245442994,0.07068047830343936,0.11974251609274421,0.7500208320313314,0.4876023373539154
2024,대전광역시,25050,대덕구,170471,86416,84055,9431,14085,22376,19954,22523,32527,29122,13870,6727,971,14651,121170,34650,0.1312598623812848,0.11705216723078998,0.13212217913897378,0.19080664746496473,0.1708325756286993,0.12652005326419155,0.20326037859811932,0.7107953845522113,0.49307506848672206
2024,울산광역시,26010,중구,203766,102986,100780,14361,18037,19336,24662,30337,37952,35936,17487,6703,780,22185,140236,41345,0.09489316176398417,0.12103098652375764,0.14888156022103785,0.1862528586712209,0.17635915707232805,0.12254252426803294,0.20290431180864324,0.6882208022928261,0.49458692814306604
2024,울산광역시,26020,남구,305176,156194,148982,21181,27105,36905,41074,45231,58224,48352,21128,7620,973,32183,222031,50962,0.12093021731722023,0.13459118672503737,0.14821283456104017,0.19078826644297062,0.15843972003040868,0.0973897029910609,0.16699216190001834,0.7275506592916874,0.48818386766980365
2024,울산광역시,26030,동구,158268,85698,72570,12264,15948,16766,22122,28095,24746,25100,11322,3266,369,19194,112288,26786,0.10593423812773271,0.13977557055121692,0.1775153537038441,0.15635504334420097,0.15859175575605935,0.09450425859933784,0.16924457249728309,0.709480122324159,0.4585260444309652
2024,울산광역시,26040,북구,215421,112247,103174,21833,24250,21526,30664,38983,38733,27846,9750,3918,577,32423,157907,25091,0.09992526262527794,0.14234452537124978,0.18096193035962138,0.17980141211859568,0.12926316375840796,0.0661263293736451,0.11647425274230461,0.7330158155425887,0.4789412359983474
2024,울산광역시,26510,울주군,224263,118438,105825,14760,20630,24530,26349,33159,44293,36823,16606,7735,1257,23130,159159,41974,0.10938050414022821,0.11749151665678244,0.1478576492778568,0.1975047154457044,0.16419560961906332,0.11414276987287247,0.18716417777341782,0.7096979885224045,0.4718789992107481
2024,세종특별자치시,29010,세종시,390156,195777,194379,46387,51441,41876,59378,75944,56095,38025,17121,7925,1392,68620,278079,43457,0.10733142640379746,0.1521904058889265,0.19465034499020906,0.1437758230041317,0.0974610155937625,0.06776263853432986,0.11138365166753811,0.7127379817303847,0.49820840894411467
2024,경기도,31011,수원시 장안구,280812,141278,139534,17284,26242,42491,36470,40662,50962,39618,18207,9498,1471,26986,207750,46076,0.15131475862854865,0.12987336723501844,0.14480150420922183,0.18148084839679215,0.14108371437118072,0.10389869378801475,0.16408130706664958,0.7398188111619162,0.49689471959887754
2024,경기도,31012,수원시 권선구,370600,186916,183684,26831,31091,47460,59021,59265,64487,52914,21898,9411,1396,39763,275683,55154,0.1280626011872639,0.15925796006475984,0.15991635186184566,0.1740070156502968,0.142779276848354,0.08824878575283324,0.14882352941176472,0.7438828926065839,0.49563950350782515
2024,경기도,31013,수원시 팔달구,208817,105434,103383,12890,13405,29428,34853,30224,36302,30939,14516,6577,849,17971,155422,35424,0.14092722335825147,0.16690690892025076,0.1447391735347218,0.17384599912842344,0.14816322425856132,0.10507765172375812,0.16964136061719112,0.7442976386022211,0.4950890013744092
2024,경기도,31014,수원시 영통구,364750,182691,182059,32014,40291,56691,61778,63666,57372,35860,13492,6375,984,48332,281271,35147,0.15542426319396846,0.16937080191912268,0.17454694996572995,0.15729129540781356,0.0983139136394791,0.05716518163125428,0.09635915010281014,0.7711336531871145,0.49913365318711445
2024,경기도,31021,성남시 수정구,246990,124373,122617,15127,17070,34027,37393,35517,41132,39088,19893,8191,1056,21409,178562,47019,0.1377667112028827,0.1513947933114701,0.14379934410300013,0.16653305801854326,0.15825741932871776,0.11798048503988015,0.19036803109437628,0.722952346248836,0.49644520021053484
2024,경기도,31022,성남시 중원구,205957,103516,102441,12353,13871,25550,31713,29804,34830,33950,17020,7160,933,17746,147493,40718,0.12405502119374433,0.1539787431357031,0.1447098180688202,0.16911297018309648,0.16484023364100273,0.12193321907000004,0.19770146195565094,0.7161349213670815,0.49739023194161885
2024,경기도,31023,성남시 분당구,447920,217422,230498,35391,47059,49741,63420,75635,77592,57518,28628,14884,2685,55162,320546,72212,0.11104884800857295,0.1415877835327737,0.1688582782639757,0.17322736202893374,0.12841132345061618,0.10313672084300768,0.16121628862296838,0.7156322557599571,0.5145963564922308
2024,경기도,31030,의정부시,456516,223735,232781,31834,39083,55851,59728,68162,81289,68622,34938,18042,2579,47489,322604,86423,0.12234182372578398,0.13083440668016016,0.14930911512411393,0.17806385756468557,0.15031674683910312,0.12170219663713867,0.1893099037054561,0.7066652647442806,0.5099076483628175
2024,경기도,31041,안양시 만안구,229980,114139,115841,13652,15868,28443,32942,31111,40205,39849,19225,8707,1337,19526,163144,47310,0.12367597182363683,0.14323854248195494,0.1352769806070093,0.17481954952604575,0.17327158883381164,0.1272675884859553,0.20571354030785285,0.7093834246456213,0.5037003217671102
2024,경기도,31042,안양시 동안구,315820,154552,161268,25321,30897,35945,48105,50241,54652,44962,18906,8324,1413,38074,229131,48615,0.1138148312329808,0.152317775948325,0.15908112215819137,0.17304793869925908,0.14236590462921916,0.09069406624026344,0.15393261984674814,0.7255113672345007,0.5106326388449116
2024,경기도,31051,부천시 원미구,401522,196424,205098,25356,32511,49760,58814,59797,70707,66787,27120,11619,2082,37846,293370,70306,0.12392845223922973,0.1464776525321153,0.14892583718949398,0.17609744920577203,0.1663345968589517,0.10166566215549833,0.17509874925906924,0.7306448961700729,0.510801400670449
2024,경기도,31052,부천시 소사구,240865,118258,122607,17320,19551,24229,33793,37835,40483,41346,19173,7847,1204,25355,168080,47430,0.10059161771116601,0.14029850746268657,0.15707969194361987,0.16807340211321695,0.171656322006103,0.11717767213999543,0.19691528449546428,0.6978182799493492,0.5090278786872314
2024,경기도,31053,부천시 오정구,151695,76580,75115,7120,10888,18532,19041,20161,30461,28276,11704,5583,842,11350,109943,30402,0.12216618873397278,0.12552160585385147,0.13290484195260227,0.20080424536075678,0.18640034279310458,0.11950954217344012,0.20041530703055474,0.7247635057187118,0.4951712317479152
2024,경기도,31060,광명시,272371,133393,138978,19493,26298,29901,36168,44012,48129,40831,19988,8633,1269,30080,193396,48895,0.10978040980868008,0.1327894673074593,0.1615884216748479,0.1767038341086239,0.14990949844146403,0.10974002371764982,0.17951617462945763,0.7100462237169155,0.5102525599274519
2024,경기도,31070,평택시,615755,325497,290258,54131,55787,77693,103362,104397,101656,72677,32449,16821,2503,77960,455146,82649,0.12617518331154437,0.16786221792758482,0.16954308125796785,0.16509163547190034,0.11802908624371707,0.08408051903760425,0.1342238390268857,0.7391673636430074,0.4713855348312235
2024,경기도,31080,동두천시,89466,44744,44722,4694,7697,9744,9505,12002,15954,15027,8945,5656,863,7625,59290,22551,0.10891288310643149,0.10624147720921914,0.13415152124829544,0.17832472671182348,0.1679632486084099,0.17284778575101156,0.25206223593320365,0.6627098562582433,0.49987704826414503
2024,경기도,31091,안산시 상록구,348328,177856,170472,20222,30047,51754,45659,50432,69222,52236,19502,10155,1645,31505,264351,52472,0.1485783514388737,0.1310804758733148,0.14478307801841941,0.19872648767828024,0.14996210468294252,0.08986357685859304,0.1506396270182127,0.7589140120805677,0.48940079465331526
2024,경기도,31092,안산시 단원구,353223,185720,167503,22542,27499,46683,56362,55173,68625,51525,17697,8095,1409,33145,272083,47995,0.1321629678701557,0.15956492074411915,0.15619877527794057,0.1942823655311234,0.14587102198894183,0.07700800910472988,0.13587733528111137,0.7702867593559876,0.4742131741138035
2024,경기도,31101,고양시 덕양구,482446,236705,245741,37304,38989,52582,71842,75249,84204,70895,33638,18812,2911,53592,342252,86602,0.1089904362353507,0.148912002586818,0.15597393283393374,0.1745355956936113,0.14694908860266226,0.11475066639582461,0.179506100164578,0.7094099650530836,0.5093647786488021
2024,경기도,31103,고양시 일산동구,288578,139911,148667,18907,25140,34385,38816,43587,55408,42856,17671,11631,2411,29138,209519,49921,0.11915322720373694,0.1345078280395595,0.15104061986707235,0.19200354843404557,0.14850750923493822,0.10989403211610033,0.17298962498873788,0.7260394070234044,0.5151709416518238
2024,경기도,31104,고양시 일산서구,273944,132397,141547,17939,27284,31359,32241,41297,55256,41168,17109,10889,1683,29091,197763,47090,0.11447230090821482,0.1176919370382268,0.1507497882778962,0.2017054580498204,0.15027888911602372,0.10834696142277253,0.17189644598896126,0.7219103174371404,0.5167004935315247
2024,경기도,31110,과천시,81213,39761,41452,9455,7639,8245,12645,12704,12966,10977,4732,2326,407,12758,56198,12257,0.10152315515988819,0.15570167337741495,0.1564281580535136,0.15965424254737542,0.13516308965313434,0.09191878147587208,0.15092411313459667,0.6919828106337655,0.5104108948074816
2024,경기도,31120,구리시,182102,89902,92200,12416,15683,21038,24033,28322,33473,28583,13071,6201,817,18869,130692,32541,0.11552865976211134,0.13197548626593886,0.15552822044788087,0.18381456546331176,0.15696148312484212,0.11031729470296867,0.1786965546781474,0.7176856926337987,0.5063096506353582
2024,경기도,31130,남양주시,718385,355844,362541,57218,75394,76401,85015,122173,126781,99448,53109,25976,4057,88912,500852,128621,0.10635105131649464,0.11834183620203652,0.1700661901348163,0.17648057796306993,0.13843273453649504,0.11573459913556101,0.17904187865837956,0.6971916173082678,0.5046611496620893
2024,경기도,31140,오산시,254071,132356,121715,21684,26252,29610,41355,48373,41575,28610,12381,5967,854,32883,189735,31453,0.1165422263855379,0.16276946207949747,0.19039166217317208,0.16363536176895435,0.11260631870618842,0.07557729925886858,0.12379610423857898,0.7467794435413723,0.4790590031920211
2024,경기도,31150,시흥시,571982,302144,269838,49424,52558,66790,91138,103061,102014,71799,26082,12308,2101,71234,431090,69658,0.11676940882755052,0.1593371819392918,0.180182243497173,0.1783517663143246,0.12552667741292559,0.07079068921749286,0.12178355262927855,0.7536775632799634,0.47175960082659946
2024,경기도,31160,군포시,258110,127967,130143,15822,22216,30679,35739,37803,47492,41611,17713,9202,1788,24647,186457,47006,0.11886017589399868,0.13846422068110495,0.14646081128201155,0.18399907016388362,0.16121421099531208,0.11120452520243307,0.18211615202820503,0.7223935531362597,0.5042152570609431
2024,경기도,31170,의왕시,151306,74874,76432,11895,12469,17449,22003,21028,26432,24748,10626,4948,928,16774,106858,27674,0.11532259130503747,0.14542053851136108,0.13897664335849205,0.17469234531347072,0.1635625817879,0.10906375160271238,0.18290087636974078,0.7062376905079772,0.5051485069990616
2024,경기도,31180,하남시,320872,159390,161482,32031,30685,32145,49931,59121,48181,41883,21347,7898,1273,45839,224929,50104,0.10018013413448353,0.15561033683213243,0.1842510409135107,0.1501564486773542,0.1305286843351866,0.09510957640429829,0.15614949263257624,0.7009929192949214,0.5032598668627989
2024,경기도,31191,용인시 처인구,286273,148694,137579,20048,27217,40022,38963,44467,47938,39656,19355,9359,1554,30079,208297,47897,0.13980361403275893,0.1361043479475885,0.15533075071697297,0.16745554069018034,0.1385251141393006,0.10573124255518333,0.16731232075676017,0.7276166456494325,0.48058671268334774
2024,경기도,31192,용인시 기흥구,429488,211645,217843,33623,47339,53878,51249,72575,76788,49993,29615,16058,2651,52825,306047,70616,0.12544704392206535,0.11932580188503521,0.16898027418693887,0.17878962858100808,0.11640138956152442,0.11251536713482099,0.16441902916961593,0.7125856834183959,0.5072155683045859
2024,경기도,31193,용인시 수지구,361720,176256,185464,32499,42656,41190,46289,64710,60918,38557,24749,12771,1646,50120,255221,56379,0.1138726086475727,0.12796914740683402,0.17889527811566958,0.16841203140550703,0.1065934977330532,0.10827712042463784,0.15586365144310516,0.7055761362379741,0.5127280769656087
2024,경기도,31200,파주시,510689,262068,248621,44547,50937,55628,76631,85644,84599,64253,32234,18541,2925,66327,362032,82330,0.10892735108843152,0.15005414254076355,0.1677028485046672,0.1656565933474189,0.12581629915662956,0.10515205927678098,0.16121357616866624,0.7089089445827108,0.48683445306243134
2024,경기도,31210,이천시,230189,121327,108862,16530,22112,30345,34901,34907,37089,32229,15087,7722,1230,25147,166648,38394,0.13182645565166015,0.15161888708843602,0.15164495262588568,0.16112411974507904,0.1400110344108537,0.10443157579206652,0.16679337414038028,0.7239616141518491,0.4729244229741647
2024,경기도,31220,안성시,215739,113407,102332,13392,19205,29759,29282,32553,35293,31334,16122,8723,1627,20583,154382,40774,0.1379398254372181,0.13572882047288623,0.15089065954695258,0.16359119120789473,0.14524031352699326,0.12270382267462072,0.18899688976031223,0.7155961601750263,0.4743324109224572
2024,경기도,31230,김포시,499536,257239,242297,48265,52072,51098,74769,95187,75553,60609,31598,14165,2149,71785,352017,75734,0.1022909259793088,0.14967690016335158,0.19055083117132698,0.15124635661894237,0.12133059479196695,0.09591300727074725,0.15160869286698056,0.7046879504179879,0.48504412094423627
2024,경기도,31240,화성시,1004079,532995,471084,105034,109692,121822,179937,191432,147508,97200,41407,18795,3080,153364,746232,104483,0.12132710673164164,0.17920601864992694,0.19065432102454088,0.1469087591713401,0.09680513186711404,0.06302492134583036,0.10405854519415304,0.7432004852207844,0.4691702545317649
2024,경기도,31250,광주시,402335,207712,194623,32662,35022,42841,56837,68890,69080,59246,27901,11772,1766,47237,286641,68457,0.10648091764325748,0.14126784893186026,0.17122547131122076,0.1716977145910746,0.14725539662221782,0.10299625933612537,0.1701492537313433,0.712443610424149,0.4837337044999814
2024,경기도,31260,양주시,293000,149367,143633,25803,27760,32506,41814,46882,48203,39083,20418,11182,1987,37455,203978,51567,0.1109419795221843,0.1427098976109215,0.16000682593856655,0.16451535836177475,0.1333890784982935,0.11463139931740614,0.17599658703071672,0.6961706484641639,0.49021501706484644
2024,경기도,31270,포천시,157166,86341,70825,7093,10120,21493,20801,18769,27590,29102,13532,8004,1428,10935,109688,36543,0.1367534963032717,0.132350508379675,0.11942150337859334,0.17554687400582825,0.1851672753649008,0.14611302699057047,0.2325121209421885,0.6979117620859473,0.4506381787409491
2024,경기도,31280,여주시,117477,60416,57061,6578,9009,12414,13369,15494,20165,21857,11865,6376,1113,10157,77565,29755,0.10567174851247478,0.11380099934455255,0.13188964648399262,0.1716506209726159,0.18605344024787832,0.16474714199375196,0.2532836214748419,0.6602569013509028,0.4857206091405126
2024,경기도,31550,연천군,40386,21430,18956,2160,2518,4216,4308,4189,6214,8458,5009,3107,441,3225,24315,12846,0.10439261130094588,0.10667062843559649,0.10372406279403754,0.15386520081216262,0.20942901005298867,0.21188035457831922,0.31808052295349876,0.6020650720546724,0.4693705739612737
2024,경기도,31570,가평군,60384,30865,29519,2916,4066,5158,5571,6913,10503,13499,7539,3964,564,4468,37174,18742,0.08541997880233175,0.09225953895071543,0.11448396926338103,0.17393680445151033,0.22355259671436142,0.19983770535241124,0.3103802331743508,0.6156266560678325,0.48885466348701645
2024,경기도,31580,양평군,121622,60847,60775,6661,9405,9012,10646,15118,20758,26425,15368,7686,1358,10436,73698,37488,0.07409843613819868,0.08753350545131637,0.12430316883458585,0.17067635789577543,0.2172715462663005,0.200720264425844,0.30823370771735376,0.6059594481261614,0.499704000920886
2024,강원도,32010,춘천시,291783,143692,148091,20266,27758,41679,35170,39122,45996,44825,22824,14228,2263,30660,200580,60543,0.1428424548380132,0.12053478098449875,0.13407909302461077,0.15763769650733594,0.15362444008047077,0.13474054348608383,0.20749323983919557,0.6874286713071015,0.5075381362176686
2024,강원도,32020,원주시,365720,181358,184362,27501,35095,44684,46764,54053,62310,55817,25461,14673,2416,41312,256367,68041,0.12218090342338402,0.12786831455758504,0.14779886251777316,0.1703762441211856,0.1526222246527398,0.11634583834627583,0.18604670239527507,0.7009925626162091,0.5041069670786394
2024,강원도,32030,강릉시,212352,106007,106345,12187,17403,26288,21006,28381,36038,37114,21478,11900,1950,18735,140310,53307,0.12379445449065703,0.09892066003616637,0.13365073086196505,0.16970878541289933,0.17477584388185655,0.16636528028933092,0.25103130650994576,0.660742540687161,0.5007958484026522
2024,강원도,32040,동해시,85673,43555,42118,5782,7469,7160,8367,12551,15756,15133,8761,4748,651,9034,55147,21492,0.08357358794486011,0.09766204054953136,0.1464988969687066,0.1839085826339687,0.17663674669966034,0.1652796096786619,0.2508608313004097,0.6436917115077095,0.4916134604834662
2024,강원도,32050,태백시,37590,19009,18581,1951,3027,2389,2885,5327,6837,7660,5008,2500,270,3239,22695,11656,0.06355413673849428,0.07674913540835329,0.14171322160148975,0.18188347964884277,0.2037776004256451,0.20691673317371642,0.3100824687416866,0.6037509976057462,0.4943069965416334
2024,강원도,32060,속초시,79758,39710,40048,5323,6104,7136,9159,11142,14548,14852,7659,3833,621,8061,52573,19124,0.08947064871235487,0.1148348754983826,0.13969758519521552,0.18240176534015395,0.18621329521803456,0.15187191253541965,0.23977532034404073,0.6591564482559743,0.5021189097018481
2024,강원도,32070,삼척시,62953,32798,30155,3329,4812,7763,5208,7438,10498,11983,7257,4293,724,5016,39827,18110,0.12331421854399313,0.08272838466792687,0.11815163693549156,0.1667593283878449,0.1903483551220752,0.19497085126999508,0.28767493209219575,0.6326465776055152,0.47900814893650817
2024,강원도,32510,홍천군,65719,34252,31467,3338,4031,5172,6288,7075,10789,15737,8080,4735,814,5009,39197,21513,0.07869870204963557,0.09568009251510218,0.10765532037919019,0.16416865746587744,0.2394589083826595,0.20738294861455592,0.32734825545123936,0.596433299350264,0.47881130266741734
2024,강원도,32520,횡성군,45947,23881,22066,1953,3120,3356,3637,4567,7586,11530,6208,3608,595,2979,26810,16158,0.07304067730210895,0.0791564193527325,0.09939713147757198,0.16510327116024986,0.250941301934838,0.22658715476527302,0.35166605001414675,0.5834983785666094,0.48024898252334214
2024,강원도,32530,영월군,35449,18357,17092,1492,2340,2268,2417,3763,6430,8592,4990,2940,420,2357,20482,12610,0.0639792377782166,0.06818245930773788,0.10615250077576237,0.18138734520014668,0.2423763716889052,0.2355496628959914,0.35572230528364696,0.5777878078366103,0.4821574656548845
2024,강원도,32540,평창군,39016,20253,18763,1482,2267,2676,2941,4283,7215,9725,5339,2885,374,2405,23169,13442,0.06858724625794546,0.0753793315562846,0.10977547672749641,0.18492413368874308,0.24925671519376666,0.22037112979290546,0.34452532294443305,0.5938332991593193,0.4809052696329711
2024,강원도,32550,정선군,32503,16848,15655,1343,1970,1878,2436,3885,6016,7852,4481,2476,315,2195,19142,11166,0.05777928191243885,0.07494692797587915,0.11952742823739347,0.1850906070208904,0.241577700519952,0.2237331938590284,0.34353751961357415,0.5889302525920684,0.48164784789096393
2024,강원도,32560,철원군,40069,20866,19203,2718,2897,4052,4667,4697,6406,7470,4413,2704,327,3887,25181,11001,0.10112555841173974,0.11647408220819087,0.11722279068606653,0.15987421697571688,0.18642841099104046,0.18577953031021488,0.2745513988370062,0.6284409393795702,0.47924829668821284
2024,강원도,32570,화천군,22278,11914,10364,1538,1511,2589,2670,2324,3419,4317,2259,1596,209,2173,14006,6099,0.11621330460544034,0.11984917856180986,0.10431816141484873,0.15346979082502918,0.19377861567465662,0.18242212047760123,0.2737678427147859,0.6286919831223629,0.46521231708411886
2024,강원도,32580,양구군,20443,10847,9596,1472,1695,1990,2567,2438,3042,3905,1956,1321,197,2134,13025,5284,0.09734383407523357,0.1255686543070978,0.11925842586704495,0.14880399158636207,0.19101893068532017,0.16993591938560876,0.25847478354448955,0.6371374064471946,0.4694027295406741
2024,강원도,32590,인제군,31167,17225,13942,2339,1926,3504,4283,3941,4589,6026,2809,1701,247,3226,20321,7620,0.11242660506304746,0.13742099014983797,0.12644784547758847,0.14723906696185068,0.1933455257163025,0.1526293836429557,0.24448936375012031,0.6520037218853274,0.4473321140950364
2024,강원도,32600,고성군,27774,14670,13104,1349,1557,3357,2760,2873,4446,5669,3469,2148,299,1946,17120,8708,0.12086843810758263,0.09937351479801253,0.1034420681212645,0.16007777057679845,0.2041117591992511,0.2130049686757399,0.3135306401670627,0.6164038309210053,0.47180816591056385
2024,강원도,32610,양양군,26687,13643,13044,1188,1488,1840,2175,3135,4627,5973,3780,2281,328,1822,15485,9380,0.06894742758646533,0.08150035597856635,0.1174729268932439,0.1733802975231386,0.22381683965975943,0.23940495372278636,0.35148199497882865,0.5802450631393562,0.4887773073031813
2024,충청북도,33020,충주시,215904,110806,105098,13136,18495,26740,24615,28701,36634,36745,19069,11457,1823,20158,145973,49773,0.12385134133689046,0.11400900400177857,0.13293408181413963,0.1696772639691715,0.17019138135467615,0.14983048021342818,0.2305330146731881,0.676101415443901,0.486781161997925
2024,충청북도,33030,제천시,130733,66079,64654,7508,10893,15453,12024,15718,22742,24811,13812,7614,1081,11591,84438,34704,0.11820274911460764,0.09197371742406278,0.12022978130999824,0.173957608254993,0.18978375773523135,0.1721600514024768,0.2654570766371153,0.6458813000543092,0.4945499606067328
2024,충청북도,33041,청주시 상당구,195499,97260,98239,16081,19276,21151,24487,29576,34305,29412,14367,7610,1128,24285,134763,36451,0.10818981171259189,0.12525383761553768,0.15128466130261536,0.17547404334549027,0.15044578233136743,0.11818474774807032,0.18645108159121018,0.6893283341602771,0.5025038491245479
2024,충청북도,33042,청주시 서원구,190979,95333,95646,11174,18938,29859,21648,25912,33409,28700,14224,7391,1160,17891,137088,36000,0.15634703291984983,0.11335277700689604,0.13567983914461798,0.17493546410861927,0.1502783028500516,0.11925394938710539,0.18850240078752115,0.7178171421988805,0.5008194618256457
2024,충청북도,33043,청주시 흥덕구,291048,148337,142711,25597,27086,40106,49454,46024,46527,35670,15010,7092,1145,36925,215273,38850,0.13779857617987412,0.1699169896374481,0.1581319919738325,0.15986022924053764,0.12255710398284819,0.07987342294054589,0.13348313680217697,0.7396477556966549,0.49033492757208436
2024,충청북도,33044,청주시 청원구,195842,101466,94376,16352,20220,27287,28981,31969,29318,24142,11755,6708,1094,24611,140479,30752,0.13933170617130136,0.14798153613627313,0.16323873326457042,0.14970231104666007,0.12327284239335791,0.09986111252948805,0.15702454019056178,0.7173078297811502,0.4818986734204103
2024,충청북도,33520,보은군,29858,15033,14825,1166,1681,1791,1993,2678,5024,7416,4513,3144,595,1874,15998,11986,0.059983923906490724,0.06674927992497823,0.08969120503717597,0.1682631120637685,0.24837564471833345,0.276374840913658,0.4014334516712439,0.5358027999196195,0.49651684640632326
2024,충청북도,33530,옥천군,47416,24179,23237,2025,3381,3615,3450,5352,8157,10481,6598,3952,682,3388,27600,16428,0.0762400877340982,0.07276024970474101,0.1128732917158765,0.17203053821494854,0.22104352961025814,0.23688206512569596,0.3464653281592711,0.5820819976379281,0.490066644170744
2024,충청북도,33540,영동군,43730,22022,21708,1668,2790,3689,2937,4241,7537,9977,6348,4160,602,2754,24892,16084,0.08435856391493254,0.06716213126000457,0.09698147724674137,0.1723530756917448,0.22815001143379832,0.2540589983992682,0.36780242396524127,0.5692202149554082,0.4964097873313515
2024,충청북도,33550,진천군,96544,52962,43582,7631,8557,10606,14694,16156,15667,13302,6352,3800,638,11326,68490,16728,0.1098566456745111,0.15220003314550878,0.16734338747099767,0.16227833941000994,0.13778173682466024,0.1117625124295658,0.173268147166059,0.709417467683129,0.45142111368909515
2024,충청북도,33560,괴산군,37346,19734,17612,1189,1817,3506,2602,3303,6227,9382,5571,3372,538,1828,21328,14190,0.09387886252878487,0.06967278958924651,0.08844320676913191,0.16673807101162105,0.2512183366357843,0.25386922294221603,0.3799603705885503,0.571091950945215,0.4715899962512719
2024,충청북도,33570,음성군,106652,60360,46292,5049,7411,13820,14797,14382,18727,18216,8952,5071,824,7916,75498,23238,0.12958031729362787,0.13874095188088362,0.13484979184637888,0.17558976859318157,0.17079848479165885,0.13920976634287213,0.21788620935378614,0.7078910850241908,0.4340471814874545
2024,충청북도,33580,단양군,26597,13604,12993,950,1471,1568,1790,2595,4835,6941,4003,2268,298,1532,15071,9994,0.05895401737038012,0.06730082340113547,0.09756739481896455,0.18178741963379327,0.2609692822498778,0.24698274241455803,0.37575666428544574,0.5666428544572696,0.48851374215137044
2024,충청북도,33590,증평군,38180,19957,18223,2837,3386,4398,4950,5489,6354,6005,3121,1720,255,4259,26001,7920,0.11519119958093242,0.12964903090623364,0.14376636982713462,0.16642221058145626,0.1572812991094814,0.13347302252488213,0.2074384494499738,0.6810110005238345,0.4772917757988476
2024,충청남도,34011,천안시 동남구,279621,142112,137509,18151,27751,41329,35796,42144,47054,39793,18582,9621,1642,28243,204248,47130,0.14780363420487017,0.1280161361271149,0.15071829369038806,0.16827777598964314,0.14231048454872847,0.10673375747887319,0.1685495724570043,0.7304458534945516,0.4917692161890559
2024,충청남도,34012,천안시 서북구,415144,215822,199322,35964,42865,60807,69212,72206,66026,44471,17734,8634,1388,53545,315657,45942,0.1464720675235581,0.16671805445821208,0.17393000982791512,0.15904360896460024,0.10712186614764997,0.06685872853756769,0.11066521496155551,0.7603554429306457,0.4801273774882932
2024,충청남도,34020,공주시,104393,51861,52532,4628,8699,12876,9286,11645,16589,20289,11974,7520,1464,7421,66130,30842,0.12334160336421024,0.08895232438956635,0.11154962497485464,0.1589091222591553,0.19435211173162953,0.2007605873957066,0.2954412652189323,0.6334715929228971,0.5032138170183824
2024,충청남도,34030,보령시,96182,50507,45675,4947,6990,8816,9658,12403,16103,18395,11733,6668,1067,7846,59994,28342,0.09165956208022291,0.10041379883969974,0.1289534424320559,0.16742217878605145,0.191252001413986,0.2024079349566447,0.2946705204716059,0.6237549645463808,0.474880954856418
2024,충청남도,34040,아산시,392509,207898,184611,36098,42657,51292,61829,69429,58154,42744,21084,11367,1869,53482,285979,53048,0.13067725835585936,0.1575225026687286,0.17688511601007875,0.14815966003327313,0.10889941377140397,0.08743748550988639,0.13515104112262394,0.7285922106244698,0.47033571204736707
2024,충청남도,34050,서산시,178586,94138,84448,13482,16484,17621,21898,27402,30602,26817,15152,9012,1727,20479,120161,37946,0.0986695485648371,0.1226187943063846,0.15343867940376066,0.1713572172510723,0.150162946703549,0.1449777698139832,0.21248026161065256,0.6728466957096301,0.4728702137905547
2024,충청남도,34060,논산시,114692,57454,57238,5983,9032,12219,11628,13558,18254,21319,13208,8575,1661,9262,71492,33938,0.10653750915495414,0.10138457782582917,0.11821225543193946,0.15915669793882747,0.18588044501796114,0.20440832839256443,0.2959055557493112,0.6233390297492415,0.4990583475743731
2024,충청남도,34070,계룡시,45026,22445,22581,4056,5698,3977,5251,8111,8238,5946,2768,1269,249,6419,31627,6980,0.08832674454759472,0.11662150757340203,0.18014036334562253,0.1829609558921512,0.13205703371385422,0.09518944609781016,0.15502154310842625,0.70241638164616,0.50151023852885
2024,충청남도,34080,당진시,177715,96629,81086,14344,16342,16092,23805,29335,29349,25895,14107,8673,1459,21492,120200,36023,0.09054947528345947,0.1339504262442675,0.1650676645190333,0.1651464423374504,0.14571082913653885,0.13639253861519848,0.20270095377430156,0.6763638409813465,0.45626987029794897
2024,충청남도,34510,금산군,53212,26383,26829,2005,4362,5698,4346,5885,8627,10611,6896,4346,704,3536,32565,17111,0.10708110952416748,0.08167330677290836,0.11059535443133128,0.1621250845673908,0.1994099075396527,0.22449823348116965,0.32156280538224463,0.6119860181913854,0.5041907840336766
2024,충청남도,34530,부여군,59930,29822,30108,2194,3711,4516,4483,5910,9231,13362,9247,6332,1242,3663,32592,23675,0.07535458034373435,0.07480393792758218,0.09861505089270815,0.15402970131820456,0.22296012014016353,0.2806774570332054,0.3950442182546304,0.5438344735524779,0.5023861171366595
2024,충청남도,34540,서천군,48575,24768,23807,1810,2729,3344,3834,4783,7496,10465,7922,5365,1055,2926,25952,19697,0.06884199691199176,0.07892949047864127,0.09846628924343798,0.15431806484817293,0.21544004117344312,0.2952547606793618,0.40549665465774576,0.5342665980442615,0.4901080802882141
2024,충청남도,34550,청양군,29818,15322,14496,984,1812,2658,2227,2716,4558,6775,4423,3204,588,1642,16625,11551,0.08914078744382588,0.07468643101482327,0.09108592125561742,0.1528606881749279,0.22721175129116641,0.27550472868737,0.3873834596552418,0.5575491313971427,0.48614930578844995
2024,충청남도,34560,홍성군,102178,51671,50507,6899,9557,10576,11150,13699,16026,16688,10407,6784,1202,10667,65250,26261,0.10350564700816223,0.10912329464268238,0.13406995635068214,0.1568439390083971,0.1633228287889761,0.1800093953688661,0.25701227270058136,0.638591477617491,0.49430405762492907
2024,충청남도,34570,예산군,79848,40957,38891,3796,5321,6492,7923,9077,12906,16103,10590,6830,1225,5891,47477,26480,0.08130447850916742,0.09922602945596634,0.11367848912934575,0.16163210099188458,0.20167067428113417,0.23350616170724375,0.33163009718465086,0.5945922252279331,0.48706291954713954
2024,충청남도,34580,태안군,60814,31964,28850,2404,3918,5085,5144,6828,9895,12936,8979,5040,896,3840,35662,21312,0.08361561482553359,0.08458578616765876,0.11227677837340086,0.16270924458183972,0.2127141776564607,0.24525602657282863,0.35044562107409477,0.5864110237774197,0.4743973427171375
2024,전라북도,35011,전주시 완산구,327406,159037,168369,20625,32098,44843,37042,45722,57942,48506,27320,13539,2495,33009,229096,65301,0.13696450278858666,0.11313781665577295,0.13964924283611174,0.17697293268907718,0.14815244680916048,0.1324166325601852,0.19944961301869849,0.699730609701716,0.5142514187278181
2024,전라북도,35012,전주시 덕진구,322228,160618,161610,26298,35684,44914,40464,50266,51926,40041,22536,11631,1771,40704,227784,53740,0.1393857765309036,0.12557567933264646,0.15599513388035802,0.16114676564420224,0.12426294425065482,0.11152972429459886,0.16677631987288505,0.7069031865635512,0.5015392827438956
2024,전라북도,35020,군산시,265473,136654,128819,17617,25292,29791,29049,40132,45734,41228,24860,12056,2013,27898,179131,58444,0.11221856836665123,0.10942355719790713,0.1511716822426386,0.17227363988051517,0.15530016235172692,0.1466401479623163,0.22015044844485127,0.674761651844067,0.48524332041299867
2024,전라북도,35030,익산시,272392,136223,136169,15661,25090,35467,27844,35387,47418,44932,26053,14024,2481,25274,183717,63401,0.13020573291432935,0.10222032952509619,0.12991203853270286,0.17408000234955506,0.1649534494405122,0.15623806866574644,0.23275646861875532,0.6744581338658991,0.49990087814620104
2024,전라북도,35040,정읍시,101887,51275,50612,5361,7758,9028,9052,12436,17749,18520,12524,8568,1590,8544,61776,31567,0.08860796765043627,0.0888435227261574,0.12205678840283844,0.17420279329060626,0.18177000009814795,0.22261917614612267,0.3098236281370538,0.6063187649062196,0.4967463955166017
2024,전라북도,35050,남원시,73781,36127,37654,4058,5800,5460,5924,8596,13362,13816,9647,6450,1180,6423,43442,23916,0.0740027920467329,0.08029167400821349,0.11650695978639487,0.18110353614074085,0.1872568818530516,0.23416597769073338,0.32414849351459046,0.588796573643621,0.5103481926241173
2024,전라북도,35060,김제시,79692,40450,39242,3931,5252,6932,7668,8836,12570,15335,10812,7329,1446,6068,46487,27137,0.0869848918335592,0.09622044872760127,0.1108768759724941,0.15773226923656075,0.1924283491442052,0.24578376750489384,0.34052351553480903,0.5833333333333334,0.4924208201576068
2024,전라북도,35510,완주군,102877,53383,49494,6890,9016,12232,12419,13691,16424,16425,9741,5798,1032,10441,68201,24235,0.11889926805797214,0.12071697269554905,0.13308125236933424,0.15964695704579254,0.15965667739144804,0.1610758478571498,0.23557257696083672,0.6629372940501764,0.4810987878728968
2024,전라북도,35520,진안군,22855,11624,11231,953,1361,1433,1649,2062,3847,5196,3645,2427,388,1489,12424,8942,0.06269962809013345,0.07215051411069788,0.09022095821483264,0.16832203019033035,0.22734631371691097,0.2826514985779917,0.39124917961058847,0.5436009625902428,0.4914023189674032
2024,전라북도,35530,무주군,22904,11644,11260,895,1515,1447,1860,2608,3921,4798,3205,2388,392,1497,13080,8327,0.06317673768774014,0.08120852252881593,0.11386657352427523,0.17119280475026197,0.2094830597275585,0.2613080684596577,0.3635609500523926,0.5710792874607056,0.491617184771219
2024,전라북도,35540,장수군,19838,9988,9850,855,1395,1216,1371,2021,3356,4186,3079,2132,340,1426,10752,7660,0.06129650166347414,0.06910978929327553,0.10187518903115234,0.16917027926202238,0.21100917431192662,0.2798165137614679,0.38612763383405585,0.5419901199717714,0.49652182679705614
2024,전라북도,35550,임실군,24275,12240,12035,1097,1348,1786,1752,2140,3912,5128,3816,2900,502,1611,12995,9669,0.07357363542739444,0.072173017507724,0.08815653964984552,0.1611534500514933,0.21124613800205974,0.29734294541709577,0.39831101956745624,0.5353244078269825,0.49577754891864056
2024,전라북도,35560,순창군,25494,12486,13008,1212,1853,1666,1796,2668,4257,5168,3689,2859,460,1945,14006,9543,0.06534870950027458,0.07044794853691065,0.10465207499803876,0.16698046599199812,0.20271436416411703,0.27488820899035066,0.37432337020475404,0.5493841688240371,0.5102377029889386
2024,전라북도,35570,고창군,51371,25593,25778,2195,3600,3332,4585,5473,8124,10200,7628,5618,915,3599,28473,19299,0.06486149773218353,0.08925269120710129,0.1065387086099161,0.1581436997527788,0.19855560530260263,0.27566136536178,0.3756788849740126,0.554262132331471,0.5018006268127932
2024,전라북도,35580,부안군,46363,23298,23065,2033,2942,3082,3589,4961,7629,9728,7185,4736,740,3281,25545,17537,0.06647542221167742,0.0774108664236568,0.1070034294588357,0.1645493173435714,0.2098224877596359,0.2730841403705541,0.3782542113323124,0.5509781506804995,0.4974872204128292
2024,전라남도,36010,목포시,214701,108162,106539,14029,22227,24215,22169,33706,37545,32699,19397,9303,1362,23441,145843,45417,0.11278475647528423,0.10325522470784952,0.1569904192341908,0.174871099808571,0.15230017559303402,0.14001797849101774,0.21153604314837846,0.6792842138602055,0.49622032501013036
2024,전라남도,36020,여수시,265859,137731,128128,18064,22925,28459,29702,37323,46124,44130,26683,12717,1891,27744,176279,61836,0.10704546394893534,0.11172087459894155,0.14038644544664652,0.173490459228388,0.16599024294832976,0.1553116501604234,0.23258945531277858,0.6630544762449269,0.48193967479002026
2024,전라남도,36030,순천시,271376,135333,136043,21583,27170,31204,31960,38879,48095,40766,20691,11550,2027,32798,186506,52072,0.11498437592123106,0.11777017864512705,0.14326616944755616,0.17722643122457402,0.1502196214845823,0.12627498378633337,0.19188137491893167,0.6872604799245328,0.501308148104475
2024,전라남도,36040,나주시,118018,59599,58419,9757,10483,12643,15558,16822,16950,17348,10869,7319,1311,14133,76056,27829,0.10712772627904218,0.13182734837058754,0.14253757901337083,0.1436221593316274,0.1469945262587063,0.16522055957565795,0.23580301309969665,0.6444440678540562,0.49500076259553627
2024,전라남도,36060,광양시,150390,79177,71213,12576,14706,15560,19556,22429,29909,21611,9519,5015,900,19071,106848,24471,0.10346432608551101,0.13003524170490058,0.1491389055123346,0.19887625507015094,0.14369971407673382,0.10262650442183656,0.16271693596648715,0.7104727707959306,0.47352217567657423
2024,전라남도,36510,담양군,43310,21592,21718,2014,2804,3531,3692,4453,7340,8913,5886,4238,677,3071,25232,15007,0.08152851535442161,0.08524590163934426,0.1028169014084507,0.1694758716231817,0.2057954283075502,0.2493881320711152,0.3465019625952436,0.5825906257215424,0.5014546294158393
2024,전라남도,36520,곡성군,25990,13025,12965,874,1523,2185,1783,2410,4312,5442,3820,3120,620,1459,14394,10137,0.084070796460177,0.06860330896498654,0.09272797229703732,0.16590996537129665,0.20938822624086187,0.2908811081185071,0.39003462870334743,0.5538283955367449,0.49884570988841864
2024,전라남도,36530,구례군,22724,10988,11736,884,1379,1311,1260,2147,4074,5040,3511,2762,467,1497,12135,9092,0.057692307692307696,0.055447984509769406,0.09448160535117058,0.17928181658158776,0.22179193803907762,0.29660271079035383,0.40010561520859006,0.5340168984333744,0.5164583700052807
2024,전라남도,36550,고흥군,58776,29445,29331,2156,2857,3516,3926,5178,9015,12838,10554,7513,1418,3369,29345,26062,0.05982033483054308,0.0667959711446849,0.08809718252347896,0.15337893017558188,0.2184224853681775,0.3315128623928134,0.4434122771199129,0.4992684088743705,0.4990302164148632
2024,전라남도,36560,보성군,36033,17534,18499,1329,2045,2137,2645,3268,5648,7640,5946,4626,896,2174,18493,15366,0.059306746593400496,0.0734049343657203,0.09069464102350623,0.15674520578358728,0.21202786334748702,0.31826381372630647,0.42644242777454,0.5132239891210835,0.5133905031498904
2024,전라남도,36570,화순군,59174,28939,30235,2933,4626,5670,4756,6532,10794,11041,7014,5285,885,4751,36122,18301,0.09581910974414438,0.08037313685064386,0.11038631831547639,0.18241119410551931,0.18658532463581978,0.2228005542974955,0.30927434346165544,0.61043701625714,0.5109507553993308
2024,전라남도,36580,장흥군,33351,16379,16972,1560,2110,2222,2512,3428,5513,6838,4923,3749,675,2472,18105,12774,0.06662468891487512,0.07532008035741057,0.1027855236724536,0.16530238973344127,0.20503133339330154,0.2802614614254445,0.38301700098947555,0.5428622829900153,0.508890288147282
2024,전라남도,36590,강진군,31042,15223,15819,1514,2044,2044,2319,3028,4912,6531,4722,3499,589,2334,16597,12111,0.06584627279170156,0.0747052380645577,0.0975452612589395,0.1582372269827975,0.2103923716255396,0.2838090329231364,0.390148830616584,0.534662715031248,0.5095998969138587
2024,전라남도,36600,해남군,62068,31608,30460,3057,4044,4404,5106,6877,10248,12529,9128,6093,913,4794,34889,22385,0.07095443706902108,0.08226461300509119,0.11079783463298318,0.16510923503254496,0.20185925114390668,0.25994071018882514,0.36065283237739254,0.5621092994779919,0.4907520783656635
2024,전라남도,36610,영암군,60323,34335,25988,2891,3940,7333,7991,8373,10110,9561,5803,4013,650,4536,40941,14846,0.12156225651907233,0.13247020207880908,0.138802778376407,0.16759776536312848,0.15849675911343933,0.17349932861429307,0.2461084495134526,0.6786963513087877,0.4308141173350132
2024,전라남도,36620,무안군,92913,47184,45729,8151,10289,11037,11481,14659,13484,12015,7687,4407,673,12631,61884,18398,0.11878854412192051,0.1235672080333215,0.15777124837213308,0.145125009417412,0.12931452003487134,0.13740811296589284,0.19801319513953913,0.6660424267863485,0.4921700946046301
2024,전라남도,36630,함평군,29009,14732,14277,1017,1666,2101,2169,2759,4743,6102,4465,3522,578,1701,15676,11632,0.07242579888999966,0.07476989899686304,0.09510841462994243,0.16350098245372127,0.21034851253059395,0.29525319728360166,0.4009790065152194,0.5403840187528008,0.49215760626012617
2024,전라남도,36640,영광군,50012,25128,24884,3604,3563,3985,5001,5813,8024,8889,6492,4372,546,5091,29165,15756,0.07968087658961849,0.09999600095976965,0.1162321042949692,0.16044149404143004,0.17773734303767097,0.22814524514116613,0.3150443893465568,0.5831600415900184,0.4975605854594897
2024,전라남도,36650,장성군,40067,20459,19608,2052,2745,3299,3480,4538,6777,7692,5186,3937,613,3207,23421,13439,0.08233708538198517,0.08685451868120897,0.11326028901589837,0.16914168767314747,0.19197843611949983,0.24299298674719844,0.33541318291861133,0.5845458856415504,0.48938028801757055
2024,전라남도,36660,완도군,48182,26560,21622,2516,2974,4071,5692,5845,7066,8767,6540,4406,630,3846,28452,15884,0.0844921339919472,0.1181354032626292,0.12131086297787555,0.1466522767838612,0.18195591714748247,0.24025569714831266,0.32966668050309245,0.5905109792038521,0.4487567971441617
2024,전라남도,36670,진도군,29448,15715,13733,1357,1781,2621,3130,3196,4547,5565,4051,2938,421,2101,17182,10165,0.08900434664493344,0.10628905188807389,0.10853029068187993,0.15440776962781852,0.18897718011409942,0.25162999185004076,0.3451847324096713,0.5834691659875034,0.46634745992936705
2024,전라남도,36680,신안군,35572,19444,16128,1413,1706,2235,2855,3743,5939,7794,5634,3860,559,2150,19528,13894,0.06283031597885978,0.08025975486337569,0.1052232092657146,0.16695715731474192,0.21910491397728551,0.28260991791296525,0.3905881030023614,0.5489711008658495,0.45339030698302035
2024,경상북도,37011,포항시 남구,222544,117070,105474,14692,19749,22923,25114,33053,38972,39031,21305,8539,1114,23252,149376,49916,0.10300434970163204,0.11284959378819469,0.1485234380616867,0.1751204256236969,0.1753855417355669,0.13910956934359048,0.2242972176288734,0.6712200733338126,0.4739467251419944
2024,경상북도,37012,포항시 북구,270531,134928,135603,20006,24528,26698,31049,39213,46828,47379,24565,10967,1727,30392,180472,59667,0.09868739626881946,0.11477058082068228,0.14494826840546923,0.17309661369676674,0.17513334885835635,0.13772543627162875,0.2205551304656398,0.6671028458845751,0.5012475464918993
2024,경상북도,37020,경주시,258733,132153,126580,14741,19867,27412,28367,33989,46155,46182,26910,14594,2273,22487,170788,65458,0.10594705739121024,0.10963812115192109,0.1313670849872262,0.17838853180692066,0.17849288648916065,0.16919758979333907,0.2529943996320531,0.6600936100149575,0.48923021029400965
2024,경상북도,37030,김천시,136187,68702,67485,8927,11735,12824,14509,17789,22394,24161,14614,8752,1497,13555,86363,36269,0.09416464126531901,0.10653733469420723,0.13062186552314098,0.16443566566559217,0.17741047236520371,0.18256514939017673,0.26631763677884085,0.6341501024326844,0.4955318789605469
2024,경상북도,37040,안동시,153692,76360,77332,8926,12908,16656,14600,19515,25209,27138,17342,10705,1751,13915,97054,42723,0.10837258933451319,0.0949951851755459,0.1269747286781355,0.1640228508965984,0.17657392707492908,0.19388126903156963,0.27797803399005805,0.6314837467142076,0.5031621684928298
2024,경상북도,37050,구미시,407365,211605,195760,34770,42845,48772,60156,70758,71426,51606,19934,9834,1605,53032,302022,52311,0.1197255532507702,0.147671007573061,0.1736968075313294,0.1753366145839726,0.12668245921961876,0.07701447105175947,0.12841309390841138,0.7414039006787525,0.480551839259632
2024,경상북도,37060,영주시,99151,49626,49525,5178,8430,8831,8086,11773,16841,18978,12659,7774,1271,8351,59879,30921,0.08906617179856986,0.08155237970368429,0.11873808635313814,0.16985204385230607,0.19140502869360873,0.21889844782200885,0.311857671632157,0.6039172575163135,0.49949067583786344
2024,경상북도,37070,영천시,99523,51803,47720,5186,5866,8681,9996,11428,16892,20104,13141,7631,1099,7498,60422,31603,0.08722606834601047,0.10043909448067281,0.11482772826381842,0.16972961024084884,0.2020035569667313,0.21975824683741446,0.3175446881625353,0.6071159430483406,0.47948715372325995
2024,경상북도,37080,상주시,92458,45885,46573,4374,7023,7262,7192,10048,14805,19367,12749,8632,1512,6905,53133,32420,0.0785437712258539,0.07778667070453611,0.10867637197430184,0.16012676025871206,0.2094680828051656,0.24760431763611584,0.35064569858746675,0.5746717428454001,0.5037206082761903
2024,경상북도,37090,문경시,65505,32346,33159,3297,4593,4521,5014,7471,10722,14026,9317,5963,952,5131,37179,23195,0.0690176322418136,0.07654377528432944,0.11405236241508282,0.16368216166704833,0.21412105946110985,0.24779787802457828,0.35409510724372184,0.5675749942752462,0.5062056331577742
2024,경상북도,37100,경산시,298529,151645,146884,18114,28546,53781,35348,39796,47599,41272,22657,11860,1722,27233,216287,55009,0.18015335193565785,0.11840725691641348,0.1333069819012558,0.15944514603271373,0.13825122517410368,0.12139189157502286,0.18426685514640118,0.7245091766629038,0.4920259003312911
2024,경상북도,37520,의성군,47094,23378,23716,1582,1877,2090,3088,3751,6998,11881,8663,6310,1003,2263,22737,22094,0.044379326453476024,0.06557098568819807,0.07964921221387013,0.14859642417293073,0.25228266870514293,0.33923642077547034,0.4691468127574638,0.4828003567333418,0.5035885675457595
2024,경상북도,37530,청송군,23079,11577,11502,857,930,1218,1642,2013,3769,5680,3949,2720,395,1251,11959,9869,0.052775250227479524,0.07114693010962347,0.08722215000649941,0.16330863555613329,0.2461111833268339,0.30607911954590755,0.4276181810303739,0.5181766974305646,0.4983751462368387
2024,경상북도,37540,영양군,15059,7493,7566,520,768,673,1032,1451,2505,3614,2411,1871,272,835,7937,6287,0.04469088252872037,0.06853044690882529,0.09635433959758284,0.16634570688624742,0.23998937512451027,0.30241051862673485,0.41749120127498507,0.5270602297629324,0.502423799721097
2024,경상북도,37550,영덕군,32655,16101,16554,1219,1598,1792,2473,3213,5272,7140,5449,4066,580,1922,17022,13711,0.05487674169346195,0.07573112846424744,0.09839228295819935,0.16144541417853314,0.21864951768488747,0.30914101975195224,0.4198744449548308,0.5212677997243914,0.5069361506660542
2024,경상북도,37560,청도군,39479,19262,20217,1207,1966,2216,2745,3576,6293,9788,6878,4205,738,1947,20781,16751,0.05613110767749943,0.06953063654094582,0.0905798019200081,0.15940120063831403,0.2479292788571139,0.29942501076521694,0.4243015273943109,0.52638111400998,0.5120950378682337
2024,경상북도,37570,고령군,30934,16357,14577,1116,1642,2617,2844,3396,5388,6685,4265,2694,422,1760,18610,10564,0.08459946983901209,0.0919376737570311,0.1097821167647249,0.1741772806620547,0.2161052563522338,0.2386047714488912,0.34150126074869075,0.6016034137195319,0.47122906833904443
2024,경상북도,37580,성주군,41068,21846,19222,1553,1905,2797,3907,4074,6851,9769,6214,3501,645,2334,23738,14996,0.06810655498198111,0.09513489821759034,0.09920132463231714,0.16682088243888185,0.23787377033213208,0.2522645368656862,0.36515048212720363,0.5780169475017045,0.4680529852926853
2024,경상북도,37590,칠곡군,110043,58414,51629,6999,10229,10505,12893,19142,20931,16285,8251,4928,820,11405,77493,21145,0.09546268276946285,0.11716329071363013,0.17395018311023872,0.19020746435484312,0.14798760484537862,0.12721390729078633,0.19215215870159846,0.7042065374444535,0.4691711421898712
2024,경상북도,37600,예천군,53609,26414,27195,4230,4387,3279,5196,6990,7426,9777,6793,5102,868,6276,29634,17699,0.06116510287451734,0.09692402395120223,0.13038855416068199,0.13852151690947415,0.18237609356637877,0.2380756962450335,0.33014978828181835,0.5527803167378612,0.5072842246637691
2024,경상북도,37610,봉화군,27972,14123,13849,935,1523,1276,1641,2557,4665,7049,4564,3299,572,1544,14510,11918,0.04561704561704562,0.058665808665808665,0.09141284141284141,0.16677391677391679,0.252002002002002,0.30155155155155156,0.42606892606892605,0.5187330187330187,0.4951022451022451
2024,경상북도,37620,울진군,45274,23835,21439,2435,2904,3402,4643,5460,7777,8909,5490,3855,673,3641,27408,14225,0.07514246587445333,0.10255334187392322,0.12059901930467819,0.17177629544550957,0.19677960860538057,0.22127490391836374,0.3141979944338914,0.6053805716305164,0.47353889649688563
2024,경상북도,37630,울릉군,8515,4827,3688,332,392,640,845,1103,1758,1864,1047,498,79,511,5499,2505,0.07516147974163241,0.09923664122137404,0.1295361127422196,0.20645918966529653,0.2189078097475044,0.19072225484439226,0.29418672930123313,0.6458015267175573,0.43311802701115676
2024,경상남도,38030,진주시,346145,172465,173680,25101,34072,44081,41399,49406,58013,51837,28691,14561,2236,38567,238073,69505,0.12734836556934231,0.11960016755983764,0.14273209204235218,0.1675973941556284,0.14975516040965492,0.13141313611347846,0.20079735371015037,0.687784021147207,0.5017550448511462
2024,경상남도,38050,통영시,120204,62586,57618,6850,11695,9335,11885,19306,21456,21908,12517,5589,726,11967,78903,29334,0.07765964526970816,0.0988735815779841,0.1606102958304216,0.17849655585504642,0.1822568300555722,0.15666699943429505,0.24403514026155534,0.656409104522312,0.4793351302785265
2024,경상남도,38060,사천시,109218,56670,52548,6860,9522,9202,11969,16621,18981,17962,11379,6559,1134,10879,70646,27693,0.0842535113259719,0.1095881631232947,0.152181874782545,0.17379003460967973,0.16446007068431945,0.17462323060301416,0.25355710597154313,0.6468347708253218,0.4811294841509641
2024,경상남도,38070,김해시,549861,284047,265814,43504,57727,61301,73254,92807,104634,73630,31695,14757,2206,67573,402333,79955,0.11148453881981082,0.1332227599338742,0.16878265598032957,0.1902917282731454,0.13390656911473992,0.08849145511320133,0.14540947621307931,0.7316994658650096,0.48342035532616423
2024,경상남도,38080,밀양시,102535,50309,52226,4650,6761,9104,9723,11632,16826,22218,13664,7470,1079,7319,61819,33397,0.08878919393377871,0.09482615692202663,0.11344418978885258,0.16410006339298777,0.21668698493197444,0.21663822109523578,0.32571317111230313,0.602906324669625,0.509348027502804
2024,경상남도,38090,거제시,241284,131524,109760,20072,27017,20709,31140,47556,44647,32463,13901,5745,924,32416,173460,35408,0.08582831849604615,0.12905953150644053,0.19709553886706122,0.18503920690969977,0.13454269657333268,0.0852522338820643,0.1467482303012218,0.7189038643258566,0.45489962036438386
2024,경상남도,38100,양산시,359629,181164,178465,30861,35513,34585,47164,61648,62273,52158,25881,11743,1593,46202,250547,62880,0.09616855147944131,0.1311462646227084,0.17142110341490815,0.17315900553069968,0.14503279768872923,0.10904849163999566,0.17484685606555644,0.6966818582483615,0.4962475217515829
2024,경상남도,38111,창원시 의창구,210801,107232,103569,15105,18657,23723,26603,31597,39171,35441,15110,6280,954,22990,149992,37819,0.11253741680542312,0.12619959108353376,0.14989018078661867,0.18581980161384434,0.16812538839948576,0.105995702107675,0.17940616979995352,0.7115336265008231,0.49131171104501403
2024,경상남도,38112,창원시 성산구,244140,126093,118047,17802,22650,29281,36158,37298,48726,38138,11804,3899,559,27306,185680,31154,0.11993528303432457,0.1481035471450807,0.1527729990988777,0.19958220693044973,0.15621364790693865,0.06660932251986565,0.12760711067420333,0.7605472270009012,0.4835217498156795
2024,경상남도,38113,창원시 마산합포구,178265,88847,89418,12194,14719,17079,19809,26218,28444,31615,19384,8972,1349,18513,114098,45654,0.09580680447648164,0.11112108377976608,0.1470731775727148,0.15956020531231593,0.17734832973382325,0.16663394384764255,0.2561018708103105,0.6400471208593947,0.5016015482568087
2024,경상남도,38114,창원시 마산회원구,178865,89288,89577,10825,16234,17371,19060,26571,32336,31971,17930,7163,877,17438,120211,41216,0.09711793810974757,0.10656081402174825,0.1485533782461633,0.18078439046208034,0.17874374528275516,0.14519330221116483,0.2304307718111425,0.6720767058955078,0.5008078718586644
2024,경상남도,38115,창원시 진해구,188972,98258,90714,15469,20420,18212,23090,34224,31636,26563,14132,6396,913,24410,130475,34087,0.09637406599919565,0.12218741400842453,0.18110619562686536,0.16741104502254303,0.14056579810765615,0.11346125351903986,0.18038122049827487,0.690446203670385,0.4800393709120928
2024,경상남도,38510,의령군,24609,12365,12244,879,1160,1516,1874,2308,4034,5813,3764,2822,520,1380,13218,10011,0.061603478402210574,0.07615100166605714,0.09378682595798285,0.16392376772725425,0.23621439310821243,0.2887561461254013,0.4068023893697428,0.5371205656467146,0.4975415498394896
2024,경상남도,38520,함안군,61675,33224,28451,2948,5135,5343,6101,8287,10531,11724,6992,4283,758,5065,38776,17834,0.08663153627888123,0.09892176732873936,0.13436562626672072,0.1707498986623429,0.1900932306445075,0.19510336441021484,0.2891609241994325,0.6287150385083097,0.461305229023105
2024,경상남도,38530,창녕군,57766,29687,28079,2401,3664,4098,5231,6289,9404,12925,8034,5162,864,3858,33400,20508,0.07094138420524183,0.09055499774954125,0.10887026970882525,0.16279472353979849,0.22374753315098847,0.24339576913755495,0.3550185230066129,0.5781947858601946,0.48608177820863485
2024,경상남도,38540,고성군,47664,24528,23136,1792,3631,3136,3525,5481,8197,10234,7001,4217,749,3240,27475,16949,0.06579389056730446,0.07395518630412891,0.11499244712990936,0.17197465592480699,0.2147113125209802,0.2510699899295065,0.35559331990600873,0.5764308492782813,0.48539778449144005
2024,경상남도,38550,남해군,39011,19474,19537,1380,2391,2346,2521,3738,6326,8704,6476,4421,901,2322,20569,16120,0.06013688446848325,0.06462279869780319,0.09581912793827382,0.16215939094101664,0.22311655686857554,0.302427520442952,0.4132167850093563,0.5272615416164671,0.5008074645612776
2024,경상남도,38560,하동군,38704,19240,19464,1340,2038,2070,2395,3594,6910,9360,6129,4224,809,2180,20799,15725,0.053482844150475405,0.06187990905332782,0.09285861926415874,0.1785345183960314,0.24183546920214966,0.28839396444811904,0.406288755684167,0.5373863166597768,0.5028937577511369
2024,경상남도,38570,산청군,32480,15918,16562,987,1644,1784,2071,2768,5667,7850,5276,3828,704,1640,17226,13614,0.05492610837438423,0.06376231527093595,0.08522167487684729,0.17447660098522166,0.2416871921182266,0.3019704433497537,0.4191502463054187,0.5303571428571429,0.5099137931034483
2024,경상남도,38580,함양군,35073,17180,17893,1404,2339,1978,2203,3503,6213,7877,5182,3908,645,2342,19104,13627,0.056396658398198046,0.06281184957089499,0.09987739856869957,0.17714481224873835,0.2245887149659282,0.27756393807202123,0.38853248937929463,0.5446924985031221,0.5101645140136287
2024,경상남도,38590,거창군,58393,28895,29498,3241,5360,4594,4786,6687,9935,11152,7155,5018,908,5212,34685,18496,0.07867381364204613,0.08196187899234497,0.11451715102837669,0.17014025653759868,0.1909817957631908,0.22401657732947441,0.3167502954121213,0.5939924305995582,0.5051632901203912
2024,경상남도,38600,합천군,38950,19218,19732,1181,1868,2103,2411,3330,6268,9395,6629,5037,864,1963,19729,17258,0.05399229781771502,0.06189987163029525,0.08549422336328627,0.1609242618741977,0.24120667522464698,0.32169448010269575,0.4430808729139923,0.5065211810012837,0.5065982028241335
2024,제주특별자치도,39010,제주시,493908,248483,245425,41310,51020,55747,64695,79731,86038,66170,32924,17806,3565,62883,347061,83964,0.11286919831223628,0.13098593260283292,0.16142884909740277,0.17419843371640062,0.13397231873142368,0.10992937956056593,0.16999927111931776,0.702683495711752,0.4969042817690744
2024,제주특별자치도,39020,서귀포시,180909,92237,88672,13650,16563,16052,20544,28550,31861,28483,15994,9151,1708,20980,119995,39934,0.08872969282899137,0.11355985606022917,0.1578141496553516,0.17611616890259743,0.1574437977104511,0.1484337429315291,0.22074081444262034,0.6632892780348131,0.49014697997335677
