sg_id,sg_typecode,election_name,sido,sigungu,sgg_name,total_voters,total_voted,valid_votes,invalid_votes,party_더불어민주당,party_자유한국당,party_국민의당,party_바른정당,party_정의당,party_새누리당,party_경제애국당,party_국민대통합당,party_늘푸른한국당,party_민중연합당,party_한국국민당,party_홍익당,party_무소속
20170509,1,19대대통령선거,서울특별시,종로구,대한민국,133769,102566,102202,364,42512,22325,22313,7412,7113,228,5,78,31,63,26,47,49
20170509,1,19대대통령선거,서울특별시,중구,대한민국,109836,82852,82595,257,34062,17901,19372,5874,4993,158,12,53,21,55,18,25,51
20170509,1,19대대통령선거,서울특별시,용산구,대한민국,197962,148157,147660,497,58081,35230,32109,11825,9773,299,17,68,23,72,32,51,80
20170509,1,19대대통령선거,서울특별시,성동구,대한민국,259009,203175,202512,663,86686,40566,45674,15859,12936,304,16,94,46,108,41,58,124
20170509,1,19대대통령선거,서울특별시,광진구,대한민국,305172,240030,239231,799,105512,46368,52824,17114,16540,312,24,120,48,127,48,65,129
20170509,1,19대대통령선거,서울특별시,동대문구,대한민국,304972,236092,235265,827,98958,51631,53359,15129,15107,360,41,150,44,160,80,84,162
20170509,1,19대대통령선거,서울특별시,중랑구,대한민국,351986,265706,264744,962,111450,56545,62778,15996,16817,373,34,155,74,152,65,90,215
20170509,1,19대대통령선거,서울특별시,성북구,대한민국,378024,295866,294922,944,129263,57584,66518,19830,20519,407,34,190,55,172,65,107,178
20170509,1,19대대통령선거,서울특별시,강북구,대한민국,281434,210614,209902,712,89645,42268,51669,11871,13482,324,34,145,45,123,53,93,150
20170509,1,19대대통령선거,서울특별시,도봉구,대한민국,293679,229233,228382,851,94898,47461,55600,14500,14923,352,30,162,43,152,38,79,144
20170509,1,19대대통령선거,서울특별시,노원구,대한민국,464422,374213,372907,1306,158167,67590,96325,24846,24498,548,37,168,85,210,81,120,232
20170509,1,19대대통령선거,서울특별시,은평구,대한민국,413086,317275,316115,1160,140180,60109,72582,19447,21955,432,49,188,656,160,61,115,181
20170509,1,19대대통령선거,서울특별시,서대문구,대한민국,268987,212076,211359,717,93768,40513,46237,14798,15165,336,25,110,72,119,27,64,125
20170509,1,19대대통령선거,서울특별시,마포구,대한민국,320483,256992,256233,759,117336,46547,52545,19059,19795,381,26,134,38,108,47,86,131
20170509,1,19대대통령선거,서울특별시,양천구,대한민국,386393,310886,309940,946,133853,60814,71816,22987,19309,422,32,194,60,121,61,88,183
20170509,1,19대대통령선거,서울특별시,강서구,대한민국,501800,397108,395807,1301,175882,76601,88128,27544,26001,569,56,248,77,215,60,142,284
20170509,1,19대대통령선거,서울특별시,구로구,대한민국,350524,278805,277714,1091,121077,59194,61734,17147,17437,373,45,141,57,165,56,98,190
20170509,1,19대대통령선거,서울특별시,금천구,대한민국,204132,155010,154453,557,67423,31106,36695,8835,9698,165,24,125,37,117,39,61,128
20170509,1,19대대통령선거,서울특별시,영등포구,대한민국,316011,248833,248017,816,105834,53615,53994,18122,15439,374,37,138,50,122,52,86,154
20170509,1,19대대통령선거,서울특별시,동작구,대한민국,342434,276685,275828,857,121722,54431,60305,20593,17781,384,25,145,40,133,42,81,146
20170509,1,19대대통령선거,서울특별시,관악구,대한민국,446035,351240,350005,1235,159854,59914,79495,23857,25300,549,58,197,79,293,73,113,223
20170509,1,19대대통령선거,서울특별시,서초구,대한민국,362519,292916,292092,824,106416,74891,63977,29231,16562,520,28,96,55,93,28,84,111
20170509,1,19대대통령선거,서울특별시,강남구,대한민국,467032,365642,364594,1048,128927,97639,80201,36176,20287,714,39,121,80,97,49,101,163
20170509,1,19대대통령선거,서울특별시,송파구,대한민국,546867,441198,439927,1271,177328,98549,99018,37438,26064,657,32,166,68,156,79,151,221
20170509,1,19대대통령선거,서울특별시,강동구,대한민국,376431,297476,296511,965,122511,65893,67499,21483,17965,446,29,168,54,123,56,88,196
20170509,1,19대대통령선거,부산광역시,중구,대한민국,40448,28604,28509,95,9918,10684,4675,1845,1274,47,4,11,3,14,7,9,18
20170509,1,19대대통령선거,부산광역시,서구,대한민국,98536,71446,71148,298,24522,26360,11868,4913,3131,77,8,70,14,32,25,51,77
20170509,1,19대대통령선거,부산광역시,동구,대한민국,79720,58304,58082,222,19606,22188,9815,3606,2589,65,14,47,19,21,19,31,62
20170509,1,19대대통령선거,부산광역시,영도구,대한민국,109885,78013,77659,354,30094,25345,13082,5375,3416,78,9,51,21,46,15,45,82
20170509,1,19대대통령선거,부산광역시,부산진구,대한민국,323551,246124,245153,971,95042,79545,40636,16855,12045,309,25,146,45,121,49,111,224
20170509,1,19대대통령선거,부산광역시,동래구,대한민국,229464,181098,180469,629,67947,59616,30208,13211,8812,196,25,82,26,80,32,65,169
20170509,1,19대대통령선거,부산광역시,남구,대한민국,233838,181922,181205,717,68566,59137,30943,13029,8780,226,27,98,32,72,29,92,174
20170509,1,19대대통령선거,부산광역시,북구,대한민국,258693,203689,202796,893,83611,61175,32712,14567,9862,213,24,124,48,93,39,95,233
20170509,1,19대대통령선거,부산광역시,해운대구,대한민국,344624,266870,265952,918,102106,80904,48325,20918,12573,428,31,124,53,99,51,115,225
20170509,1,19대대통령선거,부산광역시,기장군,대한민국,124123,94393,94050,343,39412,26556,15909,6775,4988,107,17,54,16,43,20,58,95
20170509,1,19대대통령선거,부산광역시,사하구,대한민국,280843,211876,210927,949,82452,65252,36713,14958,10664,225,25,138,66,71,63,85,215
20170509,1,19대대통령선거,부산광역시,금정구,대한민국,209881,164127,163370,757,60169,54418,26729,13143,8188,190,13,99,35,103,33,91,159
20170509,1,19대대통령선거,부산광역시,강서구,대한민국,88518,68633,68417,216,30783,18711,10629,4875,3154,64,9,34,21,20,19,39,59
20170509,1,19대대통령선거,부산광역시,연제구,대한민국,175265,137602,137105,497,52454,44221,23321,9900,6745,130,15,59,20,53,27,55,105
20170509,1,19대대통령선거,부산광역시,수영구,대한민국,154637,119064,118686,378,43702,39832,20319,8414,5952,171,10,70,18,38,22,47,91
20170509,1,19대대통령선거,부산광역시,사상구,대한민국,198198,149868,149181,687,61743,46540,23023,10096,7156,125,20,109,28,75,46,52,168
20170509,1,19대대통령선거,대구광역시,중구,대한민국,68857,52180,51948,232,11477,24698,7170,5931,2369,157,5,22,9,21,10,42,37
20170509,1,19대대통령선거,대구광역시,동구,대한민국,294274,226510,225504,1006,47350,100166,31351,35819,9509,609,40,84,41,132,61,157,185
20170509,1,19대대통령선거,대구광역시,서구,대한민국,173359,127659,127010,649,22004,68782,17808,12259,5373,266,25,69,27,78,44,111,164
20170509,1,19대대통령선거,대구광역시,남구,대한민국,136206,100059,99587,472,19862,50304,13978,10365,4486,284,15,36,22,43,26,78,88
20170509,1,19대대통령선거,대구광역시,북구,대한민국,355739,276725,275492,1233,62526,121368,42369,33915,13833,626,48,85,55,128,81,165,293
20170509,1,19대대통령선거,대구광역시,수성구,대한민국,356388,285528,284457,1071,64922,123074,43698,38613,12778,718,30,81,58,127,43,121,194
20170509,1,19대대통령선거,대구광역시,달서구,대한민국,479081,374766,373113,1653,82726,165781,57956,45593,18805,1155,62,138,72,195,90,194,346
20170509,1,19대대통령선거,대구광역시,달성군,대한민국,179372,137920,137265,655,31753,60032,21427,15964,7287,242,34,48,40,80,46,118,194
20170509,1,19대대통령선거,인천광역시,중구,대한민국,94392,69220,68988,232,28030,16139,15405,4196,4837,122,14,59,22,54,19,27,64
20170509,1,19대대통령선거,인천광역시,동구,대한민국,59362,44672,44475,197,16501,11446,10479,2484,3296,64,21,42,10,42,19,28,43
20170509,1,19대대통령선거,인천광역시,남구,대한민국,352503,254020,253013,1007,96338,60603,61034,15593,18179,373,57,254,44,142,82,93,221
20170509,1,19대대통령선거,인천광역시,연수구,대한민국,262343,208175,207459,716,85853,41920,48166,15928,14622,303,32,231,40,105,55,67,137
20170509,1,19대대통령선거,인천광역시,남동구,대한민국,430938,327425,326203,1222,136132,66178,77693,21335,23230,470,59,267,80,251,97,89,322
20170509,1,19대대통령선거,인천광역시,부평구,대한민국,455450,345398,344065,1333,146859,66560,82590,21769,24630,501,72,263,64,222,107,103,325
20170509,1,19대대통령선거,인천광역시,계양구,대한민국,271262,205824,205018,806,88890,37234,48622,13418,15790,270,39,188,41,193,73,57,203
20170509,1,19대대통령선거,인천광역시,서구,대한민국,404034,306672,305569,1103,132399,56236,72248,20860,22418,423,64,238,76,177,86,80,264
20170509,1,19대대통령선거,인천광역시,강화군,대한민국,59875,43938,43611,327,12153,17041,9559,2233,2267,97,11,58,22,27,33,53,57
20170509,1,19대대통령선거,인천광역시,옹진군,대한민국,18872,14747,14562,185,3935,5834,3092,875,656,23,5,18,11,17,23,28,45
20170509,1,19대대통령선거,광주광역시,동구,대한민국,83378,66287,66103,184,37053,1308,23438,1372,2665,13,5,45,10,115,13,19,47
20170509,1,19대대통령선거,광주광역시,서구,대한민국,247595,204787,204355,432,124183,3182,62218,4627,9247,20,17,198,32,450,20,45,116
20170509,1,19대대통령선거,광주광역시,남구,대한민국,177247,146037,145597,440,85642,2521,47663,3085,6013,38,19,142,12,296,21,56,89
20170509,1,19대대통령선거,광주광역시,북구,대한민국,356097,292001,291236,765,177850,4241,88501,6274,13206,48,24,157,23,622,31,87,172
20170509,1,19대대통령선거,광주광역시,광산구,대한민국,302584,248209,247541,668,159119,3630,65402,5504,12588,33,46,113,26,782,51,57,190
20170509,1,19대대통령선거,대전광역시,동구,대한민국,194189,143823,143184,639,57580,33015,34729,7746,9376,162,42,126,44,91,43,75,155
20170509,1,19대대통령선거,대전광역시,중구,대한민국,208017,157397,156765,632,62115,37657,37504,8885,9795,239,34,119,54,100,51,78,134
20170509,1,19대대통령선거,대전광역시,서구,대한민국,394539,307774,306654,1120,133604,59593,70732,20091,21396,317,48,175,59,216,69,124,230
20170509,1,19대대통령선거,대전광역시,유성구,대한민국,266632,218087,217424,663,103313,35445,47081,16145,14723,209,20,98,33,114,47,78,118
20170509,1,19대대통령선거,대전광역시,대덕구,대한민국,157225,118816,118274,542,47933,25666,28723,6953,8379,142,24,102,44,90,46,51,121
20170509,1,19대대통령선거,울산광역시,중구,대한민국,198415,157051,156256,795,56657,47625,26458,12399,12307,183,21,130,53,115,52,95,161
20170509,1,19대대통령선거,울산광역시,남구,대한민국,276867,219569,218651,918,80662,63331,39040,18536,16078,259,29,128,66,146,36,103,237
20170509,1,19대대통령선거,울산광역시,동구,대한민국,138379,109054,108471,583,44931,23701,19290,8337,11590,78,17,105,39,139,36,48,160
20170509,1,19대대통령선거,울산광역시,북구,대한민국,151453,122933,122378,555,52058,26596,20115,10004,12916,146,20,85,31,137,48,58,164
20170509,1,19대대통령선거,울산광역시,울주군,대한민국,175979,136353,135606,747,48486,42349,23617,11013,9296,163,41,127,51,104,48,107,204
20170509,1,19대대통령선거,세종특별자치시,세종특별자치시,대한민국,189421,152801,152237,564,77767,23211,32010,9192,9353,153,34,88,42,126,50,76,135
20170509,1,19대대통령선거,경기도,수원시장안구,대한민국,239609,190917,190211,706,81392,37143,43344,13774,13660,245,33,136,43,180,43,69,149
20170509,1,19대대통령선거,경기도,수원시권선구,대한민국,290343,222078,221278,800,95263,42801,51061,15482,15573,273,43,175,60,195,69,77,206
20170509,1,19대대통령선거,경기도,수원시팔달구,대한민국,167122,123458,122973,485,49814,27782,28228,8218,8315,172,20,94,27,105,36,53,109
20170509,1,19대대통령선거,경기도,수원시영통구,대한민국,264002,220307,219649,658,105181,33354,46872,18468,15086,228,23,92,26,117,24,54,124
20170509,1,19대대통령선거,경기도,성남시수정구,대한민국,201105,149414,148842,572,63867,28395,36752,9315,9649,201,27,120,22,253,48,64,129
20170509,1,19대대통령선거,경기도,성남시중원구,대한민국,198663,146801,146232,569,62729,27896,36512,8502,9599,211,36,116,29,355,42,63,142
20170509,1,19대대통령선거,경기도,성남시분당구,대한민국,403060,338076,337189,887,139853,71332,74040,30351,20415,544,22,96,53,206,35,99,143
20170509,1,19대대통령선거,경기도,의정부시,대한민국,360255,270404,269474,930,110580,57027,65003,17254,18284,422,31,155,63,214,81,122,238
20170509,1,19대대통령선거,경기도,안양시만안구,대한민국,215032,167995,167392,603,70454,35189,38671,10990,11275,257,23,149,32,109,59,55,129
20170509,1,19대대통령선거,경기도,안양시동안구,대한민국,277376,230674,229991,683,101278,43072,51966,17577,15294,298,26,129,30,110,48,51,112
20170509,1,19대대통령선거,경기도,부천시,대한민국,705885,543777,541842,1935,239697,100544,128297,34085,36775,706,94,365,126,395,149,192,417
20170509,1,19대대통령선거,경기도,광명시,대한민국,271716,218795,218107,688,97959,39081,51958,13835,14345,294,32,139,49,142,45,66,162
20170509,1,19대대통령선거,경기도,평택시,대한민국,379547,273677,272518,1159,104574,62827,64057,19321,20128,344,62,225,69,358,118,97,338
20170509,1,19대대통령선거,경기도,양주시,대한민국,164908,121344,120732,612,46286,29739,28469,7602,7921,164,34,97,50,105,51,56,158
20170509,1,19대대통령선거,경기도,동두천시,대한민국,80335,55487,55193,294,19444,15733,12808,3201,3662,86,11,50,18,51,21,34,74
20170509,1,19대대통령선거,경기도,안산시상록구,대한민국,305169,226266,225339,927,98564,39723,55067,14307,16558,272,49,206,51,169,83,75,215
20170509,1,19대대통령선거,경기도,안산시단원구,대한민국,252848,187253,186508,745,80771,33862,45779,11938,13251,206,31,149,48,137,76,68,192
20170509,1,19대대통령선거,경기도,고양시덕양구,대한민국,366265,287087,286175,912,120063,55157,61581,18038,30094,409,37,143,134,194,66,87,172
20170509,1,19대대통령선거,경기도,고양시일산동구,대한민국,239470,188297,187758,539,81622,34980,41166,13989,15308,268,26,87,43,86,24,54,105
20170509,1,19대대통령선거,경기도,고양시일산서구,대한민국,239069,192610,192067,543,85919,35147,41563,13991,14764,265,23,80,42,88,23,57,105
20170509,1,19대대통령선거,경기도,과천시,대한민국,49206,40789,40662,127,16528,9055,8736,3354,2814,72,8,14,7,17,9,19,29
20170509,1,19대대통령선거,경기도,의왕시,대한민국,127577,103913,103562,351,43869,21218,23602,7575,6902,139,13,54,17,57,18,32,66
20170509,1,19대대통령선거,경기도,구리시,대한민국,159142,123469,123039,430,51181,26113,28698,8167,8386,162,14,52,18,85,31,50,82
20170509,1,19대대통령선거,경기도,남양주시,대한민국,524245,397972,396637,1335,165079,86026,92048,25471,26319,584,67,213,73,210,102,139,306
20170509,1,19대대통령선거,경기도,오산시,대한민국,161182,118683,118201,482,52358,21829,27201,7893,8415,117,19,66,36,82,30,35,120
20170509,1,19대대통령선거,경기도,화성시,대한민국,493782,386002,384720,1282,176940,69014,84967,26194,25910,401,58,284,81,267,118,141,345
20170509,1,19대대통령선거,경기도,시흥시,대한민국,322806,239227,238332,895,103732,43248,58119,14846,17127,301,56,208,58,235,79,80,243
20170509,1,19대대통령선거,경기도,군포시,대한민국,228831,186084,185488,596,82551,34784,41883,12884,12595,239,21,150,34,121,37,54,135
20170509,1,19대대통령선거,경기도,하남시,대한민국,176100,138937,138445,492,57298,31793,30999,9680,8135,174,17,68,19,109,24,43,86
20170509,1,19대대통령선거,경기도,파주시,대한민국,340754,256847,255845,1002,107148,55347,54921,16819,20208,399,52,198,82,224,92,96,259
20170509,1,19대대통령선거,경기도,여주시,대한민국,93145,65695,65369,326,20474,21581,14545,3936,4387,90,13,72,25,66,40,50,90
20170509,1,19대대통령선거,경기도,이천시,대한민국,167583,121841,121201,640,44109,33301,26695,7913,8489,145,29,93,35,89,63,69,171
20170509,1,19대대통령선거,경기도,용인시처인구,대한민국,184406,134872,134223,649,50423,33153,32027,8707,9227,152,32,80,44,98,57,59,164
20170509,1,19대대통령선거,경기도,용인시수지구,대한민국,268809,225513,225003,510,95325,50229,47125,18555,13042,375,16,69,20,94,19,45,89
20170509,1,19대대통령선거,경기도,용인시기흥구,대한민국,319811,261414,260768,646,116017,53405,55393,18992,16026,411,13,111,45,141,41,61,112
20170509,1,19대대통령선거,경기도,안성시,대한민국,148171,106490,106019,471,39380,26693,25193,6427,7651,158,36,94,33,137,38,65,114
20170509,1,19대대통령선거,경기도,김포시,대한민국,290415,225075,224372,703,93697,48490,51081,15614,14517,309,41,131,53,152,58,69,160
20170509,1,19대대통령선거,경기도,광주시,대한민국,268162,199221,198507,714,80175,45030,46829,12629,12860,274,36,101,44,181,68,61,219
20170509,1,19대대통령선거,경기도,포천시,대한민국,128917,90620,90075,545,27632,28030,22505,5781,5529,114,29,69,36,108,46,62,134
20170509,1,19대대통령선거,경기도,연천군,대한민국,38909,28675,28450,225,8384,9557,6805,1901,1581,41,10,28,21,21,18,33,50
20170509,1,19대대통령선거,경기도,양평군,대한민국,95097,71056,70669,387,21329,24800,15653,4216,4194,157,14,52,26,31,34,77,86
20170509,1,19대대통령선거,경기도,가평군,대한민국,53480,38897,38588,309,10873,13865,9089,2231,2103,99,25,48,36,45,50,50,74
20170509,1,19대대통령선거,강원도,춘천시,대한민국,229286,175879,175116,763,66874,43494,38684,12402,12758,251,27,104,62,103,60,110,187
20170509,1,19대대통령선거,강원도,원주시,대한민국,273858,204233,203395,838,77495,50750,45776,13797,14406,319,47,157,44,198,82,109,215
20170509,1,19대대통령선거,강원도,강릉시,대한민국,178461,132395,131712,683,41565,44421,26895,9690,8368,195,19,91,43,99,63,113,150
20170509,1,19대대통령선거,강원도,동해시,대한민국,76059,55542,55269,273,17184,19009,11345,3917,3406,95,9,47,24,69,38,38,88
20170509,1,19대대통령선거,강원도,삼척시,대한민국,59080,44097,43798,299,13496,15971,8185,2878,2898,52,13,38,21,41,42,77,86
20170509,1,19대대통령선거,강원도,태백시,대한민국,39001,28101,27952,149,9557,10046,4971,1468,1736,30,8,24,10,28,12,35,27
20170509,1,19대대통령선거,강원도,정선군,대한민국,33408,23859,23707,152,8270,8323,4489,1170,1215,32,15,22,7,35,19,46,64
20170509,1,19대대통령선거,강원도,속초시,대한민국,67471,46985,46776,209,15045,13883,11031,3422,3143,73,9,28,14,23,20,33,52
20170509,1,19대대통령선거,강원도,고성군,대한민국,25637,18692,18521,171,5664,6511,3964,1239,979,23,8,27,5,16,12,26,47
20170509,1,19대대통령선거,강원도,양양군,대한민국,23853,17853,17733,120,5017,6687,3868,1044,954,37,12,22,14,14,18,22,24
20170509,1,19대대통령선거,강원도,인제군,대한민국,27251,20751,20541,210,6574,6009,4759,1665,1311,32,13,23,13,21,28,24,69
20170509,1,19대대통령선거,강원도,홍천군,대한민국,59882,43648,43362,286,13851,13549,10023,2879,2687,60,20,49,17,81,36,47,63
20170509,1,19대대통령선거,강원도,횡성군,대한민국,39885,29447,29281,166,8833,10423,6479,1675,1612,64,8,31,7,37,27,41,44
20170509,1,19대대통령선거,강원도,영월군,대한민국,34905,25925,25784,141,8067,8779,5753,1532,1424,40,8,24,12,34,25,47,39
20170509,1,19대대통령선거,강원도,평창군,대한민국,37478,27444,27284,160,8591,9348,5998,1547,1588,33,9,26,8,22,34,38,42
20170509,1,19대대통령선거,강원도,화천군,대한민국,22164,17083,16891,192,5161,5019,4000,1441,1113,32,8,21,2,14,18,21,41
20170509,1,19대대통령선거,강원도,양구군,대한민국,19610,14848,14686,162,4526,4250,3519,1287,944,16,7,19,8,19,24,27,40
20170509,1,19대대통령선거,강원도,철원군,대한민국,39884,29103,28828,275,8998,8437,7101,2225,1847,42,12,34,10,22,12,16,72
20170509,1,19대대통령선거,충청북도,청주시상당구,대한민국,140080,106316,105849,467,42308,27108,21983,6509,7306,132,27,60,44,95,63,87,127
20170509,1,19대대통령선거,충청북도,청주시서원구,대한민국,174200,134980,134448,532,56521,30471,28912,8459,9454,157,30,73,48,103,56,50,114
20170509,1,19대대통령선거,충청북도,청주시흥덕구,대한민국,202801,153064,152385,679,66281,31023,32756,9951,11601,144,40,74,73,123,60,71,188
20170509,1,19대대통령선거,충청북도,청주시청원구,대한민국,150781,115327,114876,451,50487,24026,24203,7285,8249,114,29,73,34,95,63,67,151
20170509,1,19대대통령선거,충청북도,충주시,대한민국,172800,127426,126785,641,43551,38532,28588,7233,8115,151,33,85,44,89,88,129,147
20170509,1,19대대통령선거,충청북도,제천시,대한민국,113835,84700,84209,491,28517,26977,17768,5085,5249,99,19,76,40,64,74,106,135
20170509,1,19대대통령선거,충청북도,단양군,대한민국,26699,19905,19780,125,5708,7901,4026,978,964,44,10,18,9,11,49,43,19
20170509,1,19대대통령선거,충청북도,영동군,대한민국,43884,32554,32344,210,10432,10958,7017,1726,1873,42,18,35,17,50,29,70,77
20170509,1,19대대통령선거,충청북도,보은군,대한민국,30016,22341,22182,159,7268,7587,4910,1015,1135,38,14,32,14,22,35,65,47
20170509,1,19대대통령선거,충청북도,옥천군,대한민국,44730,33175,32936,239,11181,10431,7465,1552,1905,57,23,53,20,51,52,79,67
20170509,1,19대대통령선거,충청북도,음성군,대한민국,81508,56788,56413,375,20723,15180,13381,2988,3671,76,31,57,27,59,44,72,104
20170509,1,19대대통령선거,충청북도,진천군,대한민국,57571,41255,41031,224,15844,10265,9489,2239,2925,53,12,36,15,31,21,30,71
20170509,1,19대대통령선거,충청북도,괴산군,대한민국,34611,25824,25673,151,7876,9435,5830,1063,1198,29,14,31,19,30,39,55,54
20170509,1,19대대통령선거,충청북도,증평군,대한민국,30172,21786,21648,138,8109,5608,5126,1199,1450,17,8,19,17,17,13,19,46
20170509,1,19대대통령선거,충청남도,천안시서북구,대한민국,285471,212329,211539,790,94202,37293,47891,14613,16591,234,40,125,60,119,89,73,209
20170509,1,19대대통령선거,충청남도,천안시동남구,대한민국,207268,151132,150444,688,59695,34869,34933,9089,11067,189,35,130,57,84,66,82,148
20170509,1,19대대통령선거,충청남도,공주시,대한민국,93453,67018,66618,400,25036,18449,15814,2948,3852,82,24,58,31,77,57,82,108
20170509,1,19대대통령선거,충청남도,보령시,대한민국,87274,62825,62387,438,20674,19453,15428,2819,3546,74,16,68,27,65,51,64,102
20170509,1,19대대통령선거,충청남도,아산시,대한민국,236407,173795,173030,765,73461,36741,38368,10252,13340,203,41,132,54,105,64,85,184
20170509,1,19대대통령선거,충청남도,서산시,대한민국,137217,98859,98375,484,37376,24572,23237,5520,7016,96,25,93,28,137,64,78,133
20170509,1,19대대통령선거,충청남도,태안군,대한민국,55379,38740,38469,271,12881,12666,8940,1626,2093,39,5,31,12,42,39,47,48
20170509,1,19대대통령선거,충청남도,금산군,대한민국,46637,32968,32717,251,11182,9416,8787,1312,1679,39,19,37,15,49,50,45,87
20170509,1,19대대통령선거,충청남도,논산시,대한민국,103557,72434,72037,397,28265,16948,18844,3503,3897,82,21,87,31,117,57,62,123
20170509,1,19대대통령선거,충청남도,계룡시,대한민국,32653,26530,26422,108,9566,6261,6722,2222,1502,34,6,20,6,35,6,13,29
20170509,1,19대대통령선거,충청남도,당진시,대한민국,134586,95417,94984,433,37191,23597,20852,4907,7638,107,24,177,31,221,45,68,126
20170509,1,19대대통령선거,충청남도,부여군,대한민국,61041,43288,43002,286,13492,13761,11022,1881,2382,52,18,33,23,76,66,90,106
20170509,1,19대대통령선거,충청남도,서천군,대한민국,48975,34889,34678,211,12554,9891,8744,1551,1647,37,9,47,10,44,37,43,64
20170509,1,19대대통령선거,충청남도,홍성군,대한민국,82972,59645,59325,320,21021,16682,14251,3133,3845,61,18,50,17,39,57,77,74
20170509,1,19대대통령선거,충청남도,청양군,대한민국,28528,20667,20532,135,6185,7104,5140,826,1080,28,7,22,11,15,24,48,42
20170509,1,19대대통령선거,충청남도,예산군,대한민국,70494,49668,49387,281,13880,18911,11243,2319,2693,58,16,38,16,35,31,68,79
20170509,1,19대대통령선거,전라북도,전주시완산구,대한민국,289452,236383,235656,727,157637,7003,50506,6977,12678,74,40,300,36,128,44,73,160
20170509,1,19대대통령선거,전라북도,전주시덕진구,대한민국,230552,187921,187421,500,125375,5183,40188,5286,10773,54,23,154,32,113,34,43,163
20170509,1,19대대통령선거,전라북도,군산시,대한민국,223599,172330,171825,505,109379,6360,42387,4638,8397,68,28,109,26,147,59,58,169
20170509,1,19대대통령선거,전라북도,익산시,대한민국,246727,192208,191478,730,123422,6470,45737,5324,9644,59,30,136,109,196,51,58,242
20170509,1,19대대통령선거,전라북도,정읍시,대한민국,96162,73678,73291,387,45894,2175,20111,1462,3109,32,17,102,35,116,30,38,170
20170509,1,19대대통령선거,전라북도,남원시,대한민국,70169,55371,55085,286,35539,1939,13854,1098,2193,32,15,44,21,88,44,54,164
20170509,1,19대대통령선거,전라북도,김제시,대한민국,75356,57886,57557,329,35870,2052,15880,1190,2265,22,8,37,21,24,34,37,117
20170509,1,19대대통령선거,전라북도,완주군,대한민국,78249,62470,62230,240,41057,2107,13897,1515,3306,20,16,52,13,67,25,35,120
20170509,1,19대대통령선거,전라북도,진안군,대한민국,22704,18107,18009,98,11918,819,3904,392,806,12,3,12,2,13,22,23,83
20170509,1,19대대통령선거,전라북도,무주군,대한민국,21591,17019,16918,101,10381,1225,3998,434,723,8,4,19,8,23,15,17,63
20170509,1,19대대통령선거,전라북도,장수군,대한민국,20123,16079,15975,104,10714,717,3353,342,688,8,6,14,3,18,21,17,74
20170509,1,19대대통령선거,전라북도,임실군,대한민국,25863,20381,20226,155,12893,771,5009,403,904,6,10,20,11,17,23,32,127
20170509,1,19대대통령선거,전라북도,순창군,대한민국,25319,20126,20008,118,12309,688,5624,324,755,15,9,11,7,114,23,22,107
20170509,1,19대대통령선거,전라북도,고창군,대한민국,50734,39188,38899,289,23877,1215,11182,722,1433,31,20,30,11,95,47,53,183
20170509,1,19대대통령선거,전라북도,부안군,대한민국,49026,36647,36425,222,22482,1507,9837,695,1622,10,11,40,10,27,27,29,128
20170509,1,19대대통령선거,전라남도,목포시,대한민국,187620,145476,144961,515,77896,2584,53303,3013,7529,60,21,93,21,216,47,36,142
20170509,1,19대대통령선거,전라남도,여수시,대한민국,235605,185487,184790,697,117586,4281,50228,4207,7384,48,20,148,26,441,78,60,283
20170509,1,19대대통령선거,전라남도,순천시,대한민국,223756,181451,180784,667,122595,4525,40429,4326,7475,55,33,100,36,879,55,75,201
20170509,1,19대대통령선거,전라남도,나주시,대한민국,89312,71599,71190,409,43967,1448,21011,1484,2686,34,14,50,20,147,63,67,199
20170509,1,19대대통령선거,전라남도,광양시,대한민국,120767,96384,96049,335,63544,4100,20080,3145,4553,48,15,61,22,270,22,38,151
20170509,1,19대대통령선거,전라남도,담양군,대한민국,41434,33020,32826,194,19961,698,10017,597,1212,10,12,25,10,121,30,29,104
20170509,1,19대대통령선거,전라남도,장성군,대한민국,39083,30670,30520,150,17378,851,10167,674,1190,17,13,46,13,47,23,16,85
20170509,1,19대대통령선거,전라남도,곡성군,대한민국,26671,21247,21048,199,12152,624,6850,340,795,9,6,44,6,86,26,16,94
20170509,1,19대대통령선거,전라남도,구례군,대한민국,23487,18924,18811,113,11873,628,5188,285,639,4,3,20,2,93,13,13,50
20170509,1,19대대통령선거,전라남도,고흥군,대한민국,60101,47036,46614,422,26882,1349,15614,703,1195,14,17,266,8,202,59,54,251
20170509,1,19대대통령선거,전라남도,보성군,대한민국,38902,29967,29781,186,16666,732,10514,537,945,13,6,51,14,94,34,48,127
20170509,1,19대대통령선거,전라남도,화순군,대한민국,54493,43572,43342,230,25867,770,13832,727,1662,12,11,35,10,170,47,46,153
20170509,1,19대대통령선거,전라남도,장흥군,대한민국,34688,27149,26988,161,14821,636,9593,513,975,11,4,29,12,204,37,26,127
20170509,1,19대대통령선거,전라남도,강진군,대한민국,32299,25175,25006,169,12476,753,10152,489,890,15,6,45,9,70,17,21,63
20170509,1,19대대통령선거,전라남도,완도군,대한민국,44989,34886,34593,293,20945,762,11021,521,975,12,5,32,8,87,31,33,161
20170509,1,19대대통령선거,전라남도,해남군,대한민국,63440,48351,48011,340,25901,1158,18157,778,1581,14,6,61,14,134,42,36,129
20170509,1,19대대통령선거,전라남도,진도군,대한민국,27614,21189,21010,179,10392,511,8855,323,686,10,11,25,8,57,29,22,81
20170509,1,19대대통령선거,전라남도,영암군,대한민국,47164,36402,36171,231,18999,825,13610,674,1773,10,11,47,26,62,32,30,72
20170509,1,19대대통령선거,전라남도,무안군,대한민국,65997,52516,52255,261,29516,983,18052,979,2366,18,15,38,16,86,47,30,109
20170509,1,19대대통령선거,전라남도,영광군,대한민국,46884,35919,35715,204,20595,819,11675,686,1320,16,20,57,11,282,39,30,165
20170509,1,19대대통령선거,전라남도,함평군,대한민국,30227,23368,23200,168,13539,471,7831,359,788,11,7,12,10,39,24,22,87
20170509,1,19대대통령선거,전라남도,신안군,대한민국,38305,28950,28747,203,14370,713,12000,459,890,13,16,34,13,30,44,34,131
20170509,1,19대대통령선거,경상북도,포항시북구,대한민국,221925,171444,170672,772,38629,77138,26901,17421,9682,263,33,93,59,89,61,141,162
20170509,1,19대대통령선거,경상북도,포항시남구,대한민국,200424,150740,149916,824,34808,66319,24728,14382,8845,212,29,82,37,120,56,109,189
20170509,1,19대대통령선거,경상북도,울릉군,대한민국,8968,6810,6765,45,1443,3520,973,524,261,10,1,3,5,2,4,5,14
20170509,1,19대대통령선거,경상북도,경주시,대한민국,218154,167296,166361,935,38092,80090,23898,13779,9274,331,45,99,76,166,76,206,229
20170509,1,19대대통령선거,경상북도,김천시,대한민국,119825,92184,91572,612,22255,43998,12803,6336,5458,161,26,78,38,48,56,164,151
20170509,1,19대대통령선거,경상북도,안동시,대한민국,139937,107357,106637,720,23121,52978,15461,9186,5058,170,32,68,70,56,76,221,140
20170509,1,19대대통령선거,경상북도,구미시,대한민국,328174,246638,245302,1336,62573,98732,41141,25468,16027,419,57,119,73,105,72,166,350
20170509,1,19대대통령선거,경상북도,영주시,대한민국,92117,70861,70390,471,15280,34504,10444,6451,3182,95,18,41,32,49,52,143,99
20170509,1,19대대통령선거,경상북도,영천시,대한민국,87459,66091,65588,503,12250,35328,9175,5553,2606,151,27,56,42,59,86,147,108
20170509,1,19대대통령선거,경상북도,상주시,대한민국,87859,67717,67275,442,12356,38171,9392,4021,2589,133,15,50,33,84,63,246,122
20170509,1,19대대통령선거,경상북도,문경시,대한민국,63553,49113,48796,317,8616,27832,6905,2981,1973,106,25,40,36,23,37,135,87
20170509,1,19대대통령선거,경상북도,예천군,대한민국,40545,32124,31842,282,5261,18863,4427,1840,1018,52,14,21,23,34,59,155,75
20170509,1,19대대통령선거,경상북도,경산시,대한민국,212825,160794,159867,927,35602,72129,24606,17962,8551,334,38,82,50,142,61,116,194
20170509,1,19대대통령선거,경상북도,청도군,대한민국,39505,30398,30157,241,5323,17678,3654,2145,965,58,9,22,13,32,47,134,77
20170509,1,19대대통령선거,경상북도,고령군,대한민국,29964,22396,22209,187,3754,13248,2600,1523,839,55,13,12,10,30,19,61,45
20170509,1,19대대통령선거,경상북도,성주군,대한민국,40284,30070,29870,200,5409,16788,3586,2056,1714,60,14,24,15,33,31,83,57
20170509,1,19대대통령선거,경상북도,칠곡군,대한민국,98543,72006,71601,405,16872,31540,11340,7063,4327,137,22,36,20,45,17,71,111
20170509,1,19대대통령선거,경상북도,군위군,대한민국,22560,17627,17537,90,2251,11651,1939,1054,470,42,7,5,7,15,10,57,29
20170509,1,19대대통령선거,경상북도,의성군,대한민국,49768,37855,37582,273,5365,23790,4767,2184,1023,78,13,21,20,72,49,139,61
20170509,1,19대대통령선거,경상북도,청송군,대한민국,23810,18418,18302,116,3218,10669,2387,1180,605,37,5,14,29,20,23,90,25
20170509,1,19대대통령선거,경상북도,영양군,대한민국,15705,12048,11949,99,2281,6554,1701,697,438,20,6,14,145,3,12,57,21
20170509,1,19대대통령선거,경상북도,영덕군,대한민국,34714,26125,25908,217,3786,16314,3231,1513,807,46,8,14,11,18,33,82,45
20170509,1,19대대통령선거,경상북도,봉화군,대한민국,29612,22947,22783,164,4209,12536,3370,1423,934,45,9,29,9,29,31,108,51
20170509,1,19대대통령선거,경상북도,울진군,대한민국,43754,32568,32345,223,6972,16867,4476,2275,1434,38,10,31,8,34,37,106,57
20170509,1,19대대통령선거,경상남도,창원시의창구,대한민국,207375,164047,163223,824,60757,56887,22830,12134,9772,196,31,102,44,118,51,77,224
20170509,1,19대대통령선거,경상남도,창원시성산구,대한민국,183547,153327,152647,680,63717,42052,22923,12512,10826,152,17,55,31,116,41,49,156
20170509,1,19대대통령선거,경상남도,창원시마산합포구,대한민국,153651,119281,118679,602,35592,54488,14686,7491,5887,112,18,58,46,50,28,63,160
20170509,1,19대대통령선거,경상남도,창원시마산회원구,대한민국,172306,136757,136092,665,45014,56340,17744,9228,7132,127,23,73,45,67,42,67,190
20170509,1,19대대통령선거,경상남도,창원시진해구,대한민국,146938,114779,114215,564,41249,40049,17435,8732,6186,108,17,73,38,53,31,63,181
20170509,1,19대대통령선거,경상남도,진주시,대한민국,281105,222813,221617,1196,73929,93751,26687,14735,11243,212,44,111,92,182,83,240,308
20170509,1,19대대통령선거,경상남도,통영시,대한민국,111279,82855,82337,518,25477,36128,10738,5332,4075,104,25,59,26,42,55,134,142
20170509,1,19대대통령선거,경상남도,고성군,대한민국,47369,34603,34338,265,9848,16797,4104,1828,1459,51,13,19,13,21,39,75,71
20170509,1,19대대통령선거,경상남도,사천시,대한민국,94377,71555,71066,489,22370,32475,8350,4135,3267,62,15,34,21,56,48,110,123
20170509,1,19대대통령선거,경상남도,김해시,대한민국,414018,318253,316685,1568,147972,82880,45126,21936,17441,291,52,158,79,157,83,123,387
20170509,1,19대대통령선거,경상남도,밀양시,대한민국,93568,70687,70202,485,20842,32394,9073,4441,2940,116,16,41,26,47,53,111,102
20170509,1,19대대통령선거,경상남도,거제시,대한민국,196936,150230,149394,836,68291,38775,20359,10941,10256,167,28,85,46,83,49,102,212
20170509,1,19대대통령선거,경상남도,의령군,대한민국,25302,19258,19044,214,5115,10134,1984,820,690,29,5,24,8,21,42,97,75
20170509,1,19대대통령선거,경상남도,함안군,대한민국,57493,43866,43555,311,13597,19809,5399,2452,1986,43,17,18,18,34,31,65,86
20170509,1,19대대통령선거,경상남도,창녕군,대한민국,55896,42878,42450,428,10310,24464,3877,2013,1408,47,11,17,22,31,38,113,99
20170509,1,19대대통령선거,경상남도,양산시,대한민국,256724,199835,198881,954,83412,58811,30945,14055,10705,212,41,132,46,130,48,104,240
20170509,1,19대대통령선거,경상남도,하동군,대한민국,43206,34324,33967,357,11211,14864,4150,1792,1489,57,17,38,32,42,48,113,114
20170509,1,19대대통령선거,경상남도,남해군,대한민국,40197,30208,29928,280,8680,14166,3906,1627,1248,36,13,27,15,20,35,68,87
20170509,1,19대대통령선거,경상남도,함양군,대한민국,34899,26640,26364,276,7388,13008,3203,1315,1118,44,14,32,16,27,27,111,61
20170509,1,19대대통령선거,경상남도,산청군,대한민국,32215,24513,24295,218,6561,12544,2753,1196,935,41,6,21,19,21,34,91,73
20170509,1,19대대통령선거,경상남도,거창군,대한민국,53345,41325,40949,376,11256,19976,4923,2447,1923,46,12,37,22,48,54,105,100
20170509,1,19대대통령선거,경상남도,합천군,대한민국,42887,33021,32711,310,7143,19699,3077,1317,1065,37,23,26,16,28,51,153,76
20170509,1,19대대통령선거,제주특별자치도,제주시,대한민국,375292,273163,271780,1383,125717,48027,55971,16885,23592,270,96,193,73,257,153,178,368
20170509,1,19대대통령선거,제주특별자치도,서귀포시,대한민국,142708,101296,100632,664,43776,20036,21890,5899,8124,115,173,119,40,78,83,111,188
