sg_id,sg_typecode,election_name,sido,sigungu,sgg_name,total_voters,total_voted,valid_votes,invalid_votes,party_더불어민주당,party_자유한국당,party_바른미래당,party_정의당,party_민중당,party_대한애국당,party_녹색당,party_우리미래,party_친박연대,party_무소속,party_코리아,party_민주평화당
20180613,3,7회지방선거_시도지사,서울특별시,종로구,서울특별시,134963,81195,80091,1104,41148,18777.0,15946.0,1469.0,358.0,223.0,1896.0,215.0,59.0,0.0,0.0,0.0
20180613,3,7회지방선거_시도지사,서울특별시,중구,서울특별시,112336,66474,65491,983,34243,15618.0,12814.0,1023.0,279.0,193.0,1076.0,149.0,96.0,0.0,0.0,0.0
20180613,3,7회지방선거_시도지사,서울특별시,용산구,서울특별시,200009,116054,114662,1392,53964,31073.0,24074.0,2151.0,436.0,231.0,2392.0,226.0,115.0,0.0,0.0,0.0
20180613,3,7회지방선거_시도지사,서울특별시,성동구,서울특별시,264634,157863,155866,1997,84106,34878.0,30379.0,2594.0,689.0,309.0,2418.0,370.0,123.0,0.0,0.0,0.0
20180613,3,7회지방선거_시도지사,서울특별시,광진구,서울특별시,308174,180373,178368,2005,99366,38606.0,32310.0,3077.0,804.0,376.0,3222.0,482.0,125.0,0.0,0.0,0.0
20180613,3,7회지방선거_시도지사,서울특별시,동대문구,서울특별시,302939,178077,175723,2354,93913,40984.0,33437.0,2731.0,827.0,434.0,2848.0,404.0,145.0,0.0,0.0,0.0
20180613,3,7회지방선거_시도지사,서울특별시,중랑구,서울특별시,352041,198943,196210,2733,109318,45905.0,33672.0,2662.0,959.0,519.0,2561.0,429.0,185.0,0.0,0.0,0.0
20180613,3,7회지방선거_시도지사,서울특별시,성북구,서울특별시,373174,222184,219501,2683,119898,47274.0,42105.0,3750.0,918.0,523.0,4349.0,497.0,187.0,0.0,0.0,0.0
20180613,3,7회지방선거_시도지사,서울특별시,강북구,서울특별시,280860,156279,153981,2298,85839,33537.0,28138.0,2396.0,718.0,481.0,2276.0,431.0,165.0,0.0,0.0,0.0
20180613,3,7회지방선거_시도지사,서울특별시,도봉구,서울특별시,292696,173751,171609,2142,92172,39099.0,33308.0,2767.0,810.0,445.0,2430.0,434.0,144.0,0.0,0.0,0.0
20180613,3,7회지방선거_시도지사,서울특별시,노원구,서울특별시,456370,283039,279578,3461,150657,54461.0,62193.0,4866.0,1448.0,609.0,4364.0,732.0,248.0,0.0,0.0,0.0
20180613,3,7회지방선거_시도지사,서울특별시,은평구,서울특별시,413112,238193,235371,2822,131287,49071.0,44033.0,4167.0,1121.0,533.0,4421.0,522.0,216.0,0.0,0.0,0.0
20180613,3,7회지방선거_시도지사,서울특별시,서대문구,서울특별시,269182,163969,161842,2127,87486,34514.0,31494.0,2842.0,879.0,333.0,3780.0,394.0,120.0,0.0,0.0,0.0
20180613,3,7회지방선거_시도지사,서울특별시,마포구,서울특별시,320091,197264,195261,2003,105956,40249.0,37233.0,4369.0,927.0,386.0,5475.0,496.0,170.0,0.0,0.0,0.0
20180613,3,7회지방선거_시도지사,서울특별시,양천구,서울특별시,383104,238559,236091,2468,125557,53780.0,47056.0,4052.0,979.0,507.0,3455.0,525.0,180.0,0.0,0.0,0.0
20180613,3,7회지방선거_시도지사,서울특별시,강서구,서울특별시,509021,303651,300409,3242,168733,64676.0,54090.0,5356.0,1522.0,690.0,4387.0,696.0,259.0,0.0,0.0,0.0
20180613,3,7회지방선거_시도지사,서울특별시,구로구,서울특별시,351457,211169,208763,2406,113799,48981.0,37784.0,3363.0,1006.0,436.0,2709.0,494.0,191.0,0.0,0.0,0.0
20180613,3,7회지방선거_시도지사,서울특별시,금천구,서울특별시,206762,116953,115335,1618,64662,25156.0,21106.0,1539.0,681.0,334.0,1505.0,235.0,117.0,0.0,0.0,0.0
20180613,3,7회지방선거_시도지사,서울특별시,영등포구,서울특별시,325036,195840,193643,2197,100899,46666.0,37945.0,3145.0,988.0,421.0,3008.0,416.0,155.0,0.0,0.0,0.0
20180613,3,7회지방선거_시도지사,서울특별시,동작구,서울특별시,340489,213232,210932,2300,114563,46094.0,41257.0,3564.0,863.0,382.0,3535.0,522.0,152.0,0.0,0.0,0.0
20180613,3,7회지방선거_시도지사,서울특별시,관악구,서울특별시,449742,265465,262094,3371,152069,47686.0,49248.0,4745.0,1490.0,606.0,5336.0,684.0,230.0,0.0,0.0,0.0
20180613,3,7회지방선거_시도지사,서울특별시,서초구,서울특별시,359734,226905,225012,1893,96452,69910.0,50486.0,3010.0,600.0,454.0,3535.0,459.0,106.0,0.0,0.0,0.0
20180613,3,7회지방선거_시도지사,서울특별시,강남구,서울특별시,454862,266153,263938,2215,107743,87305.0,58987.0,3723.0,721.0,586.0,4240.0,499.0,134.0,0.0,0.0,0.0
20180613,3,7회지방선거_시도지사,서울특별시,송파구,서울특별시,554983,348956,345819,3137,171592,90144.0,71367.0,4952.0,1207.0,686.0,4861.0,780.0,230.0,0.0,0.0,0.0
20180613,3,7회지방선거_시도지사,서울특별시,강동구,서울특별시,365176,218557,216282,2275,114075,54043.0,39912.0,3351.0,904.0,525.0,2795.0,508.0,169.0,0.0,0.0,0.0
20180613,3,7회지방선거_시도지사,부산광역시,중구,부산광역시,39832,22499,22103,396,11730,8993.0,657.0,423.0,0.0,0.0,0.0,0.0,0.0,300.0,0.0,0.0
20180613,3,7회지방선거_시도지사,부산광역시,서구,부산광역시,97123,55377,54353,1024,27919,22760.0,1670.0,1091.0,0.0,0.0,0.0,0.0,0.0,913.0,0.0,0.0
20180613,3,7회지방선거_시도지사,부산광역시,동구,부산광역시,79091,46288,45321,967,23476,18841.0,1480.0,833.0,0.0,0.0,0.0,0.0,0.0,691.0,0.0,0.0
20180613,3,7회지방선거_시도지사,부산광역시,영도구,부산광역시,107930,61332,60310,1022,34279,22179.0,1923.0,1050.0,0.0,0.0,0.0,0.0,0.0,879.0,0.0,0.0
20180613,3,7회지방선거_시도지사,부산광역시,부산진구,부산광역시,319402,184063,181311,2752,98314,67354.0,8409.0,3608.0,0.0,0.0,0.0,0.0,0.0,3626.0,0.0,0.0
20180613,3,7회지방선거_시도지사,부산광역시,동래구,부산광역시,226713,135595,133866,1729,72895,50115.0,6046.0,2847.0,0.0,0.0,0.0,0.0,0.0,1963.0,0.0,0.0
20180613,3,7회지방선거_시도지사,부산광역시,남구,부산광역시,234211,140451,138375,2076,75978,52232.0,5283.0,2980.0,0.0,0.0,0.0,0.0,0.0,1902.0,0.0,0.0
20180613,3,7회지방선거_시도지사,부산광역시,북구,부산광역시,253907,152125,150128,1997,85791,53265.0,5742.0,3296.0,0.0,0.0,0.0,0.0,0.0,2034.0,0.0,0.0
20180613,3,7회지방선거_시도지사,부산광역시,해운대구,부산광역시,342079,200332,198174,2158,109622,73131.0,8980.0,3671.0,0.0,0.0,0.0,0.0,0.0,2770.0,0.0,0.0
20180613,3,7회지방선거_시도지사,부산광역시,기장군,부산광역시,127882,76285,74791,1494,43966,24813.0,2722.0,1697.0,0.0,0.0,0.0,0.0,0.0,1593.0,0.0,0.0
20180613,3,7회지방선거_시도지사,부산광역시,사하구,부산광역시,281099,160688,158344,2344,88757,58193.0,5887.0,3270.0,0.0,0.0,0.0,0.0,0.0,2237.0,0.0,0.0
20180613,3,7회지방선거_시도지사,부산광역시,금정구,부산광역시,210978,126589,124748,1841,66972,48138.0,4742.0,3112.0,0.0,0.0,0.0,0.0,0.0,1784.0,0.0,0.0
20180613,3,7회지방선거_시도지사,부산광역시,강서구,부산광역시,92854,55518,54855,663,32491,18201.0,1911.0,1084.0,0.0,0.0,0.0,0.0,0.0,1168.0,0.0,0.0
20180613,3,7회지방선거_시도지사,부산광역시,연제구,부산광역시,174673,105913,104604,1309,57573,38815.0,4202.0,2177.0,0.0,0.0,0.0,0.0,0.0,1837.0,0.0,0.0
20180613,3,7회지방선거_시도지사,부산광역시,수영구,부산광역시,155794,90474,89422,1052,47799,35084.0,3526.0,1738.0,0.0,0.0,0.0,0.0,0.0,1275.0,0.0,0.0
20180613,3,7회지방선거_시도지사,부산광역시,사상구,부산광역시,195478,114155,112091,2064,62907,40692.0,4322.0,2422.0,0.0,0.0,0.0,0.0,0.0,1748.0,0.0,0.0
20180613,3,7회지방선거_시도지사,대구광역시,중구,대구광역시,68303,39863,39195,668,14983,21640.0,2572.0,0.0,0.0,0.0,0.0,0.0,0.0,0.0,0.0,0.0
20180613,3,7회지방선거_시도지사,대구광역시,동구,대구광역시,295860,171627,168737,2890,65465,90378.0,12894.0,0.0,0.0,0.0,0.0,0.0,0.0,0.0,0.0,0.0
20180613,3,7회지방선거_시도지사,대구광역시,서구,대구광역시,167260,89634,87591,2043,28180,53879.0,5532.0,0.0,0.0,0.0,0.0,0.0,0.0,0.0,0.0,0.0
20180613,3,7회지방선거_시도지사,대구광역시,남구,대구광역시,134493,72239,70666,1573,25478,41302.0,3886.0,0.0,0.0,0.0,0.0,0.0,0.0,0.0,0.0,0.0
20180613,3,7회지방선거_시도지사,대구광역시,북구,대구광역시,360010,205858,202356,3502,83084,106028.0,13244.0,0.0,0.0,0.0,0.0,0.0,0.0,0.0,0.0,0.0
20180613,3,7회지방선거_시도지사,대구광역시,수성구,대구광역시,351854,211819,209181,2638,84824,111722.0,12635.0,0.0,0.0,0.0,0.0,0.0,0.0,0.0,0.0,0.0
20180613,3,7회지방선거_시도지사,대구광역시,달서구,대구광역시,472669,266010,261737,4273,108602,136139.0,16996.0,0.0,0.0,0.0,0.0,0.0,0.0,0.0,0.0,0.0
20180613,3,7회지방선거_시도지사,대구광역시,달성군,대구광역시,196837,115229,112769,2460,47496,58077.0,7196.0,0.0,0.0,0.0,0.0,0.0,0.0,0.0,0.0,0.0
20180613,3,7회지방선거_시도지사,인천광역시,중구,인천광역시,98608,53666,52802,864,29817,19724.0,1960.0,1301.0,0.0,0.0,0.0,0.0,0.0,0.0,0.0,0.0
20180613,3,7회지방선거_시도지사,인천광역시,동구,인천광역시,57559,34757,34013,744,17288,14655.0,895.0,1175.0,0.0,0.0,0.0,0.0,0.0,0.0,0.0,0.0
20180613,3,7회지방선거_시도지사,인천광역시,남구,인천광역시,356508,183835,180697,3138,97347,71278.0,6754.0,5318.0,0.0,0.0,0.0,0.0,0.0,0.0,0.0,0.0
20180613,3,7회지방선거_시도지사,인천광역시,연수구,인천광역시,269626,160548,158590,1958,90969,58191.0,5277.0,4153.0,0.0,0.0,0.0,0.0,0.0,0.0,0.0,0.0
20180613,3,7회지방선거_시도지사,인천광역시,남동구,인천광역시,441132,246564,243264,3300,144979,82245.0,8552.0,7488.0,0.0,0.0,0.0,0.0,0.0,0.0,0.0,0.0
20180613,3,7회지방선거_시도지사,인천광역시,부평구,인천광역시,448618,241811,238406,3405,140735,76655.0,13830.0,7186.0,0.0,0.0,0.0,0.0,0.0,0.0,0.0,0.0
20180613,3,7회지방선거_시도지사,인천광역시,계양구,인천광역시,266216,143889,141827,2062,86747,44686.0,5869.0,4525.0,0.0,0.0,0.0,0.0,0.0,0.0,0.0,0.0
20180613,3,7회지방선거_시도지사,인천광역시,서구,인천광역시,422819,230166,227263,2903,137825,74876.0,9347.0,5215.0,0.0,0.0,0.0,0.0,0.0,0.0,0.0,0.0
20180613,3,7회지방선거_시도지사,인천광역시,강화군,인천광역시,60755,39940,38532,1408,14972,21723.0,1080.0,757.0,0.0,0.0,0.0,0.0,0.0,0.0,0.0,0.0
20180613,3,7회지방선거_시도지사,인천광역시,옹진군,인천광역시,18938,13908,13255,653,5507,6904.0,490.0,354.0,0.0,0.0,0.0,0.0,0.0,0.0,0.0,0.0
20180613,3,7회지방선거_시도지사,광주광역시,동구,광주광역시,82265,51550,50417,1133,42139,0.0,3489.0,2688.0,2101.0,0.0,0.0,0.0,0.0,0.0,0.0,0.0
20180613,3,7회지방선거_시도지사,광주광역시,서구,광주광역시,247275,147798,145544,2254,122803,0.0,7163.0,8813.0,6765.0,0.0,0.0,0.0,0.0,0.0,0.0,0.0
20180613,3,7회지방선거_시도지사,광주광역시,남구,광주광역시,176964,106294,104453,1841,88699,0.0,5569.0,6042.0,4143.0,0.0,0.0,0.0,0.0,0.0,0.0,0.0
20180613,3,7회지방선거_시도지사,광주광역시,북구,광주광역시,358914,210587,207007,3580,173766,0.0,9854.0,11694.0,11693.0,0.0,0.0,0.0,0.0,0.0,0.0,0.0
20180613,3,7회지방선거_시도지사,광주광역시,광산구,광주광역시,307011,178023,175289,2734,146588,0.0,8412.0,11679.0,8610.0,0.0,0.0,0.0,0.0,0.0,0.0,0.0
20180613,3,7회지방선거_시도지사,대전광역시,동구,대전광역시,191362,106341,104313,2028,55928,35880.0,9750.0,2755.0,0.0,0.0,0.0,0.0,0.0,0.0,0.0,0.0
20180613,3,7회지방선거_시도지사,대전광역시,중구,대전광역시,206042,116950,115103,1847,60878,41632.0,9863.0,2730.0,0.0,0.0,0.0,0.0,0.0,0.0,0.0,0.0
20180613,3,7회지방선거_시도지사,대전광역시,서구,대전광역시,395367,226532,223878,2654,127151,71325.0,19262.0,6140.0,0.0,0.0,0.0,0.0,0.0,0.0,0.0,0.0
20180613,3,7회지방선거_시도지사,대전광역시,유성구,대전광역시,272663,168310,166705,1605,101687,43981.0,16466.0,4571.0,0.0,0.0,0.0,0.0,0.0,0.0,0.0,0.0
20180613,3,7회지방선거_시도지사,대전광역시,대덕구,대전광역시,154079,88850,87283,1567,47710,31488.0,5930.0,2155.0,0.0,0.0,0.0,0.0,0.0,0.0,0.0,0.0
20180613,3,7회지방선거_시도지사,울산광역시,중구,울산광역시,194908,128337,125872,2465,65014,54227.0,2553.0,0.0,4078.0,0.0,0.0,0.0,0.0,0.0,0.0,0.0
20180613,3,7회지방선거_시도지사,울산광역시,남구,울산광역시,274930,176694,174249,2445,89518,75240.0,3502.0,0.0,5989.0,0.0,0.0,0.0,0.0,0.0,0.0,0.0
20180613,3,7회지방선거_시도지사,울산광역시,동구,울산광역시,134316,86763,84913,1850,47190,28418.0,2151.0,0.0,7154.0,0.0,0.0,0.0,0.0,0.0,0.0,0.0
20180613,3,7회지방선거_시도지사,울산광역시,북구,울산광역시,159030,104132,102846,1286,58639,33758.0,2506.0,0.0,7943.0,0.0,0.0,0.0,0.0,0.0,0.0,0.0
20180613,3,7회지방선거_시도지사,울산광역시,울주군,울산광역시,179366,114772,112146,2626,56980,48832.0,2877.0,0.0,3457.0,0.0,0.0,0.0,0.0,0.0,0.0,0.0
20180613,3,7회지방선거_시도지사,세종특별자치시,세종특별자치시,세종특별자치시,222852,137603,135886,1717,96896,24546.0,14444.0,0.0,0.0,0.0,0.0,0.0,0.0,0.0,0.0,0.0
20180613,3,7회지방선거_시도지사,경기도,수원시장안구,경기도,202140,121951,119826,2125,64965,45405.0,5638.0,3050.0,768.0,0.0,0.0,0.0,0.0,0.0,0.0,0.0
20180613,3,7회지방선거_시도지사,경기도,수원시권선구,경기도,342897,197363,194115,3248,110066,69133.0,8656.0,4787.0,1473.0,0.0,0.0,0.0,0.0,0.0,0.0,0.0
20180613,3,7회지방선거_시도지사,경기도,수원시팔달구,경기도,161673,88388,86688,1700,44464,36057.0,3707.0,1908.0,552.0,0.0,0.0,0.0,0.0,0.0,0.0,0.0
20180613,3,7회지방선거_시도지사,경기도,수원시영통구,경기도,273531,174692,172012,2680,98513,59730.0,8134.0,4762.0,873.0,0.0,0.0,0.0,0.0,0.0,0.0,0.0
20180613,3,7회지방선거_시도지사,경기도,성남시수정구,경기도,204053,115704,113644,2060,71400,34928.0,4592.0,1902.0,822.0,0.0,0.0,0.0,0.0,0.0,0.0,0.0
20180613,3,7회지방선거_시도지사,경기도,성남시중원구,경기도,195192,112200,110388,1812,70848,32910.0,4179.0,1535.0,916.0,0.0,0.0,0.0,0.0,0.0,0.0,0.0
20180613,3,7회지방선거_시도지사,경기도,성남시분당구,경기도,401672,266966,263262,3704,141379,102110.0,13286.0,5498.0,989.0,0.0,0.0,0.0,0.0,0.0,0.0,0.0
20180613,3,7회지방선거_시도지사,경기도,의정부시,경기도,366459,198518,194977,3541,111187,69513.0,8276.0,4593.0,1408.0,0.0,0.0,0.0,0.0,0.0,0.0,0.0
20180613,3,7회지방선거_시도지사,경기도,안양시만안구,경기도,216498,129861,127521,2340,70458,47791.0,5517.0,3027.0,728.0,0.0,0.0,0.0,0.0,0.0,0.0,0.0
20180613,3,7회지방선거_시도지사,경기도,안양시동안구,경기도,268004,174899,172059,2840,94546,62887.0,8701.0,5039.0,886.0,0.0,0.0,0.0,0.0,0.0,0.0,0.0
20180613,3,7회지방선거_시도지사,경기도,부천시,경기도,715281,396259,388807,7452,229343,124420.0,21447.0,10706.0,2891.0,0.0,0.0,0.0,0.0,0.0,0.0,0.0
20180613,3,7회지방선거_시도지사,경기도,광명시,경기도,270792,166883,163733,3150,96855,51810.0,9498.0,4554.0,1016.0,0.0,0.0,0.0,0.0,0.0,0.0,0.0
20180613,3,7회지방선거_시도지사,경기도,평택시,경기도,394222,209742,205260,4482,112564,76374.0,9848.0,4503.0,1971.0,0.0,0.0,0.0,0.0,0.0,0.0,0.0
20180613,3,7회지방선거_시도지사,경기도,양주시,경기도,171243,94177,92300,1877,51463,34240.0,3667.0,1930.0,1000.0,0.0,0.0,0.0,0.0,0.0,0.0,0.0
20180613,3,7회지방선거_시도지사,경기도,동두천시,경기도,80603,43685,42542,1143,21857,17583.0,1857.0,748.0,497.0,0.0,0.0,0.0,0.0,0.0,0.0,0.0
20180613,3,7회지방선거_시도지사,경기도,안산시상록구,경기도,301162,160049,157030,3019,91311,49098.0,11537.0,3739.0,1345.0,0.0,0.0,0.0,0.0,0.0,0.0,0.0
20180613,3,7회지방선거_시도지사,경기도,안산시단원구,경기도,252537,134644,132323,2321,74194,44294.0,9225.0,3534.0,1076.0,0.0,0.0,0.0,0.0,0.0,0.0,0.0
20180613,3,7회지방선거_시도지사,경기도,고양시덕양구,경기도,398866,232142,227964,4178,128755,75507.0,10665.0,11615.0,1422.0,0.0,0.0,0.0,0.0,0.0,0.0,0.0
20180613,3,7회지방선거_시도지사,경기도,고양시일산동구,경기도,234054,132770,130441,2329,72347,44949.0,6905.0,5474.0,766.0,0.0,0.0,0.0,0.0,0.0,0.0,0.0
20180613,3,7회지방선거_시도지사,경기도,고양시일산서구,경기도,222085,132848,130630,2218,74380,43861.0,6801.0,4946.0,642.0,0.0,0.0,0.0,0.0,0.0,0.0,0.0
20180613,3,7회지방선거_시도지사,경기도,과천시,경기도,46715,32773,32123,650,15579,13411.0,1854.0,1069.0,210.0,0.0,0.0,0.0,0.0,0.0,0.0,0.0
20180613,3,7회지방선거_시도지사,경기도,의왕시,경기도,127960,82375,80770,1605,43729,30285.0,3947.0,2145.0,664.0,0.0,0.0,0.0,0.0,0.0,0.0,0.0
20180613,3,7회지방선거_시도지사,경기도,구리시,경기도,165295,97711,95908,1803,53719,35615.0,3827.0,2181.0,566.0,0.0,0.0,0.0,0.0,0.0,0.0,0.0
20180613,3,7회지방선거_시도지사,경기도,남양주시,경기도,537349,294809,289789,5020,168295,99733.0,13215.0,6790.0,1756.0,0.0,0.0,0.0,0.0,0.0,0.0,0.0
20180613,3,7회지방선거_시도지사,경기도,오산시,경기도,169638,90096,88461,1635,52651,28867.0,4254.0,2013.0,676.0,0.0,0.0,0.0,0.0,0.0,0.0,0.0
20180613,3,7회지방선거_시도지사,경기도,화성시,경기도,551721,313790,308958,4832,185121,97491.0,15784.0,7207.0,3355.0,0.0,0.0,0.0,0.0,0.0,0.0,0.0
20180613,3,7회지방선거_시도지사,경기도,시흥시,경기도,350586,185308,182200,3108,112164,55861.0,8342.0,4389.0,1444.0,0.0,0.0,0.0,0.0,0.0,0.0,0.0
20180613,3,7회지방선거_시도지사,경기도,군포시,경기도,228999,144561,142002,2559,80443,49324.0,7826.0,3615.0,794.0,0.0,0.0,0.0,0.0,0.0,0.0,0.0
20180613,3,7회지방선거_시도지사,경기도,하남시,경기도,194181,115416,113574,1842,62653,42956.0,4790.0,2615.0,560.0,0.0,0.0,0.0,0.0,0.0,0.0,0.0
20180613,3,7회지방선거_시도지사,경기도,파주시,경기도,352518,193802,189746,4056,108579,65458.0,8699.0,5486.0,1524.0,0.0,0.0,0.0,0.0,0.0,0.0,0.0
20180613,3,7회지방선거_시도지사,경기도,여주시,경기도,94136,55404,53838,1566,25085,24478.0,2375.0,1133.0,767.0,0.0,0.0,0.0,0.0,0.0,0.0,0.0
20180613,3,7회지방선거_시도지사,경기도,이천시,경기도,171518,93703,91624,2079,47797,37536.0,3698.0,1771.0,822.0,0.0,0.0,0.0,0.0,0.0,0.0,0.0
20180613,3,7회지방선거_시도지사,경기도,용인시처인구,경기도,192573,106690,104494,2196,55882,41681.0,4343.0,1852.0,736.0,0.0,0.0,0.0,0.0,0.0,0.0,0.0
20180613,3,7회지방선거_시도지사,경기도,용인시수지구,경기도,215189,139112,137280,1832,71443,55326.0,6628.0,3354.0,529.0,0.0,0.0,0.0,0.0,0.0,0.0,0.0
20180613,3,7회지방선거_시도지사,경기도,용인시기흥구,경기도,387109,245512,241691,3821,134480,90137.0,10347.0,5612.0,1115.0,0.0,0.0,0.0,0.0,0.0,0.0,0.0
20180613,3,7회지방선거_시도지사,경기도,안성시,경기도,149626,82039,80144,1895,42960,31310.0,3148.0,1804.0,922.0,0.0,0.0,0.0,0.0,0.0,0.0,0.0
20180613,3,7회지방선거_시도지사,경기도,김포시,경기도,316246,180079,177188,2891,101724,62059.0,7569.0,4553.0,1283.0,0.0,0.0,0.0,0.0,0.0,0.0,0.0
20180613,3,7회지방선거_시도지사,경기도,광주시,경기도,287993,156147,153939,2208,91195,53161.0,5865.0,2706.0,1012.0,0.0,0.0,0.0,0.0,0.0,0.0,0.0
20180613,3,7회지방선거_시도지사,경기도,포천시,경기도,129049,70763,68930,1833,33534,30022.0,3217.0,1261.0,896.0,0.0,0.0,0.0,0.0,0.0,0.0,0.0
20180613,3,7회지방선거_시도지사,경기도,연천군,경기도,38497,24793,23988,805,11383,10991.0,908.0,366.0,340.0,0.0,0.0,0.0,0.0,0.0,0.0,0.0
20180613,3,7회지방선거_시도지사,경기도,양평군,경기도,98582,60999,59301,1698,26225,27683.0,3389.0,1464.0,540.0,0.0,0.0,0.0,0.0,0.0,0.0,0.0
20180613,3,7회지방선거_시도지사,경기도,가평군,경기도,54583,35332,34057,1275,15085,16448.0,1343.0,635.0,546.0,0.0,0.0,0.0,0.0,0.0,0.0,0.0
20180613,3,7회지방선거_시도지사,강원도,춘천시,강원도,231430,144282,141723,2559,96699,45024.0,0.0,0.0,0.0,0.0,0.0,0.0,0.0,0.0,0.0,0.0
20180613,3,7회지방선거_시도지사,강원도,원주시,강원도,278991,159235,156871,2364,103811,53060.0,0.0,0.0,0.0,0.0,0.0,0.0,0.0,0.0,0.0,0.0
20180613,3,7회지방선거_시도지사,강원도,강릉시,강원도,179767,108772,106520,2252,62434,44086.0,0.0,0.0,0.0,0.0,0.0,0.0,0.0,0.0,0.0,0.0
20180613,3,7회지방선거_시도지사,강원도,동해시,강원도,75747,46923,45817,1106,29034,16783.0,0.0,0.0,0.0,0.0,0.0,0.0,0.0,0.0,0.0,0.0
20180613,3,7회지방선거_시도지사,강원도,삼척시,강원도,59117,41032,39770,1262,25401,14369.0,0.0,0.0,0.0,0.0,0.0,0.0,0.0,0.0,0.0,0.0
20180613,3,7회지방선거_시도지사,강원도,태백시,강원도,38386,25298,24626,672,15354,9272.0,0.0,0.0,0.0,0.0,0.0,0.0,0.0,0.0,0.0,0.0
20180613,3,7회지방선거_시도지사,강원도,정선군,강원도,33293,23092,22447,645,14708,7739.0,0.0,0.0,0.0,0.0,0.0,0.0,0.0,0.0,0.0,0.0
20180613,3,7회지방선거_시도지사,강원도,속초시,강원도,68234,40493,39680,813,26237,13443.0,0.0,0.0,0.0,0.0,0.0,0.0,0.0,0.0,0.0,0.0
20180613,3,7회지방선거_시도지사,강원도,고성군,강원도,25496,18354,17793,561,11620,6173.0,0.0,0.0,0.0,0.0,0.0,0.0,0.0,0.0,0.0,0.0
20180613,3,7회지방선거_시도지사,강원도,양양군,강원도,24088,17864,17362,502,10931,6431.0,0.0,0.0,0.0,0.0,0.0,0.0,0.0,0.0,0.0,0.0
20180613,3,7회지방선거_시도지사,강원도,인제군,강원도,27243,19632,19049,583,12988,6061.0,0.0,0.0,0.0,0.0,0.0,0.0,0.0,0.0,0.0,0.0
20180613,3,7회지방선거_시도지사,강원도,홍천군,강원도,60386,39971,38878,1093,25477,13401.0,0.0,0.0,0.0,0.0,0.0,0.0,0.0,0.0,0.0,0.0
20180613,3,7회지방선거_시도지사,강원도,횡성군,강원도,40565,27945,27063,882,16987,10076.0,0.0,0.0,0.0,0.0,0.0,0.0,0.0,0.0,0.0,0.0
20180613,3,7회지방선거_시도지사,강원도,영월군,강원도,35214,23980,23396,584,14032,9364.0,0.0,0.0,0.0,0.0,0.0,0.0,0.0,0.0,0.0,0.0
20180613,3,7회지방선거_시도지사,강원도,평창군,강원도,37506,25475,24921,554,15765,9156.0,0.0,0.0,0.0,0.0,0.0,0.0,0.0,0.0,0.0,0.0
20180613,3,7회지방선거_시도지사,강원도,화천군,강원도,21783,16229,15724,505,10885,4839.0,0.0,0.0,0.0,0.0,0.0,0.0,0.0,0.0,0.0,0.0
20180613,3,7회지방선거_시도지사,강원도,양구군,강원도,19596,14386,13881,505,9171,4710.0,0.0,0.0,0.0,0.0,0.0,0.0,0.0,0.0,0.0,0.0
20180613,3,7회지방선거_시도지사,강원도,철원군,강원도,39354,26230,25382,848,16913,8469.0,0.0,0.0,0.0,0.0,0.0,0.0,0.0,0.0,0.0,0.0
20180613,3,7회지방선거_시도지사,충청북도,청주시상당구,충청북도,140405,80162,78856,1306,47260,23920.0,7676.0,0.0,0.0,0.0,0.0,0.0,0.0,0.0,0.0,0.0
20180613,3,7회지방선거_시도지사,충청북도,청주시서원구,충청북도,174307,100218,98754,1464,60096,28299.0,10359.0,0.0,0.0,0.0,0.0,0.0,0.0,0.0,0.0,0.0
20180613,3,7회지방선거_시도지사,충청북도,청주시흥덕구,충청북도,204639,110108,108493,1615,67695,28114.0,12684.0,0.0,0.0,0.0,0.0,0.0,0.0,0.0,0.0,0.0
20180613,3,7회지방선거_시도지사,충청북도,청주시청원구,충청북도,154249,85634,84439,1195,54139,21312.0,8988.0,0.0,0.0,0.0,0.0,0.0,0.0,0.0,0.0,0.0
20180613,3,7회지방선거_시도지사,충청북도,충주시,충청북도,175414,103606,101709,1897,62569,31253.0,7887.0,0.0,0.0,0.0,0.0,0.0,0.0,0.0,0.0,0.0
20180613,3,7회지방선거_시도지사,충청북도,제천시,충청북도,114513,70289,68710,1579,41702,21580.0,5428.0,0.0,0.0,0.0,0.0,0.0,0.0,0.0,0.0,0.0
20180613,3,7회지방선거_시도지사,충청북도,단양군,충청북도,26796,19078,18538,540,10661,6807.0,1070.0,0.0,0.0,0.0,0.0,0.0,0.0,0.0,0.0,0.0
20180613,3,7회지방선거_시도지사,충청북도,영동군,충청북도,43904,31226,30167,1059,17317,10871.0,1979.0,0.0,0.0,0.0,0.0,0.0,0.0,0.0,0.0,0.0
20180613,3,7회지방선거_시도지사,충청북도,보은군,충청북도,30016,22735,21874,861,10627,9856.0,1391.0,0.0,0.0,0.0,0.0,0.0,0.0,0.0,0.0,0.0
20180613,3,7회지방선거_시도지사,충청북도,옥천군,충청북도,44862,30485,29528,957,17389,9447.0,2692.0,0.0,0.0,0.0,0.0,0.0,0.0,0.0,0.0,0.0
20180613,3,7회지방선거_시도지사,충청북도,음성군,충청북도,81826,47528,46323,1205,30582,12458.0,3283.0,0.0,0.0,0.0,0.0,0.0,0.0,0.0,0.0,0.0
20180613,3,7회지방선거_시도지사,충청북도,진천군,충청북도,61715,36734,35829,905,23180,9822.0,2827.0,0.0,0.0,0.0,0.0,0.0,0.0,0.0,0.0,0.0
20180613,3,7회지방선거_시도지사,충청북도,괴산군,충청북도,34902,25078,24227,851,13855,8397.0,1975.0,0.0,0.0,0.0,0.0,0.0,0.0,0.0,0.0,0.0
20180613,3,7회지방선거_시도지사,충청북도,증평군,충청북도,30638,19435,19004,431,11678,5235.0,2091.0,0.0,0.0,0.0,0.0,0.0,0.0,0.0,0.0,0.0
20180613,3,7회지방선거_시도지사,충청남도,천안시서북구,충청남도,298093,159458,157230,2228,117098,37427.0,0.0,0.0,0.0,0.0,0.0,0.0,0.0,0.0,2705.0,0.0
20180613,3,7회지방선거_시도지사,충청남도,천안시동남구,충청남도,211724,106417,104478,1939,69999,32706.0,0.0,0.0,0.0,0.0,0.0,0.0,0.0,0.0,1773.0,0.0
20180613,3,7회지방선거_시도지사,충청남도,공주시,충청남도,92935,56756,55107,1649,32526,21453.0,0.0,0.0,0.0,0.0,0.0,0.0,0.0,0.0,1128.0,0.0
20180613,3,7회지방선거_시도지사,충청남도,보령시,충청남도,87281,56352,54221,2131,28981,23856.0,0.0,0.0,0.0,0.0,0.0,0.0,0.0,0.0,1384.0,0.0
20180613,3,7회지방선거_시도지사,충청남도,아산시,충청남도,244293,129980,127647,2333,84978,40171.0,0.0,0.0,0.0,0.0,0.0,0.0,0.0,0.0,2498.0,0.0
20180613,3,7회지방선거_시도지사,충청남도,서산시,충청남도,139529,82003,79879,2124,49800,28417.0,0.0,0.0,0.0,0.0,0.0,0.0,0.0,0.0,1662.0,0.0
20180613,3,7회지방선거_시도지사,충청남도,태안군,충청남도,55792,37240,35512,1728,19534,14832.0,0.0,0.0,0.0,0.0,0.0,0.0,0.0,0.0,1146.0,0.0
20180613,3,7회지방선거_시도지사,충청남도,금산군,충청남도,46310,30788,29658,1130,16748,11711.0,0.0,0.0,0.0,0.0,0.0,0.0,0.0,0.0,1199.0,0.0
20180613,3,7회지방선거_시도지사,충청남도,논산시,충청남도,103367,62960,61027,1933,35905,23871.0,0.0,0.0,0.0,0.0,0.0,0.0,0.0,0.0,1251.0,0.0
20180613,3,7회지방선거_시도지사,충청남도,계룡시,충청남도,33093,22134,21697,437,13821,7333.0,0.0,0.0,0.0,0.0,0.0,0.0,0.0,0.0,543.0,0.0
20180613,3,7회지방선거_시도지사,충청남도,당진시,충청남도,135932,76663,74815,1848,45971,27035.0,0.0,0.0,0.0,0.0,0.0,0.0,0.0,0.0,1809.0,0.0
20180613,3,7회지방선거_시도지사,충청남도,부여군,충청남도,60334,40207,38656,1551,20572,17063.0,0.0,0.0,0.0,0.0,0.0,0.0,0.0,0.0,1021.0,0.0
20180613,3,7회지방선거_시도지사,충청남도,서천군,충청남도,48407,33965,32230,1735,17336,13003.0,0.0,0.0,0.0,0.0,0.0,0.0,0.0,0.0,1891.0,0.0
20180613,3,7회지방선거_시도지사,충청남도,홍성군,충청남도,83928,51044,49498,1546,29329,18884.0,0.0,0.0,0.0,0.0,0.0,0.0,0.0,0.0,1285.0,0.0
20180613,3,7회지방선거_시도지사,충청남도,청양군,충청남도,28741,21229,20309,920,10776,8946.0,0.0,0.0,0.0,0.0,0.0,0.0,0.0,0.0,587.0,0.0
20180613,3,7회지방선거_시도지사,충청남도,예산군,충청남도,70654,44251,42495,1756,22496,18869.0,0.0,0.0,0.0,0.0,0.0,0.0,0.0,0.0,1130.0,0.0
20180613,3,7회지방선거_시도지사,전라북도,전주시완산구,전라북도,313929,193303,189955,3348,121422,4205.0,0.0,13719.0,2092.0,0.0,0.0,0.0,0.0,0.0,0.0,48517.0
20180613,3,7회지방선거_시도지사,전라북도,전주시덕진구,전라북도,210274,130716,128589,2127,80531,2713.0,0.0,9616.0,1721.0,0.0,0.0,0.0,0.0,0.0,0.0,34008.0
20180613,3,7회지방선거_시도지사,전라북도,군산시,전라북도,223434,134447,130423,4024,98640,4475.0,0.0,6656.0,3205.0,0.0,0.0,0.0,0.0,0.0,0.0,17447.0
20180613,3,7회지방선거_시도지사,전라북도,익산시,전라북도,245566,153275,148912,4363,111862,3844.0,0.0,7986.0,2244.0,0.0,0.0,0.0,0.0,0.0,0.0,22976.0
20180613,3,7회지방선거_시도지사,전라북도,정읍시,전라북도,96002,64334,61742,2592,47427,1468.0,0.0,2642.0,1413.0,0.0,0.0,0.0,0.0,0.0,0.0,8792.0
20180613,3,7회지방선거_시도지사,전라북도,남원시,전라북도,69930,51530,49552,1978,37718,1532.0,0.0,1687.0,1462.0,0.0,0.0,0.0,0.0,0.0,0.0,7153.0
20180613,3,7회지방선거_시도지사,전라북도,김제시,전라북도,74992,51664,49694,1970,37736,1242.0,0.0,1585.0,873.0,0.0,0.0,0.0,0.0,0.0,0.0,8258.0
20180613,3,7회지방선거_시도지사,전라북도,완주군,전라북도,78531,52837,51175,1662,31420,1206.0,0.0,2791.0,1210.0,0.0,0.0,0.0,0.0,0.0,0.0,14548.0
20180613,3,7회지방선거_시도지사,전라북도,진안군,전라북도,23029,17585,16827,758,11593,913.0,0.0,827.0,578.0,0.0,0.0,0.0,0.0,0.0,0.0,2916.0
20180613,3,7회지방선거_시도지사,전라북도,무주군,전라북도,21573,17370,16389,981,11348,764.0,0.0,607.0,829.0,0.0,0.0,0.0,0.0,0.0,0.0,2841.0
20180613,3,7회지방선거_시도지사,전라북도,장수군,전라북도,20072,16591,15676,915,10807,580.0,0.0,621.0,608.0,0.0,0.0,0.0,0.0,0.0,0.0,3060.0
20180613,3,7회지방선거_시도지사,전라북도,임실군,전라북도,25942,20073,19195,878,13643,774.0,0.0,912.0,803.0,0.0,0.0,0.0,0.0,0.0,0.0,3063.0
20180613,3,7회지방선거_시도지사,전라북도,순창군,전라북도,25441,20603,19619,984,14789,665.0,0.0,624.0,1162.0,0.0,0.0,0.0,0.0,0.0,0.0,2379.0
20180613,3,7회지방선거_시도지사,전라북도,고창군,전라북도,50442,37333,35479,1854,27087,1045.0,0.0,1016.0,1453.0,0.0,0.0,0.0,0.0,0.0,0.0,4878.0
20180613,3,7회지방선거_시도지사,전라북도,부안군,전라북도,48572,34843,33240,1603,26019,948.0,0.0,1207.0,1174.0,0.0,0.0,0.0,0.0,0.0,0.0,3892.0
20180613,3,7회지방선거_시도지사,전라남도,목포시,전라남도,186864,119950,116765,3185,87419,0.0,2644.0,5724.0,2399.0,0.0,0.0,0.0,0.0,0.0,0.0,18579.0
20180613,3,7회지방선거_시도지사,전라남도,여수시,전라남도,235359,153554,149696,3858,120941,0.0,6198.0,4184.0,7401.0,0.0,0.0,0.0,0.0,0.0,0.0,10972.0
20180613,3,7회지방선거_시도지사,전라남도,순천시,전라남도,225673,144341,140736,3605,113180,0.0,4942.0,4603.0,8612.0,0.0,0.0,0.0,0.0,0.0,0.0,9399.0
20180613,3,7회지방선거_시도지사,전라남도,나주시,전라남도,93513,61444,59111,2333,47100,0.0,2317.0,2141.0,2800.0,0.0,0.0,0.0,0.0,0.0,0.0,4753.0
20180613,3,7회지방선거_시도지사,전라남도,광양시,전라남도,122154,83720,81095,2625,63778,0.0,4210.0,3290.0,4351.0,0.0,0.0,0.0,0.0,0.0,0.0,5466.0
20180613,3,7회지방선거_시도지사,전라남도,담양군,전라남도,41703,29739,28539,1200,22127,0.0,1361.0,1181.0,1772.0,0.0,0.0,0.0,0.0,0.0,0.0,2098.0
20180613,3,7회지방선거_시도지사,전라남도,장성군,전라남도,39603,29751,28073,1678,20820,0.0,1294.0,1156.0,2350.0,0.0,0.0,0.0,0.0,0.0,0.0,2453.0
20180613,3,7회지방선거_시도지사,전라남도,곡성군,전라남도,26739,20723,19516,1207,13989,0.0,1219.0,970.0,1280.0,0.0,0.0,0.0,0.0,0.0,0.0,2058.0
20180613,3,7회지방선거_시도지사,전라남도,구례군,전라남도,23743,19333,18274,1059,13080,0.0,723.0,839.0,1396.0,0.0,0.0,0.0,0.0,0.0,0.0,2236.0
20180613,3,7회지방선거_시도지사,전라남도,고흥군,전라남도,59446,47954,44475,3479,31631,0.0,1797.0,1111.0,1715.0,0.0,0.0,0.0,0.0,0.0,0.0,8221.0
20180613,3,7회지방선거_시도지사,전라남도,보성군,전라남도,38546,29110,27367,1743,20429,0.0,2020.0,858.0,1593.0,0.0,0.0,0.0,0.0,0.0,0.0,2467.0
20180613,3,7회지방선거_시도지사,전라남도,화순군,전라남도,54543,38366,36831,1535,28270,0.0,1377.0,1213.0,2230.0,0.0,0.0,0.0,0.0,0.0,0.0,3741.0
20180613,3,7회지방선거_시도지사,전라남도,장흥군,전라남도,34777,26630,25187,1443,18636,0.0,1026.0,1478.0,1791.0,0.0,0.0,0.0,0.0,0.0,0.0,2256.0
20180613,3,7회지방선거_시도지사,전라남도,강진군,전라남도,31919,23902,22846,1056,17079,0.0,694.0,652.0,963.0,0.0,0.0,0.0,0.0,0.0,0.0,3458.0
20180613,3,7회지방선거_시도지사,전라남도,완도군,전라남도,44758,34573,32968,1605,28135,0.0,796.0,525.0,1113.0,0.0,0.0,0.0,0.0,0.0,0.0,2399.0
20180613,3,7회지방선거_시도지사,전라남도,해남군,전라남도,62461,44449,42541,1908,31880,0.0,1087.0,1041.0,1592.0,0.0,0.0,0.0,0.0,0.0,0.0,6941.0
20180613,3,7회지방선거_시도지사,전라남도,진도군,전라남도,27441,21408,20215,1193,15245,0.0,664.0,503.0,943.0,0.0,0.0,0.0,0.0,0.0,0.0,2860.0
20180613,3,7회지방선거_시도지사,전라남도,영암군,전라남도,46588,31569,30132,1437,22047,0.0,1254.0,1387.0,958.0,0.0,0.0,0.0,0.0,0.0,0.0,4486.0
20180613,3,7회지방선거_시도지사,전라남도,무안군,전라남도,66517,46087,43960,2127,33590,0.0,1289.0,1804.0,1480.0,0.0,0.0,0.0,0.0,0.0,0.0,5797.0
20180613,3,7회지방선거_시도지사,전라남도,영광군,전라남도,46689,32953,31269,1684,24196,0.0,1379.0,1010.0,2157.0,0.0,0.0,0.0,0.0,0.0,0.0,2527.0
20180613,3,7회지방선거_시도지사,전라남도,함평군,전라남도,30165,22405,21116,1289,14892,0.0,985.0,888.0,1001.0,0.0,0.0,0.0,0.0,0.0,0.0,3350.0
20180613,3,7회지방선거_시도지사,전라남도,신안군,전라남도,38023,30146,27293,2853,19438,0.0,1011.0,875.0,1513.0,0.0,0.0,0.0,0.0,0.0,0.0,4456.0
20180613,3,7회지방선거_시도지사,경상북도,포항시북구,경상북도,223110,139955,136719,3236,57440,64206.0,10354.0,4719.0,0.0,0.0,0.0,0.0,0.0,0.0,0.0,0.0
20180613,3,7회지방선거_시도지사,경상북도,포항시남구,경상북도,198696,119400,116603,2797,49535,54509.0,8995.0,3564.0,0.0,0.0,0.0,0.0,0.0,0.0,0.0,0.0
20180613,3,7회지방선거_시도지사,경상북도,울릉군,경상북도,9057,7479,7144,335,2087,4222.0,580.0,255.0,0.0,0.0,0.0,0.0,0.0,0.0,0.0,0.0
20180613,3,7회지방선거_시도지사,경상북도,경주시,경상북도,218273,139142,134297,4845,44294,73050.0,11842.0,5111.0,0.0,0.0,0.0,0.0,0.0,0.0,0.0,0.0
20180613,3,7회지방선거_시도지사,경상북도,김천시,경상북도,119511,83567,80763,2804,26500,45278.0,6606.0,2379.0,0.0,0.0,0.0,0.0,0.0,0.0,0.0,0.0
20180613,3,7회지방선거_시도지사,경상북도,안동시,경상북도,137423,94434,91246,3188,28292,40002.0,20806.0,2146.0,0.0,0.0,0.0,0.0,0.0,0.0,0.0,0.0
20180613,3,7회지방선거_시도지사,경상북도,구미시,경상북도,332873,187236,183203,4033,78892,82603.0,16234.0,5474.0,0.0,0.0,0.0,0.0,0.0,0.0,0.0,0.0
20180613,3,7회지방선거_시도지사,경상북도,영주시,경상북도,91447,63733,61360,2373,19849,31646.0,8040.0,1825.0,0.0,0.0,0.0,0.0,0.0,0.0,0.0,0.0
20180613,3,7회지방선거_시도지사,경상북도,영천시,경상북도,88000,60058,57420,2638,16867,32770.0,5494.0,2289.0,0.0,0.0,0.0,0.0,0.0,0.0,0.0,0.0
20180613,3,7회지방선거_시도지사,경상북도,상주시,경상북도,87109,61995,58871,3124,15617,36609.0,4728.0,1917.0,0.0,0.0,0.0,0.0,0.0,0.0,0.0,0.0
20180613,3,7회지방선거_시도지사,경상북도,문경시,경상북도,62685,46221,43579,2642,10790,26558.0,4816.0,1415.0,0.0,0.0,0.0,0.0,0.0,0.0,0.0,0.0
20180613,3,7회지방선거_시도지사,경상북도,예천군,경상북도,44218,34638,32930,1708,8409,19772.0,3646.0,1103.0,0.0,0.0,0.0,0.0,0.0,0.0,0.0,0.0
20180613,3,7회지방선거_시도지사,경상북도,경산시,경상북도,215139,118506,115573,2933,41503,58230.0,12452.0,3388.0,0.0,0.0,0.0,0.0,0.0,0.0,0.0,0.0
20180613,3,7회지방선거_시도지사,경상북도,청도군,경상북도,39294,28370,27249,1121,7291,17224.0,1748.0,986.0,0.0,0.0,0.0,0.0,0.0,0.0,0.0,0.0
20180613,3,7회지방선거_시도지사,경상북도,고령군,경상북도,29462,20295,19321,974,5002,11598.0,1792.0,929.0,0.0,0.0,0.0,0.0,0.0,0.0,0.0,0.0
20180613,3,7회지방선거_시도지사,경상북도,성주군,경상북도,40239,28866,27317,1549,7344,16390.0,2309.0,1274.0,0.0,0.0,0.0,0.0,0.0,0.0,0.0,0.0
20180613,3,7회지방선거_시도지사,경상북도,칠곡군,경상북도,96894,54843,53327,1516,21124,26215.0,4308.0,1680.0,0.0,0.0,0.0,0.0,0.0,0.0,0.0,0.0
20180613,3,7회지방선거_시도지사,경상북도,군위군,경상북도,22753,18641,17418,1223,3703,10754.0,1717.0,1244.0,0.0,0.0,0.0,0.0,0.0,0.0,0.0,0.0
20180613,3,7회지방선거_시도지사,경상북도,의성군,경상북도,48843,36240,34001,2239,7578,21030.0,4299.0,1094.0,0.0,0.0,0.0,0.0,0.0,0.0,0.0,0.0
20180613,3,7회지방선거_시도지사,경상북도,청송군,경상북도,23522,18151,17219,932,4439,9506.0,2613.0,661.0,0.0,0.0,0.0,0.0,0.0,0.0,0.0,0.0
20180613,3,7회지방선거_시도지사,경상북도,영양군,경상북도,15686,12905,12222,683,3348,6609.0,1662.0,603.0,0.0,0.0,0.0,0.0,0.0,0.0,0.0,0.0
20180613,3,7회지방선거_시도지사,경상북도,영덕군,경상북도,34366,26337,25120,1217,7568,15037.0,1827.0,688.0,0.0,0.0,0.0,0.0,0.0,0.0,0.0,0.0
20180613,3,7회지방선거_시도지사,경상북도,봉화군,경상북도,29582,23343,22114,1229,5960,11690.0,3434.0,1030.0,0.0,0.0,0.0,0.0,0.0,0.0,0.0,0.0
20180613,3,7회지방선거_시도지사,경상북도,울진군,경상북도,43356,33184,30992,2192,9132,17277.0,3107.0,1476.0,0.0,0.0,0.0,0.0,0.0,0.0,0.0,0.0
20180613,3,7회지방선거_시도지사,경상남도,창원시의창구,경상남도,210327,135147,133075,2072,72745,54066.0,6264.0,0.0,0.0,0.0,0.0,0.0,0.0,0.0,0.0,0.0
20180613,3,7회지방선거_시도지사,경상남도,창원시성산구,경상남도,184600,125797,124132,1665,76104,42016.0,6012.0,0.0,0.0,0.0,0.0,0.0,0.0,0.0,0.0,0.0
20180613,3,7회지방선거_시도지사,경상남도,창원시마산합포구,경상남도,154311,99281,97586,1695,44305,48933.0,4348.0,0.0,0.0,0.0,0.0,0.0,0.0,0.0,0.0,0.0
20180613,3,7회지방선거_시도지사,경상남도,창원시마산회원구,경상남도,166500,109609,107919,1690,52918,50373.0,4628.0,0.0,0.0,0.0,0.0,0.0,0.0,0.0,0.0,0.0
20180613,3,7회지방선거_시도지사,경상남도,창원시진해구,경상남도,150396,93901,92391,1510,50350,37660.0,4381.0,0.0,0.0,0.0,0.0,0.0,0.0,0.0,0.0,0.0
20180613,3,7회지방선거_시도지사,경상남도,진주시,경상남도,282049,190842,187745,3097,96104,83637.0,8004.0,0.0,0.0,0.0,0.0,0.0,0.0,0.0,0.0,0.0
20180613,3,7회지방선거_시도지사,경상남도,통영시,경상남도,110317,72815,71307,1508,32916,35501.0,2890.0,0.0,0.0,0.0,0.0,0.0,0.0,0.0,0.0,0.0
20180613,3,7회지방선거_시도지사,경상남도,고성군,경상남도,46588,34075,32884,1191,16355,15438.0,1091.0,0.0,0.0,0.0,0.0,0.0,0.0,0.0,0.0,0.0
20180613,3,7회지방선거_시도지사,경상남도,사천시,경상남도,94449,65481,63776,1705,29390,31787.0,2599.0,0.0,0.0,0.0,0.0,0.0,0.0,0.0,0.0,0.0
20180613,3,7회지방선거_시도지사,경상남도,김해시,경상남도,420296,251998,248696,3302,161710,78062.0,8924.0,0.0,0.0,0.0,0.0,0.0,0.0,0.0,0.0,0.0
20180613,3,7회지방선거_시도지사,경상남도,밀양시,경상남도,93081,62115,60498,1617,27434,30835.0,2229.0,0.0,0.0,0.0,0.0,0.0,0.0,0.0,0.0,0.0
20180613,3,7회지방선거_시도지사,경상남도,거제시,경상남도,194485,122586,120390,2196,72292,42578.0,5520.0,0.0,0.0,0.0,0.0,0.0,0.0,0.0,0.0,0.0
20180613,3,7회지방선거_시도지사,경상남도,의령군,경상남도,24972,19912,18989,923,7439,10529.0,1021.0,0.0,0.0,0.0,0.0,0.0,0.0,0.0,0.0,0.0
20180613,3,7회지방선거_시도지사,경상남도,함안군,경상남도,56780,40450,39275,1175,18045,19725.0,1505.0,0.0,0.0,0.0,0.0,0.0,0.0,0.0,0.0,0.0
20180613,3,7회지방선거_시도지사,경상남도,창녕군,경상남도,55922,39408,38284,1124,15083,21886.0,1315.0,0.0,0.0,0.0,0.0,0.0,0.0,0.0,0.0,0.0
20180613,3,7회지방선거_시도지사,경상남도,양산시,경상남도,275507,167549,164877,2672,94038,63463.0,7376.0,0.0,0.0,0.0,0.0,0.0,0.0,0.0,0.0,0.0
20180613,3,7회지방선거_시도지사,경상남도,하동군,경상남도,42568,33773,32367,1406,16052,15039.0,1276.0,0.0,0.0,0.0,0.0,0.0,0.0,0.0,0.0,0.0
20180613,3,7회지방선거_시도지사,경상남도,남해군,경상남도,39731,30728,29352,1376,13268,14921.0,1163.0,0.0,0.0,0.0,0.0,0.0,0.0,0.0,0.0,0.0
20180613,3,7회지방선거_시도지사,경상남도,함양군,경상남도,34972,27230,26103,1127,10915,14003.0,1185.0,0.0,0.0,0.0,0.0,0.0,0.0,0.0,0.0,0.0
20180613,3,7회지방선거_시도지사,경상남도,산청군,경상남도,32408,24648,23751,897,9779,12932.0,1040.0,0.0,0.0,0.0,0.0,0.0,0.0,0.0,0.0,0.0
20180613,3,7회지방선거_시도지사,경상남도,거창군,경상남도,53061,39547,38348,1199,13919,23022.0,1407.0,0.0,0.0,0.0,0.0,0.0,0.0,0.0,0.0,0.0
20180613,3,7회지방선거_시도지사,경상남도,합천군,경상남도,42165,32499,30973,1526,10330,19403.0,1240.0,0.0,0.0,0.0,0.0,0.0,0.0,0.0,0.0,0.0
20180613,3,7회지방선거_시도지사,제주특별자치도,제주시,제주특별자치도,383917,250176,246048,4128,97935,8785.0,3874.0,0.0,0.0,0.0,8860.0,0.0,0.0,126594.0,0.0,0.0
20180613,3,7회지방선거_시도지사,제주특별자치도,서귀포시,제주특별자치도,148598,100767,98556,2211,39966,2456.0,1145.0,0.0,0.0,0.0,3328.0,0.0,0.0,51661.0,0.0,0.0
