sg_id,sg_typecode,election_name,sido,sigungu,sgg_name,total_voters,total_voted,valid_votes,invalid_votes,party_더불어민주당,party_자유한국당,party_바른미래당,party_무소속,party_민주평화당,party_민중당,party_홍익당,party_대한애국당,party_노동당,party_한국국민당,party_정의당,party_국제녹색당
20180613,5,7회지방선거_광역의원지역구,서울특별시,종로구,종로구제1선거구,65948,41964,40935,1029,22198.0,14916.0,3821.0,0.0,0.0,0.0,0.0,0.0,0.0,0.0,0.0,0.0
20180613,5,7회지방선거_광역의원지역구,서울특별시,종로구,종로구제2선거구,69015,39194,37925,1269,24587.0,11395.0,0.0,1943.0,0.0,0.0,0.0,0.0,0.0,0.0,0.0,0.0
20180613,5,7회지방선거_광역의원지역구,서울특별시,중구,중구제1선거구,57514,33229,32273,956,17150.0,9376.0,0.0,0.0,5747.0,0.0,0.0,0.0,0.0,0.0,0.0,0.0
20180613,5,7회지방선거_광역의원지역구,서울특별시,중구,중구제2선거구,54822,33218,32205,1013,18574.0,10843.0,0.0,0.0,2788.0,0.0,0.0,0.0,0.0,0.0,0.0,0.0
20180613,5,7회지방선거_광역의원지역구,서울특별시,용산구,용산구제1선거구,115908,69402,67619,1783,38052.0,20524.0,7886.0,0.0,0.0,1157.0,0.0,0.0,0.0,0.0,0.0,0.0
20180613,5,7회지방선거_광역의원지역구,서울특별시,용산구,용산구제2선거구,84101,46623,45113,1510,27770.0,17343.0,0.0,0.0,0.0,0.0,0.0,0.0,0.0,0.0,0.0,0.0
20180613,5,7회지방선거_광역의원지역구,서울특별시,성동구,성동구제1선거구,69471,41864,40839,1025,21355.0,11093.0,8391.0,0.0,0.0,0.0,0.0,0.0,0.0,0.0,0.0,0.0
20180613,5,7회지방선거_광역의원지역구,서울특별시,성동구,성동구제2선거구,68539,40413,39268,1145,26328.0,12940.0,0.0,0.0,0.0,0.0,0.0,0.0,0.0,0.0,0.0,0.0
20180613,5,7회지방선거_광역의원지역구,서울특별시,성동구,성동구제3선거구,71513,43935,42895,1040,30667.0,12228.0,0.0,0.0,0.0,0.0,0.0,0.0,0.0,0.0,0.0,0.0
20180613,5,7회지방선거_광역의원지역구,서울특별시,성동구,성동구제4선거구,55111,31610,30654,956,21682.0,8972.0,0.0,0.0,0.0,0.0,0.0,0.0,0.0,0.0,0.0,0.0
20180613,5,7회지방선거_광역의원지역구,서울특별시,광진구,광진구제1선거구,76673,43682,42272,1410,27638.0,10550.0,4084.0,0.0,0.0,0.0,0.0,0.0,0.0,0.0,0.0,0.0
20180613,5,7회지방선거_광역의원지역구,서울특별시,광진구,광진구제2선거구,77363,47271,45906,1365,28940.0,11671.0,5295.0,0.0,0.0,0.0,0.0,0.0,0.0,0.0,0.0,0.0
20180613,5,7회지방선거_광역의원지역구,서울특별시,광진구,광진구제3선거구,90153,53232,51768,1464,29980.0,11874.0,5935.0,3979.0,0.0,0.0,0.0,0.0,0.0,0.0,0.0,0.0
20180613,5,7회지방선거_광역의원지역구,서울특별시,광진구,광진구제4선거구,63985,36122,35036,1086,21548.0,9957.0,3531.0,0.0,0.0,0.0,0.0,0.0,0.0,0.0,0.0,0.0
20180613,5,7회지방선거_광역의원지역구,서울특별시,동대문구,동대문구제1선거구,70471,39646,38411,1235,23590.0,14821.0,0.0,0.0,0.0,0.0,0.0,0.0,0.0,0.0,0.0,0.0
20180613,5,7회지방선거_광역의원지역구,서울특별시,동대문구,동대문구제2선거구,84953,50657,49232,1425,34433.0,14799.0,0.0,0.0,0.0,0.0,0.0,0.0,0.0,0.0,0.0,0.0
20180613,5,7회지방선거_광역의원지역구,서울특별시,동대문구,동대문구제3선거구,63290,38042,37038,1004,25291.0,9713.0,0.0,0.0,0.0,2034.0,0.0,0.0,0.0,0.0,0.0,0.0
20180613,5,7회지방선거_광역의원지역구,서울특별시,동대문구,동대문구제4선거구,84225,49671,48540,1131,30066.0,12759.0,5715.0,0.0,0.0,0.0,0.0,0.0,0.0,0.0,0.0,0.0
20180613,5,7회지방선거_광역의원지역구,서울특별시,중랑구,중랑구제1선거구,77890,42400,41170,1230,25937.0,11138.0,4095.0,0.0,0.0,0.0,0.0,0.0,0.0,0.0,0.0,0.0
20180613,5,7회지방선거_광역의원지역구,서울특별시,중랑구,중랑구제2선거구,80673,42334,41207,1127,26162.0,10988.0,4057.0,0.0,0.0,0.0,0.0,0.0,0.0,0.0,0.0,0.0
20180613,5,7회지방선거_광역의원지역구,서울특별시,중랑구,중랑구제3선거구,91469,52111,50744,1367,31759.0,12268.0,6717.0,0.0,0.0,0.0,0.0,0.0,0.0,0.0,0.0,0.0
20180613,5,7회지방선거_광역의원지역구,서울특별시,중랑구,중랑구제4선거구,102009,61973,59861,2112,38975.0,17983.0,0.0,0.0,0.0,2903.0,0.0,0.0,0.0,0.0,0.0,0.0
20180613,5,7회지방선거_광역의원지역구,서울특별시,성북구,성북구제1선거구,101096,60147,58329,1818,36649.0,14135.0,7545.0,0.0,0.0,0.0,0.0,0.0,0.0,0.0,0.0,0.0
20180613,5,7회지방선거_광역의원지역구,서울특별시,성북구,성북구제2선거구,100984,63018,61599,1419,32856.0,14464.0,14279.0,0.0,0.0,0.0,0.0,0.0,0.0,0.0,0.0,0.0
20180613,5,7회지방선거_광역의원지역구,서울특별시,성북구,성북구제3선거구,98290,59375,57950,1425,37792.0,14712.0,5446.0,0.0,0.0,0.0,0.0,0.0,0.0,0.0,0.0,0.0
20180613,5,7회지방선거_광역의원지역구,서울특별시,성북구,성북구제4선거구,72804,39495,38327,1168,22403.0,12230.0,3259.0,0.0,0.0,435.0,0.0,0.0,0.0,0.0,0.0,0.0
20180613,5,7회지방선거_광역의원지역구,서울특별시,강북구,강북구제1선거구,74464,40671,39640,1031,23144.0,13202.0,3294.0,0.0,0.0,0.0,0.0,0.0,0.0,0.0,0.0,0.0
20180613,5,7회지방선거_광역의원지역구,서울특별시,강북구,강북구제2선거구,66982,36333,35454,879,21929.0,9344.0,4181.0,0.0,0.0,0.0,0.0,0.0,0.0,0.0,0.0,0.0
20180613,5,7회지방선거_광역의원지역구,서울특별시,강북구,강북구제3선거구,76526,43806,42797,1009,29422.0,8945.0,4430.0,0.0,0.0,0.0,0.0,0.0,0.0,0.0,0.0,0.0
20180613,5,7회지방선거_광역의원지역구,서울특별시,강북구,강북구제4선거구,62888,35438,34342,1096,22518.0,8881.0,2943.0,0.0,0.0,0.0,0.0,0.0,0.0,0.0,0.0,0.0
20180613,5,7회지방선거_광역의원지역구,서울특별시,도봉구,도봉구제1선거구,68746,44040,43072,968,30594.0,12478.0,0.0,0.0,0.0,0.0,0.0,0.0,0.0,0.0,0.0,0.0
20180613,5,7회지방선거_광역의원지역구,서울특별시,도봉구,도봉구제2선거구,74027,41791,40671,1120,28604.0,12067.0,0.0,0.0,0.0,0.0,0.0,0.0,0.0,0.0,0.0,0.0
20180613,5,7회지방선거_광역의원지역구,서울특별시,도봉구,도봉구제3선거구,58847,35997,35251,746,21913.0,10320.0,3018.0,0.0,0.0,0.0,0.0,0.0,0.0,0.0,0.0,0.0
20180613,5,7회지방선거_광역의원지역구,서울특별시,도봉구,도봉구제4선거구,91076,51836,50547,1289,29676.0,14188.0,6683.0,0.0,0.0,0.0,0.0,0.0,0.0,0.0,0.0,0.0
20180613,5,7회지방선거_광역의원지역구,서울특별시,노원구,노원구제1선거구,71068,43069,41907,1162,25526.0,10795.0,4201.0,0.0,0.0,1385.0,0.0,0.0,0.0,0.0,0.0,0.0
20180613,5,7회지방선거_광역의원지역구,서울특별시,노원구,노원구제2선거구,67305,41367,40058,1309,25555.0,10812.0,3691.0,0.0,0.0,0.0,0.0,0.0,0.0,0.0,0.0,0.0
20180613,5,7회지방선거_광역의원지역구,서울특별시,노원구,노원구제3선거구,84760,53748,51699,2049,37593.0,14106.0,0.0,0.0,0.0,0.0,0.0,0.0,0.0,0.0,0.0,0.0
20180613,5,7회지방선거_광역의원지역구,서울특별시,노원구,노원구제4선거구,80693,50799,49189,1610,36197.0,12992.0,0.0,0.0,0.0,0.0,0.0,0.0,0.0,0.0,0.0,0.0
20180613,5,7회지방선거_광역의원지역구,서울특별시,노원구,노원구제5선거구,65086,37519,36425,1094,19177.0,8986.0,8262.0,0.0,0.0,0.0,0.0,0.0,0.0,0.0,0.0,0.0
20180613,5,7회지방선거_광역의원지역구,서울특별시,노원구,노원구제6선거구,87458,56373,54733,1640,34022.0,10791.0,9920.0,0.0,0.0,0.0,0.0,0.0,0.0,0.0,0.0,0.0
20180613,5,7회지방선거_광역의원지역구,서울특별시,은평구,은평구제1선거구,90914,51677,50486,1191,31560.0,13530.0,5396.0,0.0,0.0,0.0,0.0,0.0,0.0,0.0,0.0,0.0
20180613,5,7회지방선거_광역의원지역구,서울특별시,은평구,은평구제2선거구,110835,64035,62443,1592,40576.0,14720.0,7147.0,0.0,0.0,0.0,0.0,0.0,0.0,0.0,0.0,0.0
20180613,5,7회지방선거_광역의원지역구,서울특별시,은평구,은평구제3선거구,91642,54833,53559,1274,34255.0,14142.0,4695.0,0.0,0.0,0.0,467.0,0.0,0.0,0.0,0.0,0.0
20180613,5,7회지방선거_광역의원지역구,서울특별시,은평구,은평구제4선거구,119721,67541,65673,1868,41769.0,16328.0,7576.0,0.0,0.0,0.0,0.0,0.0,0.0,0.0,0.0,0.0
20180613,5,7회지방선거_광역의원지역구,서울특별시,서대문구,서대문구제1선거구,63835,38060,37003,1057,24802.0,9860.0,0.0,0.0,0.0,2341.0,0.0,0.0,0.0,0.0,0.0,0.0
20180613,5,7회지방선거_광역의원지역구,서울특별시,서대문구,서대문구제2선거구,66525,40852,39903,949,24672.0,10678.0,3428.0,1125.0,0.0,0.0,0.0,0.0,0.0,0.0,0.0,0.0
20180613,5,7회지방선거_광역의원지역구,서울특별시,서대문구,서대문구제3선거구,60479,36747,35914,833,19477.0,9508.0,6929.0,0.0,0.0,0.0,0.0,0.0,0.0,0.0,0.0,0.0
20180613,5,7회지방선거_광역의원지역구,서울특별시,서대문구,서대문구제4선거구,78343,48238,47074,1164,31588.0,11257.0,4229.0,0.0,0.0,0.0,0.0,0.0,0.0,0.0,0.0,0.0
20180613,5,7회지방선거_광역의원지역구,서울특별시,마포구,마포구제1선거구,55826,34546,33784,762,20260.0,8773.0,4751.0,0.0,0.0,0.0,0.0,0.0,0.0,0.0,0.0,0.0
20180613,5,7회지방선거_광역의원지역구,서울특별시,마포구,마포구제2선거구,75691,46574,45411,1163,30920.0,14491.0,0.0,0.0,0.0,0.0,0.0,0.0,0.0,0.0,0.0,0.0
20180613,5,7회지방선거_광역의원지역구,서울특별시,마포구,마포구제3선거구,79733,47898,46614,1284,30465.0,10828.0,5321.0,0.0,0.0,0.0,0.0,0.0,0.0,0.0,0.0,0.0
20180613,5,7회지방선거_광역의원지역구,서울특별시,마포구,마포구제4선거구,108841,68127,65904,2223,48348.0,17556.0,0.0,0.0,0.0,0.0,0.0,0.0,0.0,0.0,0.0,0.0
20180613,5,7회지방선거_광역의원지역구,서울특별시,양천구,양천구제1선거구,100608,63467,62180,1287,37633.0,17168.0,7379.0,0.0,0.0,0.0,0.0,0.0,0.0,0.0,0.0,0.0
20180613,5,7회지방선거_광역의원지역구,서울특별시,양천구,양천구제2선거구,102988,68719,67267,1452,37686.0,22551.0,7030.0,0.0,0.0,0.0,0.0,0.0,0.0,0.0,0.0,0.0
20180613,5,7회지방선거_광역의원지역구,서울특별시,양천구,양천구제3선거구,83298,47669,46584,1085,28403.0,13041.0,3959.0,1181.0,0.0,0.0,0.0,0.0,0.0,0.0,0.0,0.0
20180613,5,7회지방선거_광역의원지역구,서울특별시,양천구,양천구제4선거구,96210,58622,57238,1384,35721.0,13392.0,8125.0,0.0,0.0,0.0,0.0,0.0,0.0,0.0,0.0,0.0
20180613,5,7회지방선거_광역의원지역구,서울특별시,강서구,강서구제1선거구,87821,47660,46432,1228,32073.0,10675.0,3684.0,0.0,0.0,0.0,0.0,0.0,0.0,0.0,0.0,0.0
20180613,5,7회지방선거_광역의원지역구,서울특별시,강서구,강서구제2선거구,85966,54861,53700,1161,31798.0,13822.0,6577.0,1503.0,0.0,0.0,0.0,0.0,0.0,0.0,0.0,0.0
20180613,5,7회지방선거_광역의원지역구,서울특별시,강서구,강서구제3선거구,81876,48007,46737,1270,30576.0,16161.0,0.0,0.0,0.0,0.0,0.0,0.0,0.0,0.0,0.0,0.0
20180613,5,7회지방선거_광역의원지역구,서울특별시,강서구,강서구제4선거구,95115,58327,56502,1825,36746.0,16996.0,0.0,2760.0,0.0,0.0,0.0,0.0,0.0,0.0,0.0,0.0
20180613,5,7회지방선거_광역의원지역구,서울특별시,강서구,강서구제5선거구,67547,43348,42193,1155,30178.0,12015.0,0.0,0.0,0.0,0.0,0.0,0.0,0.0,0.0,0.0,0.0
20180613,5,7회지방선거_광역의원지역구,서울특별시,강서구,강서구제6선거구,90696,51327,49977,1350,32441.0,11478.0,6058.0,0.0,0.0,0.0,0.0,0.0,0.0,0.0,0.0,0.0
20180613,5,7회지방선거_광역의원지역구,서울특별시,구로구,구로구제1선거구,53389,28723,27734,989,21456.0,6278.0,0.0,0.0,0.0,0.0,0.0,0.0,0.0,0.0,0.0,0.0
20180613,5,7회지방선거_광역의원지역구,서울특별시,구로구,구로구제2선거구,100191,61043,58860,2183,42704.0,16156.0,0.0,0.0,0.0,0.0,0.0,0.0,0.0,0.0,0.0,0.0
20180613,5,7회지방선거_광역의원지역구,서울특별시,구로구,구로구제3선거구,121364,73535,71187,2348,42873.0,19007.0,9307.0,0.0,0.0,0.0,0.0,0.0,0.0,0.0,0.0,0.0
20180613,5,7회지방선거_광역의원지역구,서울특별시,구로구,구로구제4선거구,76513,47804,46281,1523,29288.0,14259.0,0.0,0.0,0.0,2734.0,0.0,0.0,0.0,0.0,0.0,0.0
20180613,5,7회지방선거_광역의원지역구,서울특별시,금천구,금천구제1선거구,108834,59290,57701,1589,41731.0,15970.0,0.0,0.0,0.0,0.0,0.0,0.0,0.0,0.0,0.0,0.0
20180613,5,7회지방선거_광역의원지역구,서울특별시,금천구,금천구제2선거구,97928,57612,55793,1819,38767.0,17026.0,0.0,0.0,0.0,0.0,0.0,0.0,0.0,0.0,0.0,0.0
20180613,5,7회지방선거_광역의원지역구,서울특별시,영등포구,영등포구제1선거구,77734,48056,46903,1153,29820.0,12582.0,4501.0,0.0,0.0,0.0,0.0,0.0,0.0,0.0,0.0,0.0
20180613,5,7회지방선거_광역의원지역구,서울특별시,영등포구,영등포구제2선거구,105928,65430,64166,1264,42519.0,14555.0,7092.0,0.0,0.0,0.0,0.0,0.0,0.0,0.0,0.0,0.0
20180613,5,7회지방선거_광역의원지역구,서울특별시,영등포구,영등포구제3선거구,76291,45787,44849,938,24378.0,15295.0,5176.0,0.0,0.0,0.0,0.0,0.0,0.0,0.0,0.0,0.0
20180613,5,7회지방선거_광역의원지역구,서울특별시,영등포구,영등포구제4선거구,65083,36489,35344,1145,23791.0,11553.0,0.0,0.0,0.0,0.0,0.0,0.0,0.0,0.0,0.0,0.0
20180613,5,7회지방선거_광역의원지역구,서울특별시,동작구,동작구제1선거구,89554,55185,54036,1149,32251.0,13010.0,7409.0,1366.0,0.0,0.0,0.0,0.0,0.0,0.0,0.0,0.0
20180613,5,7회지방선거_광역의원지역구,서울특별시,동작구,동작구제2선거구,93745,58871,57580,1291,36166.0,13156.0,8258.0,0.0,0.0,0.0,0.0,0.0,0.0,0.0,0.0,0.0
20180613,5,7회지방선거_광역의원지역구,서울특별시,동작구,동작구제3선거구,85685,54926,53511,1415,37253.0,15469.0,0.0,0.0,0.0,0.0,0.0,789.0,0.0,0.0,0.0,0.0
20180613,5,7회지방선거_광역의원지역구,서울특별시,동작구,동작구제4선거구,71505,44161,43123,1038,25833.0,11354.0,5936.0,0.0,0.0,0.0,0.0,0.0,0.0,0.0,0.0,0.0
20180613,5,7회지방선거_광역의원지역구,서울특별시,관악구,관악구제1선거구,112707,65380,62546,2834,46372.0,0.0,16174.0,0.0,0.0,0.0,0.0,0.0,0.0,0.0,0.0,0.0
20180613,5,7회지방선거_광역의원지역구,서울특별시,관악구,관악구제2선거구,124790,78466,76149,2317,50967.0,13974.0,11208.0,0.0,0.0,0.0,0.0,0.0,0.0,0.0,0.0,0.0
20180613,5,7회지방선거_광역의원지역구,서울특별시,관악구,관악구제3선거구,105871,60179,58054,2125,32481.0,13762.0,9678.0,0.0,2133.0,0.0,0.0,0.0,0.0,0.0,0.0,0.0
20180613,5,7회지방선거_광역의원지역구,서울특별시,관악구,관악구제4선거구,106374,61315,59401,1914,36671.0,11800.0,10930.0,0.0,0.0,0.0,0.0,0.0,0.0,0.0,0.0,0.0
20180613,5,7회지방선거_광역의원지역구,서울특별시,서초구,서초구제1선거구,81625,49437,48384,1053,21582.0,19431.0,7371.0,0.0,0.0,0.0,0.0,0.0,0.0,0.0,0.0,0.0
20180613,5,7회지방선거_광역의원지역구,서울특별시,서초구,서초구제2선거구,80876,52464,51274,1190,23990.0,18755.0,8529.0,0.0,0.0,0.0,0.0,0.0,0.0,0.0,0.0,0.0
20180613,5,7회지방선거_광역의원지역구,서울특별시,서초구,서초구제3선거구,111834,71070,69704,1366,34839.0,26925.0,6870.0,0.0,0.0,0.0,0.0,0.0,1070.0,0.0,0.0,0.0
20180613,5,7회지방선거_광역의원지역구,서울특별시,서초구,서초구제4선거구,85399,53798,52623,1175,26085.0,20091.0,6447.0,0.0,0.0,0.0,0.0,0.0,0.0,0.0,0.0,0.0
20180613,5,7회지방선거_광역의원지역구,서울특별시,강남구,강남구제1선거구,84433,45189,44093,1096,17301.0,21213.0,5579.0,0.0,0.0,0.0,0.0,0.0,0.0,0.0,0.0,0.0
20180613,5,7회지방선거_광역의원지역구,서울특별시,강남구,강남구제2선거구,80777,40938,39990,948,20729.0,14371.0,4187.0,703.0,0.0,0.0,0.0,0.0,0.0,0.0,0.0,0.0
20180613,5,7회지방선거_광역의원지역구,서울특별시,강남구,강남구제3선거구,69313,43443,42094,1349,23991.0,18103.0,0.0,0.0,0.0,0.0,0.0,0.0,0.0,0.0,0.0,0.0
20180613,5,7회지방선거_광역의원지역구,서울특별시,강남구,강남구제4선거구,69538,44892,43620,1272,26524.0,17096.0,0.0,0.0,0.0,0.0,0.0,0.0,0.0,0.0,0.0,0.0
20180613,5,7회지방선거_광역의원지역구,서울특별시,강남구,강남구제5선거구,81602,49768,48679,1089,19448.0,21090.0,8141.0,0.0,0.0,0.0,0.0,0.0,0.0,0.0,0.0,0.0
20180613,5,7회지방선거_광역의원지역구,서울특별시,강남구,강남구제6선거구,69199,41767,40748,1019,16888.0,17763.0,6097.0,0.0,0.0,0.0,0.0,0.0,0.0,0.0,0.0,0.0
20180613,5,7회지방선거_광역의원지역구,서울특별시,송파구,송파구제1선거구,73041,47383,46300,1083,28909.0,17391.0,0.0,0.0,0.0,0.0,0.0,0.0,0.0,0.0,0.0,0.0
20180613,5,7회지방선거_광역의원지역구,서울특별시,송파구,송파구제2선거구,91279,57545,56515,1030,31572.0,19421.0,5522.0,0.0,0.0,0.0,0.0,0.0,0.0,0.0,0.0,0.0
20180613,5,7회지방선거_광역의원지역구,서울특별시,송파구,송파구제3선거구,119002,75576,73975,1601,37951.0,23629.0,12395.0,0.0,0.0,0.0,0.0,0.0,0.0,0.0,0.0,0.0
20180613,5,7회지방선거_광역의원지역구,서울특별시,송파구,송파구제4선거구,56763,34789,34012,777,20499.0,13513.0,0.0,0.0,0.0,0.0,0.0,0.0,0.0,0.0,0.0,0.0
20180613,5,7회지방선거_광역의원지역구,서울특별시,송파구,송파구제5선거구,102970,64792,63506,1286,36901.0,18964.0,7641.0,0.0,0.0,0.0,0.0,0.0,0.0,0.0,0.0,0.0
20180613,5,7회지방선거_광역의원지역구,서울특별시,송파구,송파구제6선거구,111928,68715,67261,1454,41780.0,18243.0,7238.0,0.0,0.0,0.0,0.0,0.0,0.0,0.0,0.0,0.0
20180613,5,7회지방선거_광역의원지역구,서울특별시,강동구,강동구제1선거구,112992,70628,68856,1772,46931.0,21925.0,0.0,0.0,0.0,0.0,0.0,0.0,0.0,0.0,0.0,0.0
20180613,5,7회지방선거_광역의원지역구,서울특별시,강동구,강동구제2선거구,84663,51683,50510,1173,29381.0,16143.0,4986.0,0.0,0.0,0.0,0.0,0.0,0.0,0.0,0.0,0.0
20180613,5,7회지방선거_광역의원지역구,서울특별시,강동구,강동구제3선거구,82547,45417,44083,1334,29443.0,14640.0,0.0,0.0,0.0,0.0,0.0,0.0,0.0,0.0,0.0,0.0
20180613,5,7회지방선거_광역의원지역구,서울특별시,강동구,강동구제4선거구,84974,50688,49086,1602,32641.0,16445.0,0.0,0.0,0.0,0.0,0.0,0.0,0.0,0.0,0.0,0.0
20180613,5,7회지방선거_광역의원지역구,부산광역시,중구,중구선거구,39832,22494,21794,700,12040.0,9754.0,0.0,0.0,0.0,0.0,0.0,0.0,0.0,0.0,0.0,0.0
20180613,5,7회지방선거_광역의원지역구,부산광역시,서구,서구제1선거구,48355,29210,28487,723,15356.0,13131.0,0.0,0.0,0.0,0.0,0.0,0.0,0.0,0.0,0.0,0.0
20180613,5,7회지방선거_광역의원지역구,부산광역시,서구,서구제2선거구,48768,26152,25271,881,11700.0,11747.0,0.0,1212.0,0.0,0.0,0.0,0.0,0.0,612.0,0.0,0.0
20180613,5,7회지방선거_광역의원지역구,부산광역시,동구,동구제1선거구,38433,22223,21432,791,10080.0,11352.0,0.0,0.0,0.0,0.0,0.0,0.0,0.0,0.0,0.0,0.0
20180613,5,7회지방선거_광역의원지역구,부산광역시,동구,동구제2선거구,40658,24055,23293,762,11632.0,11661.0,0.0,0.0,0.0,0.0,0.0,0.0,0.0,0.0,0.0,0.0
20180613,5,7회지방선거_광역의원지역구,부산광역시,영도구,영도구제1선거구,50444,28459,27654,805,12825.0,11873.0,0.0,2956.0,0.0,0.0,0.0,0.0,0.0,0.0,0.0,0.0
20180613,5,7회지방선거_광역의원지역구,부산광역시,영도구,영도구제2선거구,57486,32855,31984,871,17389.0,11363.0,3232.0,0.0,0.0,0.0,0.0,0.0,0.0,0.0,0.0,0.0
20180613,5,7회지방선거_광역의원지역구,부산광역시,부산진구,부산진구제1선거구,82037,47433,46375,1058,22835.0,18100.0,2437.0,2366.0,0.0,637.0,0.0,0.0,0.0,0.0,0.0,0.0
20180613,5,7회지방선거_광역의원지역구,부산광역시,부산진구,부산진구제2선거구,78773,46997,45500,1497,26669.0,18831.0,0.0,0.0,0.0,0.0,0.0,0.0,0.0,0.0,0.0,0.0
20180613,5,7회지방선거_광역의원지역구,부산광역시,부산진구,부산진구제3선거구,91783,49324,47580,1744,25576.0,19327.0,2677.0,0.0,0.0,0.0,0.0,0.0,0.0,0.0,0.0,0.0
20180613,5,7회지방선거_광역의원지역구,부산광역시,부산진구,부산진구제4선거구,66809,40260,39053,1207,21795.0,13959.0,0.0,3299.0,0.0,0.0,0.0,0.0,0.0,0.0,0.0,0.0
20180613,5,7회지방선거_광역의원지역구,부산광역시,동래구,동래구제1선거구,54379,33618,32603,1015,18286.0,14317.0,0.0,0.0,0.0,0.0,0.0,0.0,0.0,0.0,0.0,0.0
20180613,5,7회지방선거_광역의원지역구,부산광역시,동래구,동래구제2선거구,107625,63892,61873,2019,30502.0,25050.0,3826.0,2495.0,0.0,0.0,0.0,0.0,0.0,0.0,0.0,0.0
20180613,5,7회지방선거_광역의원지역구,부산광역시,동래구,동래구제3선거구,64709,38067,37219,848,19868.0,17351.0,0.0,0.0,0.0,0.0,0.0,0.0,0.0,0.0,0.0,0.0
20180613,5,7회지방선거_광역의원지역구,부산광역시,남구,남구제1선거구,79305,46993,45463,1530,25641.0,19822.0,0.0,0.0,0.0,0.0,0.0,0.0,0.0,0.0,0.0,0.0
20180613,5,7회지방선거_광역의원지역구,부산광역시,남구,남구제2선거구,70576,43286,42064,1222,19973.0,20602.0,0.0,0.0,0.0,1489.0,0.0,0.0,0.0,0.0,0.0,0.0
20180613,5,7회지방선거_광역의원지역구,부산광역시,남구,남구제3선거구,42531,25913,24876,1037,13067.0,10850.0,0.0,0.0,0.0,959.0,0.0,0.0,0.0,0.0,0.0,0.0
20180613,5,7회지방선거_광역의원지역구,부산광역시,남구,남구제4선거구,41799,24226,23660,566,11649.0,9655.0,1691.0,0.0,0.0,665.0,0.0,0.0,0.0,0.0,0.0,0.0
20180613,5,7회지방선거_광역의원지역구,부산광역시,북구,북구제1선거구,68925,36722,35513,1209,18764.0,13401.0,3348.0,0.0,0.0,0.0,0.0,0.0,0.0,0.0,0.0,0.0
20180613,5,7회지방선거_광역의원지역구,부산광역시,북구,북구제2선거구,74691,44915,43608,1307,25270.0,18338.0,0.0,0.0,0.0,0.0,0.0,0.0,0.0,0.0,0.0,0.0
20180613,5,7회지방선거_광역의원지역구,부산광역시,북구,북구제3선거구,49873,30884,30067,817,15872.0,11404.0,2791.0,0.0,0.0,0.0,0.0,0.0,0.0,0.0,0.0,0.0
20180613,5,7회지방선거_광역의원지역구,부산광역시,북구,북구제4선거구,60418,39547,38694,853,22398.0,16296.0,0.0,0.0,0.0,0.0,0.0,0.0,0.0,0.0,0.0,0.0
20180613,5,7회지방선거_광역의원지역구,부산광역시,해운대구,해운대구제1선거구,86230,50421,49374,1047,22756.0,18304.0,3737.0,3264.0,0.0,0.0,0.0,0.0,0.0,0.0,0.0,0.0
20180613,5,7회지방선거_광역의원지역구,부산광역시,해운대구,해운대구제2선거구,99854,59580,57607,1973,32331.0,21239.0,0.0,4037.0,0.0,0.0,0.0,0.0,0.0,0.0,0.0,0.0
20180613,5,7회지방선거_광역의원지역구,부산광역시,해운대구,해운대구제3선거구,75095,42106,41223,883,21423.0,14859.0,2636.0,1279.0,0.0,1026.0,0.0,0.0,0.0,0.0,0.0,0.0
20180613,5,7회지방선거_광역의원지역구,부산광역시,해운대구,해운대구제4선거구,80900,48178,46118,2060,25069.0,21049.0,0.0,0.0,0.0,0.0,0.0,0.0,0.0,0.0,0.0,0.0
20180613,5,7회지방선거_광역의원지역구,부산광역시,사하구,사하구제1선거구,55794,32365,31415,950,17376.0,14039.0,0.0,0.0,0.0,0.0,0.0,0.0,0.0,0.0,0.0,0.0
20180613,5,7회지방선거_광역의원지역구,부산광역시,사하구,사하구제2선거구,66978,39042,38059,983,20666.0,14642.0,2751.0,0.0,0.0,0.0,0.0,0.0,0.0,0.0,0.0,0.0
20180613,5,7회지방선거_광역의원지역구,부산광역시,사하구,사하구제3선거구,64702,36011,35281,730,18074.0,11284.0,2939.0,2394.0,0.0,590.0,0.0,0.0,0.0,0.0,0.0,0.0
20180613,5,7회지방선거_광역의원지역구,부산광역시,사하구,사하구제4선거구,93625,53214,51789,1425,28822.0,22967.0,0.0,0.0,0.0,0.0,0.0,0.0,0.0,0.0,0.0,0.0
20180613,5,7회지방선거_광역의원지역구,부산광역시,금정구,금정구제1선거구,98835,57736,56165,1571,28951.0,27214.0,0.0,0.0,0.0,0.0,0.0,0.0,0.0,0.0,0.0,0.0
20180613,5,7회지방선거_광역의원지역구,부산광역시,금정구,금정구제2선거구,112143,68841,67385,1456,36984.0,28038.0,0.0,0.0,0.0,2363.0,0.0,0.0,0.0,0.0,0.0,0.0
20180613,5,7회지방선거_광역의원지역구,부산광역시,강서구,강서구제1선거구,42429,25728,24986,742,15323.0,9663.0,0.0,0.0,0.0,0.0,0.0,0.0,0.0,0.0,0.0,0.0
20180613,5,7회지방선거_광역의원지역구,부산광역시,강서구,강서구제2선거구,50425,29776,29166,610,17620.0,11546.0,0.0,0.0,0.0,0.0,0.0,0.0,0.0,0.0,0.0,0.0
20180613,5,7회지방선거_광역의원지역구,부산광역시,연제구,연제구제1선거구,93411,57249,56002,1247,31779.0,24223.0,0.0,0.0,0.0,0.0,0.0,0.0,0.0,0.0,0.0,0.0
20180613,5,7회지방선거_광역의원지역구,부산광역시,연제구,연제구제2선거구,81262,48620,47664,956,23425.0,17773.0,3433.0,798.0,0.0,1102.0,0.0,0.0,0.0,0.0,0.0,0.0
20180613,5,7회지방선거_광역의원지역구,부산광역시,수영구,수영구제1선거구,83878,48254,46539,1715,26620.0,19919.0,0.0,0.0,0.0,0.0,0.0,0.0,0.0,0.0,0.0,0.0
20180613,5,7회지방선거_광역의원지역구,부산광역시,수영구,수영구제2선거구,71916,42184,40929,1255,20995.0,19934.0,0.0,0.0,0.0,0.0,0.0,0.0,0.0,0.0,0.0,0.0
20180613,5,7회지방선거_광역의원지역구,부산광역시,사상구,사상구제1선거구,95973,54519,52453,2066,27867.0,22501.0,0.0,0.0,0.0,0.0,0.0,0.0,0.0,0.0,2085.0,0.0
20180613,5,7회지방선거_광역의원지역구,부산광역시,사상구,사상구제2선거구,99505,59611,57410,2201,31358.0,19760.0,6292.0,0.0,0.0,0.0,0.0,0.0,0.0,0.0,0.0,0.0
20180613,5,7회지방선거_광역의원지역구,부산광역시,기장군,기장군제1선거구,46879,26959,26204,755,11060.0,10466.0,0.0,4678.0,0.0,0.0,0.0,0.0,0.0,0.0,0.0,0.0
20180613,5,7회지방선거_광역의원지역구,부산광역시,기장군,기장군제2선거구,81003,49299,47957,1342,21795.0,13208.0,12954.0,0.0,0.0,0.0,0.0,0.0,0.0,0.0,0.0,0.0
20180613,5,7회지방선거_광역의원지역구,대구광역시,중구,중구제1선거구,32856,18360,17929,431,5656.0,8640.0,2238.0,1395.0,0.0,0.0,0.0,0.0,0.0,0.0,0.0,0.0
20180613,5,7회지방선거_광역의원지역구,대구광역시,중구,중구제2선거구,35447,21492,20933,559,8475.0,10373.0,0.0,2085.0,0.0,0.0,0.0,0.0,0.0,0.0,0.0,0.0
20180613,5,7회지방선거_광역의원지역구,대구광역시,동구,동구제1선거구,71570,40192,39009,1183,12010.0,19068.0,7931.0,0.0,0.0,0.0,0.0,0.0,0.0,0.0,0.0,0.0
20180613,5,7회지방선거_광역의원지역구,대구광역시,동구,동구제2선거구,57427,32958,31676,1282,0.0,16923.0,9023.0,5730.0,0.0,0.0,0.0,0.0,0.0,0.0,0.0,0.0
20180613,5,7회지방선거_광역의원지역구,대구광역시,동구,동구제3선거구,68927,41545,40494,1051,12052.0,16582.0,9873.0,1987.0,0.0,0.0,0.0,0.0,0.0,0.0,0.0,0.0
20180613,5,7회지방선거_광역의원지역구,대구광역시,동구,동구제4선거구,97936,56869,55500,1369,20270.0,21147.0,12733.0,1350.0,0.0,0.0,0.0,0.0,0.0,0.0,0.0,0.0
20180613,5,7회지방선거_광역의원지역구,대구광역시,서구,서구제2선거구,78819,41760,40083,1677,0.0,20115.0,0.0,8257.0,0.0,0.0,0.0,0.0,0.0,0.0,11711.0,0.0
20180613,5,7회지방선거_광역의원지역구,대구광역시,남구,남구제1선거구,62548,34395,33290,1105,11452.0,17817.0,0.0,4021.0,0.0,0.0,0.0,0.0,0.0,0.0,0.0,0.0
20180613,5,7회지방선거_광역의원지역구,대구광역시,남구,남구제2선거구,71945,37831,36531,1300,13061.0,19705.0,0.0,3765.0,0.0,0.0,0.0,0.0,0.0,0.0,0.0,0.0
20180613,5,7회지방선거_광역의원지역구,대구광역시,북구,북구제1선거구,72232,42687,41558,1129,17048.0,20872.0,0.0,912.0,0.0,0.0,0.0,1273.0,0.0,0.0,0.0,0.0
20180613,5,7회지방선거_광역의원지역구,대구광역시,북구,북구제2선거구,90276,51574,49707,1867,18250.0,24460.0,4506.0,0.0,0.0,0.0,0.0,0.0,0.0,0.0,2491.0,0.0
20180613,5,7회지방선거_광역의원지역구,대구광역시,북구,북구제3선거구,64387,37311,36589,722,15055.0,14022.0,3865.0,3091.0,0.0,556.0,0.0,0.0,0.0,0.0,0.0,0.0
20180613,5,7회지방선거_광역의원지역구,대구광역시,북구,북구제4선거구,95098,53235,51862,1373,21559.0,23974.0,6329.0,0.0,0.0,0.0,0.0,0.0,0.0,0.0,0.0,0.0
20180613,5,7회지방선거_광역의원지역구,대구광역시,북구,북구제5선거구,38017,21007,20457,550,7100.0,10201.0,0.0,3156.0,0.0,0.0,0.0,0.0,0.0,0.0,0.0,0.0
20180613,5,7회지방선거_광역의원지역구,대구광역시,수성구,수성구제1선거구,98732,60199,58836,1363,29545.0,29291.0,0.0,0.0,0.0,0.0,0.0,0.0,0.0,0.0,0.0,0.0
20180613,5,7회지방선거_광역의원지역구,대구광역시,수성구,수성구제2선거구,100844,63740,62310,1430,31198.0,31112.0,0.0,0.0,0.0,0.0,0.0,0.0,0.0,0.0,0.0,0.0
20180613,5,7회지방선거_광역의원지역구,대구광역시,수성구,수성구제3선거구,76297,43459,42271,1188,18201.0,24070.0,0.0,0.0,0.0,0.0,0.0,0.0,0.0,0.0,0.0,0.0
20180613,5,7회지방선거_광역의원지역구,대구광역시,수성구,수성구제4선거구,75981,44385,43261,1124,14898.0,22603.0,0.0,5760.0,0.0,0.0,0.0,0.0,0.0,0.0,0.0,0.0
20180613,5,7회지방선거_광역의원지역구,대구광역시,달서구,달서구제1선거구,79798,45400,44333,1067,20783.0,23550.0,0.0,0.0,0.0,0.0,0.0,0.0,0.0,0.0,0.0,0.0
20180613,5,7회지방선거_광역의원지역구,대구광역시,달서구,달서구제2선거구,63617,35057,34246,811,13188.0,13702.0,0.0,6350.0,0.0,1006.0,0.0,0.0,0.0,0.0,0.0,0.0
20180613,5,7회지방선거_광역의원지역구,대구광역시,달서구,달서구제3선거구,99995,58261,56859,1402,28287.0,22405.0,0.0,6167.0,0.0,0.0,0.0,0.0,0.0,0.0,0.0,0.0
20180613,5,7회지방선거_광역의원지역구,대구광역시,달서구,달서구제4선거구,94554,56015,54524,1491,26897.0,27627.0,0.0,0.0,0.0,0.0,0.0,0.0,0.0,0.0,0.0,0.0
20180613,5,7회지방선거_광역의원지역구,대구광역시,달서구,달서구제5선거구,68493,36747,35712,1035,14222.0,17020.0,0.0,0.0,0.0,0.0,0.0,4470.0,0.0,0.0,0.0,0.0
20180613,5,7회지방선거_광역의원지역구,대구광역시,달서구,달서구제6선거구,66212,34430,33685,745,10892.0,16041.0,5104.0,0.0,0.0,334.0,0.0,1314.0,0.0,0.0,0.0,0.0
20180613,5,7회지방선거_광역의원지역구,대구광역시,달성군,달성군제1선거구,118293,70146,68521,1625,24178.0,30151.0,0.0,8626.0,0.0,0.0,0.0,0.0,0.0,0.0,0.0,0.0
20180613,5,7회지방선거_광역의원지역구,대구광역시,달성군,달성군제2선거구,78544,45062,42837,2225,0.0,19259.0,0.0,7638.0,0.0,7895.0,0.0,0.0,0.0,0.0,0.0,0.0
20180613,5,7회지방선거_광역의원지역구,인천광역시,중구,중구제1선거구,43864,23387,22640,747,13339.0,9301.0,0.0,0.0,0.0,0.0,0.0,0.0,0.0,0.0,0.0,0.0
20180613,5,7회지방선거_광역의원지역구,인천광역시,중구,중구제2선거구,54744,30261,29516,745,20150.0,9366.0,0.0,0.0,0.0,0.0,0.0,0.0,0.0,0.0,0.0,0.0
20180613,5,7회지방선거_광역의원지역구,인천광역시,동구,동구선거구,57559,34750,33403,1347,21033.0,12370.0,0.0,0.0,0.0,0.0,0.0,0.0,0.0,0.0,0.0,0.0
20180613,5,7회지방선거_광역의원지역구,인천광역시,남구,남구제1선거구,96608,47531,45968,1563,29069.0,14365.0,0.0,0.0,0.0,0.0,0.0,0.0,2534.0,0.0,0.0,0.0
20180613,5,7회지방선거_광역의원지역구,인천광역시,남구,남구제2선거구,74024,37773,36535,1238,21039.0,13249.0,0.0,2247.0,0.0,0.0,0.0,0.0,0.0,0.0,0.0,0.0
20180613,5,7회지방선거_광역의원지역구,인천광역시,남구,남구제3선거구,75349,37680,36426,1254,22310.0,14116.0,0.0,0.0,0.0,0.0,0.0,0.0,0.0,0.0,0.0,0.0
20180613,5,7회지방선거_광역의원지역구,인천광역시,남구,남구제4선거구,110527,60788,58950,1838,31165.0,18718.0,0.0,0.0,0.0,0.0,0.0,0.0,0.0,0.0,9067.0,0.0
20180613,5,7회지방선거_광역의원지역구,인천광역시,연수구,연수구제1선거구,92500,58253,57062,1191,31362.0,19437.0,0.0,0.0,0.0,0.0,0.0,0.0,0.0,0.0,6263.0,0.0
20180613,5,7회지방선거_광역의원지역구,인천광역시,연수구,연수구제2선거구,48090,28990,28241,749,19046.0,9195.0,0.0,0.0,0.0,0.0,0.0,0.0,0.0,0.0,0.0,0.0
20180613,5,7회지방선거_광역의원지역구,인천광역시,연수구,연수구제3선거구,62245,33132,32095,1037,20543.0,11552.0,0.0,0.0,0.0,0.0,0.0,0.0,0.0,0.0,0.0,0.0
20180613,5,7회지방선거_광역의원지역구,인천광역시,연수구,연수구제4선거구,66791,40132,38958,1174,23112.0,11341.0,4505.0,0.0,0.0,0.0,0.0,0.0,0.0,0.0,0.0,0.0
20180613,5,7회지방선거_광역의원지역구,인천광역시,남동구,남동구제1선거구,82869,47954,46927,1027,33247.0,13680.0,0.0,0.0,0.0,0.0,0.0,0.0,0.0,0.0,0.0,0.0
20180613,5,7회지방선거_광역의원지역구,인천광역시,남동구,남동구제2선거구,60566,32779,31697,1082,20834.0,10863.0,0.0,0.0,0.0,0.0,0.0,0.0,0.0,0.0,0.0,0.0
20180613,5,7회지방선거_광역의원지역구,인천광역시,남동구,남동구제3선거구,70915,35868,34577,1291,23464.0,11113.0,0.0,0.0,0.0,0.0,0.0,0.0,0.0,0.0,0.0,0.0
20180613,5,7회지방선거_광역의원지역구,인천광역시,남동구,남동구제4선거구,75103,42840,41935,905,27390.0,12285.0,0.0,2260.0,0.0,0.0,0.0,0.0,0.0,0.0,0.0,0.0
20180613,5,7회지방선거_광역의원지역구,인천광역시,남동구,남동구제5선거구,71349,39939,38868,1071,24699.0,10800.0,3369.0,0.0,0.0,0.0,0.0,0.0,0.0,0.0,0.0,0.0
20180613,5,7회지방선거_광역의원지역구,인천광역시,남동구,남동구제6선거구,80330,47089,45902,1187,31732.0,14170.0,0.0,0.0,0.0,0.0,0.0,0.0,0.0,0.0,0.0,0.0
20180613,5,7회지방선거_광역의원지역구,인천광역시,부평구,부평구제1선거구,64349,32712,32005,707,23217.0,8788.0,0.0,0.0,0.0,0.0,0.0,0.0,0.0,0.0,0.0,0.0
20180613,5,7회지방선거_광역의원지역구,인천광역시,부평구,부평구제2선거구,84350,45945,44685,1260,27685.0,17000.0,0.0,0.0,0.0,0.0,0.0,0.0,0.0,0.0,0.0,0.0
20180613,5,7회지방선거_광역의원지역구,인천광역시,부평구,부평구제3선거구,90222,43548,42506,1042,29779.0,12727.0,0.0,0.0,0.0,0.0,0.0,0.0,0.0,0.0,0.0,0.0
20180613,5,7회지방선거_광역의원지역구,인천광역시,부평구,부평구제4선거구,77410,43425,42520,905,29271.0,13249.0,0.0,0.0,0.0,0.0,0.0,0.0,0.0,0.0,0.0,0.0
20180613,5,7회지방선거_광역의원지역구,인천광역시,부평구,부평구제5선거구,63886,35268,34477,791,24242.0,10235.0,0.0,0.0,0.0,0.0,0.0,0.0,0.0,0.0,0.0,0.0
20180613,5,7회지방선거_광역의원지역구,인천광역시,부평구,부평구제6선거구,68401,40859,40029,830,29028.0,11001.0,0.0,0.0,0.0,0.0,0.0,0.0,0.0,0.0,0.0,0.0
20180613,5,7회지방선거_광역의원지역구,인천광역시,계양구,계양구제1선거구,50031,27474,26455,1019,18729.0,7726.0,0.0,0.0,0.0,0.0,0.0,0.0,0.0,0.0,0.0,0.0
20180613,5,7회지방선거_광역의원지역구,인천광역시,계양구,계양구제2선거구,72554,39059,37722,1337,28035.0,9687.0,0.0,0.0,0.0,0.0,0.0,0.0,0.0,0.0,0.0,0.0
20180613,5,7회지방선거_광역의원지역구,인천광역시,계양구,계양구제3선거구,52192,27033,25983,1050,18988.0,6995.0,0.0,0.0,0.0,0.0,0.0,0.0,0.0,0.0,0.0,0.0
20180613,5,7회지방선거_광역의원지역구,인천광역시,계양구,계양구제4선거구,91439,50272,48908,1364,35462.0,13446.0,0.0,0.0,0.0,0.0,0.0,0.0,0.0,0.0,0.0,0.0
20180613,5,7회지방선거_광역의원지역구,인천광역시,서구,서구제1선거구,101596,54756,53796,960,39457.0,14339.0,0.0,0.0,0.0,0.0,0.0,0.0,0.0,0.0,0.0,0.0
20180613,5,7회지방선거_광역의원지역구,인천광역시,서구,서구제2선거구,94058,48846,47638,1208,30942.0,11452.0,5244.0,0.0,0.0,0.0,0.0,0.0,0.0,0.0,0.0,0.0
20180613,5,7회지방선거_광역의원지역구,인천광역시,서구,서구제3선거구,117700,68079,66908,1171,45949.0,14891.0,6068.0,0.0,0.0,0.0,0.0,0.0,0.0,0.0,0.0,0.0
20180613,5,7회지방선거_광역의원지역구,인천광역시,서구,서구제4선거구,109465,58429,57105,1324,30642.0,17656.0,8807.0,0.0,0.0,0.0,0.0,0.0,0.0,0.0,0.0,0.0
20180613,5,7회지방선거_광역의원지역구,인천광역시,강화군,강화군선거구,60755,39937,38267,1670,15753.0,22514.0,0.0,0.0,0.0,0.0,0.0,0.0,0.0,0.0,0.0,0.0
20180613,5,7회지방선거_광역의원지역구,인천광역시,옹진군,옹진군선거구,18938,13907,13116,791,7226.0,5890.0,0.0,0.0,0.0,0.0,0.0,0.0,0.0,0.0,0.0,0.0
20180613,5,7회지방선거_광역의원지역구,광주광역시,동구,동구제1선거구,36571,22309,21767,542,13111.0,0.0,4751.0,0.0,3905.0,0.0,0.0,0.0,0.0,0.0,0.0,0.0
20180613,5,7회지방선거_광역의원지역구,광주광역시,동구,동구제2선거구,45694,29236,28468,768,18128.0,0.0,4998.0,0.0,3913.0,1429.0,0.0,0.0,0.0,0.0,0.0,0.0
20180613,5,7회지방선거_광역의원지역구,광주광역시,서구,서구제2선거구,74378,44238,43319,919,27080.0,0.0,0.0,0.0,0.0,16239.0,0.0,0.0,0.0,0.0,0.0,0.0
20180613,5,7회지방선거_광역의원지역구,광주광역시,서구,서구제3선거구,53695,33001,32014,987,26238.0,0.0,0.0,0.0,5776.0,0.0,0.0,0.0,0.0,0.0,0.0,0.0
20180613,5,7회지방선거_광역의원지역구,광주광역시,남구,남구제1선거구,60208,33705,32743,962,26615.0,0.0,0.0,6128.0,0.0,0.0,0.0,0.0,0.0,0.0,0.0,0.0
20180613,5,7회지방선거_광역의원지역구,광주광역시,남구,남구제2선거구,43257,25940,25174,766,18613.0,0.0,0.0,2861.0,3700.0,0.0,0.0,0.0,0.0,0.0,0.0,0.0
20180613,5,7회지방선거_광역의원지역구,광주광역시,남구,남구제3선거구,73499,46629,45211,1418,32416.0,0.0,0.0,0.0,12795.0,0.0,0.0,0.0,0.0,0.0,0.0,0.0
20180613,5,7회지방선거_광역의원지역구,광주광역시,북구,북구제1선거구,36254,19900,19355,545,13552.0,0.0,0.0,0.0,4704.0,1099.0,0.0,0.0,0.0,0.0,0.0,0.0
20180613,5,7회지방선거_광역의원지역구,광주광역시,북구,북구제2선거구,61620,35665,34692,973,25915.0,0.0,0.0,0.0,8777.0,0.0,0.0,0.0,0.0,0.0,0.0,0.0
20180613,5,7회지방선거_광역의원지역구,광주광역시,북구,북구제3선거구,58301,33812,31910,1902,24649.0,0.0,0.0,0.0,7261.0,0.0,0.0,0.0,0.0,0.0,0.0,0.0
20180613,5,7회지방선거_광역의원지역구,광주광역시,북구,북구제4선거구,79737,48170,47261,909,34014.0,0.0,0.0,0.0,8878.0,4369.0,0.0,0.0,0.0,0.0,0.0,0.0
20180613,5,7회지방선거_광역의원지역구,광주광역시,북구,북구제6선거구,64378,37146,36349,797,28025.0,0.0,0.0,0.0,8324.0,0.0,0.0,0.0,0.0,0.0,0.0,0.0
20180613,5,7회지방선거_광역의원지역구,광주광역시,광산구,광산구제1선거구,61825,36581,35401,1180,28842.0,0.0,6559.0,0.0,0.0,0.0,0.0,0.0,0.0,0.0,0.0,0.0
20180613,5,7회지방선거_광역의원지역구,광주광역시,광산구,광산구제2선거구,73271,41049,40187,862,27895.0,0.0,2507.0,0.0,4535.0,5250.0,0.0,0.0,0.0,0.0,0.0,0.0
20180613,5,7회지방선거_광역의원지역구,광주광역시,광산구,광산구제3선거구,74194,43070,41999,1071,35309.0,0.0,6690.0,0.0,0.0,0.0,0.0,0.0,0.0,0.0,0.0,0.0
20180613,5,7회지방선거_광역의원지역구,광주광역시,광산구,광산구제4선거구,42853,24913,24476,437,16054.0,0.0,4679.0,0.0,0.0,3743.0,0.0,0.0,0.0,0.0,0.0,0.0
20180613,5,7회지방선거_광역의원지역구,광주광역시,광산구,광산구제5선거구,54868,32384,31824,560,26848.0,0.0,4976.0,0.0,0.0,0.0,0.0,0.0,0.0,0.0,0.0,0.0
20180613,5,7회지방선거_광역의원지역구,대전광역시,동구,동구제1선거구,77858,44371,43291,1080,25083.0,12243.0,5965.0,0.0,0.0,0.0,0.0,0.0,0.0,0.0,0.0,0.0
20180613,5,7회지방선거_광역의원지역구,대전광역시,동구,동구제2선거구,54566,30610,29855,755,14181.0,9179.0,6495.0,0.0,0.0,0.0,0.0,0.0,0.0,0.0,0.0,0.0
20180613,5,7회지방선거_광역의원지역구,대전광역시,동구,동구제3선거구,58938,31323,30656,667,16516.0,8683.0,5457.0,0.0,0.0,0.0,0.0,0.0,0.0,0.0,0.0,0.0
20180613,5,7회지방선거_광역의원지역구,대전광역시,중구,중구제1선거구,58368,30364,29648,716,15242.0,10244.0,4162.0,0.0,0.0,0.0,0.0,0.0,0.0,0.0,0.0,0.0
20180613,5,7회지방선거_광역의원지역구,대전광역시,중구,중구제2선거구,74117,45389,44353,1036,26665.0,14124.0,3564.0,0.0,0.0,0.0,0.0,0.0,0.0,0.0,0.0,0.0
20180613,5,7회지방선거_광역의원지역구,대전광역시,중구,중구제3선거구,73557,41177,40097,1080,25968.0,14129.0,0.0,0.0,0.0,0.0,0.0,0.0,0.0,0.0,0.0,0.0
20180613,5,7회지방선거_광역의원지역구,대전광역시,서구,서구제1선거구,62364,33124,32272,852,21148.0,11124.0,0.0,0.0,0.0,0.0,0.0,0.0,0.0,0.0,0.0,0.0
20180613,5,7회지방선거_광역의원지역구,대전광역시,서구,서구제2선거구,62419,34228,33281,947,21419.0,11862.0,0.0,0.0,0.0,0.0,0.0,0.0,0.0,0.0,0.0,0.0
20180613,5,7회지방선거_광역의원지역구,대전광역시,서구,서구제3선거구,81919,49024,47919,1105,35281.0,12638.0,0.0,0.0,0.0,0.0,0.0,0.0,0.0,0.0,0.0,0.0
20180613,5,7회지방선거_광역의원지역구,대전광역시,서구,서구제4선거구,76537,39204,38152,1052,26709.0,11443.0,0.0,0.0,0.0,0.0,0.0,0.0,0.0,0.0,0.0,0.0
20180613,5,7회지방선거_광역의원지역구,대전광역시,서구,서구제5선거구,58970,38091,37212,879,22528.0,9389.0,3561.0,0.0,0.0,1734.0,0.0,0.0,0.0,0.0,0.0,0.0
20180613,5,7회지방선거_광역의원지역구,대전광역시,서구,서구제6선거구,53158,32811,32045,766,22031.0,10014.0,0.0,0.0,0.0,0.0,0.0,0.0,0.0,0.0,0.0,0.0
20180613,5,7회지방선거_광역의원지역구,대전광역시,유성구,유성구제1선거구,63379,37983,37341,642,24188.0,8871.0,4282.0,0.0,0.0,0.0,0.0,0.0,0.0,0.0,0.0,0.0
20180613,5,7회지방선거_광역의원지역구,대전광역시,유성구,유성구제2선거구,79775,46336,45183,1153,31580.0,13603.0,0.0,0.0,0.0,0.0,0.0,0.0,0.0,0.0,0.0,0.0
20180613,5,7회지방선거_광역의원지역구,대전광역시,유성구,유성구제3선거구,64921,42452,41320,1132,30312.0,11008.0,0.0,0.0,0.0,0.0,0.0,0.0,0.0,0.0,0.0,0.0
20180613,5,7회지방선거_광역의원지역구,대전광역시,유성구,유성구제4선거구,64588,41482,40668,814,31009.0,9659.0,0.0,0.0,0.0,0.0,0.0,0.0,0.0,0.0,0.0,0.0
20180613,5,7회지방선거_광역의원지역구,대전광역시,대덕구,대덕구제1선거구,45042,26300,25531,769,14332.0,11199.0,0.0,0.0,0.0,0.0,0.0,0.0,0.0,0.0,0.0,0.0
20180613,5,7회지방선거_광역의원지역구,대전광역시,대덕구,대덕구제2선거구,56123,32079,31253,826,20282.0,10971.0,0.0,0.0,0.0,0.0,0.0,0.0,0.0,0.0,0.0,0.0
20180613,5,7회지방선거_광역의원지역구,대전광역시,대덕구,대덕구제3선거구,52914,30444,29626,818,18138.0,11488.0,0.0,0.0,0.0,0.0,0.0,0.0,0.0,0.0,0.0,0.0
20180613,5,7회지방선거_광역의원지역구,울산광역시,중구,중구제1선거구,55657,35067,33726,1341,17930.0,15796.0,0.0,0.0,0.0,0.0,0.0,0.0,0.0,0.0,0.0,0.0
20180613,5,7회지방선거_광역의원지역구,울산광역시,중구,중구제2선거구,37886,25241,24538,703,8472.0,9146.0,0.0,0.0,0.0,6920.0,0.0,0.0,0.0,0.0,0.0,0.0
20180613,5,7회지방선거_광역의원지역구,울산광역시,중구,중구제3선거구,68388,46074,44339,1735,23590.0,20749.0,0.0,0.0,0.0,0.0,0.0,0.0,0.0,0.0,0.0,0.0
20180613,5,7회지방선거_광역의원지역구,울산광역시,중구,중구제4선거구,32977,21933,21115,818,12095.0,9020.0,0.0,0.0,0.0,0.0,0.0,0.0,0.0,0.0,0.0,0.0
20180613,5,7회지방선거_광역의원지역구,울산광역시,남구,남구제1선거구,60582,38551,37316,1235,15951.0,16200.0,0.0,5165.0,0.0,0.0,0.0,0.0,0.0,0.0,0.0,0.0
20180613,5,7회지방선거_광역의원지역구,울산광역시,남구,남구제2선거구,40248,27744,27059,685,13226.0,10918.0,0.0,0.0,0.0,2915.0,0.0,0.0,0.0,0.0,0.0,0.0
20180613,5,7회지방선거_광역의원지역구,울산광역시,남구,남구제3선거구,48192,31699,30929,770,15357.0,12191.0,0.0,0.0,0.0,3381.0,0.0,0.0,0.0,0.0,0.0,0.0
20180613,5,7회지방선거_광역의원지역구,울산광역시,남구,남구제4선거구,52505,30904,29852,1052,12827.0,11899.0,0.0,0.0,0.0,5126.0,0.0,0.0,0.0,0.0,0.0,0.0
20180613,5,7회지방선거_광역의원지역구,울산광역시,남구,남구제5선거구,37420,23944,23307,637,11135.0,9598.0,0.0,0.0,0.0,2574.0,0.0,0.0,0.0,0.0,0.0,0.0
20180613,5,7회지방선거_광역의원지역구,울산광역시,남구,남구제6선거구,35983,23797,23020,777,10213.0,9399.0,0.0,0.0,0.0,3408.0,0.0,0.0,0.0,0.0,0.0,0.0
20180613,5,7회지방선거_광역의원지역구,울산광역시,동구,동구제1선거구,61464,37292,35869,1423,15472.0,13939.0,0.0,0.0,0.0,0.0,0.0,0.0,6458.0,0.0,0.0,0.0
20180613,5,7회지방선거_광역의원지역구,울산광역시,동구,동구제2선거구,35856,24333,23431,902,8671.0,11394.0,0.0,0.0,0.0,0.0,0.0,0.0,0.0,0.0,3366.0,0.0
20180613,5,7회지방선거_광역의원지역구,울산광역시,동구,동구제3선거구,36996,25124,24387,737,8951.0,7563.0,0.0,0.0,0.0,7873.0,0.0,0.0,0.0,0.0,0.0,0.0
20180613,5,7회지방선거_광역의원지역구,울산광역시,북구,북구제1선거구,57571,37967,37116,851,18313.0,12931.0,0.0,0.0,0.0,5872.0,0.0,0.0,0.0,0.0,0.0,0.0
20180613,5,7회지방선거_광역의원지역구,울산광역시,북구,북구제2선거구,57156,37164,36289,875,19329.0,11793.0,0.0,0.0,679.0,4488.0,0.0,0.0,0.0,0.0,0.0,0.0
20180613,5,7회지방선거_광역의원지역구,울산광역시,북구,북구제3선거구,44303,28977,28075,902,14470.0,7805.0,0.0,0.0,0.0,5800.0,0.0,0.0,0.0,0.0,0.0,0.0
20180613,5,7회지방선거_광역의원지역구,울산광역시,울주군,울주군제1선거구,55646,32659,31354,1305,11600.0,10897.0,3597.0,5260.0,0.0,0.0,0.0,0.0,0.0,0.0,0.0,0.0
20180613,5,7회지방선거_광역의원지역구,울산광역시,울주군,울주군제2선거구,70110,48016,46327,1689,25093.0,15114.0,0.0,2318.0,0.0,3802.0,0.0,0.0,0.0,0.0,0.0,0.0
20180613,5,7회지방선거_광역의원지역구,울산광역시,울주군,울주군제3선거구,53610,34076,32821,1255,14714.0,14888.0,0.0,3219.0,0.0,0.0,0.0,0.0,0.0,0.0,0.0,0.0
20180613,5,7회지방선거_광역의원지역구,세종특별자치시,세종특별자치시,세종특별자치시제1선거구,13783,7426,7288,138,3745.0,2122.0,789.0,135.0,0.0,0.0,0.0,0.0,0.0,0.0,0.0,0.0
20180613,5,7회지방선거_광역의원지역구,세종특별자치시,세종특별자치시,세종특별자치시제2선거구,13212,7261,7149,112,5092.0,1424.0,633.0,0.0,0.0,0.0,0.0,0.0,0.0,0.0,0.0,0.0
20180613,5,7회지방선거_광역의원지역구,세종특별자치시,세종특별자치시,세종특별자치시제3선거구,9688,5746,5665,81,3138.0,1064.0,1463.0,0.0,0.0,0.0,0.0,0.0,0.0,0.0,0.0,0.0
20180613,5,7회지방선거_광역의원지역구,세종특별자치시,세종특별자치시,세종특별자치시제4선거구,17143,9978,9698,280,4365.0,1897.0,3436.0,0.0,0.0,0.0,0.0,0.0,0.0,0.0,0.0,0.0
20180613,5,7회지방선거_광역의원지역구,세종특별자치시,세종특별자치시,세종특별자치시제5선거구,15155,8362,8154,208,4143.0,2906.0,1105.0,0.0,0.0,0.0,0.0,0.0,0.0,0.0,0.0,0.0
20180613,5,7회지방선거_광역의원지역구,세종특별자치시,세종특별자치시,세종특별자치시제6선거구,11515,6284,6058,226,3661.0,2397.0,0.0,0.0,0.0,0.0,0.0,0.0,0.0,0.0,0.0,0.0
20180613,5,7회지방선거_광역의원지역구,세종특별자치시,세종특별자치시,세종특별자치시제7선거구,13290,8985,8884,101,6623.0,1104.0,1157.0,0.0,0.0,0.0,0.0,0.0,0.0,0.0,0.0,0.0
20180613,5,7회지방선거_광역의원지역구,세종특별자치시,세종특별자치시,세종특별자치시제8선거구,12172,7568,7433,135,4363.0,1475.0,0.0,1595.0,0.0,0.0,0.0,0.0,0.0,0.0,0.0,0.0
20180613,5,7회지방선거_광역의원지역구,세종특별자치시,세종특별자치시,세종특별자치시제9선거구,11365,7611,7542,69,4817.0,839.0,1115.0,771.0,0.0,0.0,0.0,0.0,0.0,0.0,0.0,0.0
20180613,5,7회지방선거_광역의원지역구,세종특별자치시,세종특별자치시,세종특별자치시제10선거구,16091,10979,10838,141,9472.0,1366.0,0.0,0.0,0.0,0.0,0.0,0.0,0.0,0.0,0.0,0.0
20180613,5,7회지방선거_광역의원지역구,세종특별자치시,세종특별자치시,세종특별자치시제11선거구,10910,7116,7019,97,5415.0,948.0,0.0,656.0,0.0,0.0,0.0,0.0,0.0,0.0,0.0,0.0
20180613,5,7회지방선거_광역의원지역구,세종특별자치시,세종특별자치시,세종특별자치시제12선거구,10155,6426,6358,68,3763.0,1105.0,681.0,809.0,0.0,0.0,0.0,0.0,0.0,0.0,0.0,0.0
20180613,5,7회지방선거_광역의원지역구,세종특별자치시,세종특별자치시,세종특별자치시제13선거구,18079,11313,11207,106,5533.0,0.0,2619.0,3055.0,0.0,0.0,0.0,0.0,0.0,0.0,0.0,0.0
20180613,5,7회지방선거_광역의원지역구,세종특별자치시,세종특별자치시,세종특별자치시제14선거구,12358,8104,8020,84,5127.0,978.0,0.0,1915.0,0.0,0.0,0.0,0.0,0.0,0.0,0.0,0.0
20180613,5,7회지방선거_광역의원지역구,세종특별자치시,세종특별자치시,세종특별자치시제15선거구,11367,7466,7369,97,5664.0,815.0,890.0,0.0,0.0,0.0,0.0,0.0,0.0,0.0,0.0,0.0
20180613,5,7회지방선거_광역의원지역구,세종특별자치시,세종특별자치시,세종특별자치시제16선거구,26569,16976,16787,189,10378.0,2073.0,4336.0,0.0,0.0,0.0,0.0,0.0,0.0,0.0,0.0,0.0
20180613,5,7회지방선거_광역의원지역구,경기도,수원시장안구,수원시제1선거구,116345,66680,65246,1434,37645.0,20634.0,5351.0,0.0,1616.0,0.0,0.0,0.0,0.0,0.0,0.0,0.0
20180613,5,7회지방선거_광역의원지역구,경기도,수원시장안구,수원시제2선거구,85795,55174,54116,1058,34691.0,12590.0,6835.0,0.0,0.0,0.0,0.0,0.0,0.0,0.0,0.0,0.0
20180613,5,7회지방선거_광역의원지역구,경기도,수원시권선구,수원시제3선거구,110130,66737,65431,1306,40638.0,14029.0,10764.0,0.0,0.0,0.0,0.0,0.0,0.0,0.0,0.0,0.0
20180613,5,7회지방선거_광역의원지역구,경기도,수원시권선구,수원시제4선거구,93976,54585,53044,1541,37545.0,15499.0,0.0,0.0,0.0,0.0,0.0,0.0,0.0,0.0,0.0,0.0
20180613,5,7회지방선거_광역의원지역구,경기도,수원시팔달구,수원시제5선거구,90250,48069,46626,1443,25982.0,17591.0,0.0,0.0,0.0,0.0,0.0,0.0,3053.0,0.0,0.0,0.0
20180613,5,7회지방선거_광역의원지역구,경기도,수원시팔달구,수원시제6선거구,71423,40281,39248,1033,23417.0,11650.0,4181.0,0.0,0.0,0.0,0.0,0.0,0.0,0.0,0.0,0.0
20180613,5,7회지방선거_광역의원지역구,경기도,수원시영통구,수원시제7선거구,79104,48110,46962,1148,30535.0,11821.0,4606.0,0.0,0.0,0.0,0.0,0.0,0.0,0.0,0.0,0.0
20180613,5,7회지방선거_광역의원지역구,경기도,수원시영통구,수원시제8선거구,106162,69180,67505,1675,48783.0,18722.0,0.0,0.0,0.0,0.0,0.0,0.0,0.0,0.0,0.0,0.0
20180613,5,7회지방선거_광역의원지역구,경기도,수원시권선구,수원시제9선거구,74409,37251,36247,1004,22860.0,13387.0,0.0,0.0,0.0,0.0,0.0,0.0,0.0,0.0,0.0,0.0
20180613,5,7회지방선거_광역의원지역구,경기도,수원시권선구,수원시제10선거구,64382,38704,37942,762,24956.0,12986.0,0.0,0.0,0.0,0.0,0.0,0.0,0.0,0.0,0.0,0.0
20180613,5,7회지방선거_광역의원지역구,경기도,수원시영통구,수원시제11선거구,88265,57313,56218,1095,40703.0,10648.0,4867.0,0.0,0.0,0.0,0.0,0.0,0.0,0.0,0.0,0.0
20180613,5,7회지방선거_광역의원지역구,경기도,성남시수정구,성남시제1선거구,74390,40539,39187,1352,27035.0,12152.0,0.0,0.0,0.0,0.0,0.0,0.0,0.0,0.0,0.0,0.0
20180613,5,7회지방선거_광역의원지역구,경기도,성남시수정구,성남시제2선거구,129663,75142,73361,1781,48359.0,18361.0,6641.0,0.0,0.0,0.0,0.0,0.0,0.0,0.0,0.0,0.0
20180613,5,7회지방선거_광역의원지역구,경기도,성남시중원구,성남시제3선거구,119284,69137,67487,1650,43793.0,18050.0,5644.0,0.0,0.0,0.0,0.0,0.0,0.0,0.0,0.0,0.0
20180613,5,7회지방선거_광역의원지역구,경기도,성남시중원구,성남시제4선거구,75908,43039,41968,1071,25400.0,12803.0,0.0,0.0,0.0,3765.0,0.0,0.0,0.0,0.0,0.0,0.0
20180613,5,7회지방선거_광역의원지역구,경기도,성남시분당구,성남시제5선거구,108338,73317,71909,1408,44876.0,27033.0,0.0,0.0,0.0,0.0,0.0,0.0,0.0,0.0,0.0,0.0
20180613,5,7회지방선거_광역의원지역구,경기도,성남시분당구,성남시제6선거구,98123,66124,64897,1227,43356.0,21541.0,0.0,0.0,0.0,0.0,0.0,0.0,0.0,0.0,0.0,0.0
20180613,5,7회지방선거_광역의원지역구,경기도,성남시분당구,성남시제7선거구,106406,68415,67333,1082,40776.0,20850.0,5707.0,0.0,0.0,0.0,0.0,0.0,0.0,0.0,0.0,0.0
20180613,5,7회지방선거_광역의원지역구,경기도,성남시분당구,성남시제8선거구,88805,58981,57956,1025,32662.0,16406.0,8888.0,0.0,0.0,0.0,0.0,0.0,0.0,0.0,0.0,0.0
20180613,5,7회지방선거_광역의원지역구,경기도,고양시덕양구,고양시제1선거구,106909,59414,58148,1266,24699.0,14029.0,0.0,0.0,0.0,0.0,0.0,0.0,0.0,0.0,19420.0,0.0
20180613,5,7회지방선거_광역의원지역구,경기도,고양시덕양구,고양시제2선거구,71198,39845,38797,1048,23882.0,10998.0,3917.0,0.0,0.0,0.0,0.0,0.0,0.0,0.0,0.0,0.0
20180613,5,7회지방선거_광역의원지역구,경기도,고양시덕양구,고양시제3선거구,61476,38197,37085,1112,25774.0,11311.0,0.0,0.0,0.0,0.0,0.0,0.0,0.0,0.0,0.0,0.0
20180613,5,7회지방선거_광역의원지역구,경기도,고양시덕양구,고양시제4선거구,96239,58392,56832,1560,41687.0,15145.0,0.0,0.0,0.0,0.0,0.0,0.0,0.0,0.0,0.0,0.0
20180613,5,7회지방선거_광역의원지역구,경기도,고양시덕양구,고양시제5선거구,63044,36191,35101,1090,21225.0,9179.0,0.0,0.0,0.0,4697.0,0.0,0.0,0.0,0.0,0.0,0.0
20180613,5,7회지방선거_광역의원지역구,경기도,고양시일산동구,고양시제6선거구,86472,47933,46782,1151,33759.0,13023.0,0.0,0.0,0.0,0.0,0.0,0.0,0.0,0.0,0.0,0.0
20180613,5,7회지방선거_광역의원지역구,경기도,고양시일산동구,고양시제7선거구,73257,40162,38738,1424,27951.0,10787.0,0.0,0.0,0.0,0.0,0.0,0.0,0.0,0.0,0.0,0.0
20180613,5,7회지방선거_광역의원지역구,경기도,고양시일산동구,고양시제8선거구,74325,44554,43562,992,29822.0,13740.0,0.0,0.0,0.0,0.0,0.0,0.0,0.0,0.0,0.0,0.0
20180613,5,7회지방선거_광역의원지역구,경기도,고양시일산서구,고양시제9선거구,116554,67410,65317,2093,47736.0,17581.0,0.0,0.0,0.0,0.0,0.0,0.0,0.0,0.0,0.0,0.0
20180613,5,7회지방선거_광역의원지역구,경기도,고양시일산서구,고양시제10선거구,105531,65373,63515,1858,45638.0,17877.0,0.0,0.0,0.0,0.0,0.0,0.0,0.0,0.0,0.0,0.0
20180613,5,7회지방선거_광역의원지역구,경기도,부천시,부천시제1선거구,81326,43683,42555,1128,31467.0,11088.0,0.0,0.0,0.0,0.0,0.0,0.0,0.0,0.0,0.0,0.0
20180613,5,7회지방선거_광역의원지역구,경기도,부천시,부천시제2선거구,60659,28816,27875,941,19830.0,8045.0,0.0,0.0,0.0,0.0,0.0,0.0,0.0,0.0,0.0,0.0
20180613,5,7회지방선거_광역의원지역구,경기도,부천시,부천시제3선거구,110585,65044,63701,1343,41728.0,14541.0,7432.0,0.0,0.0,0.0,0.0,0.0,0.0,0.0,0.0,0.0
20180613,5,7회지방선거_광역의원지역구,경기도,부천시,부천시제4선거구,107450,65571,64110,1461,43097.0,13855.0,7158.0,0.0,0.0,0.0,0.0,0.0,0.0,0.0,0.0,0.0
20180613,5,7회지방선거_광역의원지역구,경기도,부천시,부천시제5선거구,75042,40907,39918,989,26859.0,13059.0,0.0,0.0,0.0,0.0,0.0,0.0,0.0,0.0,0.0,0.0
20180613,5,7회지방선거_광역의원지역구,경기도,부천시,부천시제6선거구,128006,75122,73157,1965,53093.0,20064.0,0.0,0.0,0.0,0.0,0.0,0.0,0.0,0.0,0.0,0.0
20180613,5,7회지방선거_광역의원지역구,경기도,부천시,부천시제7선거구,75838,39073,38308,765,24616.0,8575.0,5117.0,0.0,0.0,0.0,0.0,0.0,0.0,0.0,0.0,0.0
20180613,5,7회지방선거_광역의원지역구,경기도,부천시,부천시제8선거구,76375,37855,36903,952,27536.0,9367.0,0.0,0.0,0.0,0.0,0.0,0.0,0.0,0.0,0.0,0.0
20180613,5,7회지방선거_광역의원지역구,경기도,안양시만안구,안양시제1선거구,105887,62119,60752,1367,41164.0,19588.0,0.0,0.0,0.0,0.0,0.0,0.0,0.0,0.0,0.0,0.0
20180613,5,7회지방선거_광역의원지역구,경기도,안양시만안구,안양시제2선거구,110611,67670,66155,1515,44251.0,21904.0,0.0,0.0,0.0,0.0,0.0,0.0,0.0,0.0,0.0,0.0
20180613,5,7회지방선거_광역의원지역구,경기도,안양시동안구,안양시제3선거구,63661,41802,40969,833,26159.0,14810.0,0.0,0.0,0.0,0.0,0.0,0.0,0.0,0.0,0.0,0.0
20180613,5,7회지방선거_광역의원지역구,경기도,안양시동안구,안양시제4선거구,80848,50118,49031,1087,34779.0,14252.0,0.0,0.0,0.0,0.0,0.0,0.0,0.0,0.0,0.0,0.0
20180613,5,7회지방선거_광역의원지역구,경기도,안양시동안구,안양시제5선거구,66099,46043,44867,1176,28935.0,15932.0,0.0,0.0,0.0,0.0,0.0,0.0,0.0,0.0,0.0,0.0
20180613,5,7회지방선거_광역의원지역구,경기도,안양시동안구,안양시제6선거구,57396,36846,36068,778,23600.0,12468.0,0.0,0.0,0.0,0.0,0.0,0.0,0.0,0.0,0.0,0.0
20180613,5,7회지방선거_광역의원지역구,경기도,안산시상록구,안산시제1선거구,93072,50976,49715,1261,35874.0,13841.0,0.0,0.0,0.0,0.0,0.0,0.0,0.0,0.0,0.0,0.0
20180613,5,7회지방선거_광역의원지역구,경기도,안산시상록구,안산시제2선거구,75540,38900,37890,1010,26753.0,11137.0,0.0,0.0,0.0,0.0,0.0,0.0,0.0,0.0,0.0,0.0
20180613,5,7회지방선거_광역의원지역구,경기도,안산시상록구,안산시제3선거구,68577,36619,35540,1079,24927.0,10613.0,0.0,0.0,0.0,0.0,0.0,0.0,0.0,0.0,0.0,0.0
20180613,5,7회지방선거_광역의원지역구,경기도,안산시상록구,안산시제4선거구,63973,33469,32762,707,22073.0,10689.0,0.0,0.0,0.0,0.0,0.0,0.0,0.0,0.0,0.0,0.0
20180613,5,7회지방선거_광역의원지역구,경기도,안산시단원구,안산시제5선거구,74003,36218,35457,761,20612.0,10467.0,4378.0,0.0,0.0,0.0,0.0,0.0,0.0,0.0,0.0,0.0
20180613,5,7회지방선거_광역의원지역구,경기도,안산시단원구,안산시제6선거구,63998,30933,30165,768,18183.0,8143.0,3839.0,0.0,0.0,0.0,0.0,0.0,0.0,0.0,0.0,0.0
20180613,5,7회지방선거_광역의원지역구,경기도,안산시단원구,안산시제7선거구,50542,29041,28367,674,18022.0,7183.0,3162.0,0.0,0.0,0.0,0.0,0.0,0.0,0.0,0.0,0.0
20180613,5,7회지방선거_광역의원지역구,경기도,안산시단원구,안산시제8선거구,63994,38394,37642,752,22323.0,10638.0,4681.0,0.0,0.0,0.0,0.0,0.0,0.0,0.0,0.0,0.0
20180613,5,7회지방선거_광역의원지역구,경기도,용인시처인구,용인시제1선거구,106217,59400,57832,1568,35531.0,16815.0,5486.0,0.0,0.0,0.0,0.0,0.0,0.0,0.0,0.0,0.0
20180613,5,7회지방선거_광역의원지역구,경기도,용인시처인구,용인시제2선거구,86356,47254,45270,1984,26454.0,18816.0,0.0,0.0,0.0,0.0,0.0,0.0,0.0,0.0,0.0,0.0
20180613,5,7회지방선거_광역의원지역구,경기도,용인시기흥구,용인시제3선거구,79687,49458,47730,1728,32679.0,15051.0,0.0,0.0,0.0,0.0,0.0,0.0,0.0,0.0,0.0,0.0
20180613,5,7회지방선거_광역의원지역구,경기도,용인시기흥구,용인시제4선거구,101113,62451,60735,1716,43050.0,17685.0,0.0,0.0,0.0,0.0,0.0,0.0,0.0,0.0,0.0,0.0
20180613,5,7회지방선거_광역의원지역구,경기도,용인시수지구,용인시제5선거구,96389,63633,62158,1475,41351.0,20807.0,0.0,0.0,0.0,0.0,0.0,0.0,0.0,0.0,0.0,0.0
20180613,5,7회지방선거_광역의원지역구,경기도,용인시수지구,용인시제6선거구,118800,75424,74088,1336,44705.0,29383.0,0.0,0.0,0.0,0.0,0.0,0.0,0.0,0.0,0.0,0.0
20180613,5,7회지방선거_광역의원지역구,경기도,용인시기흥구,용인시제7선거구,116469,75417,73798,1619,44531.0,29267.0,0.0,0.0,0.0,0.0,0.0,0.0,0.0,0.0,0.0,0.0
20180613,5,7회지방선거_광역의원지역구,경기도,용인시기흥구,용인시제8선거구,89840,58072,56789,1283,38569.0,18220.0,0.0,0.0,0.0,0.0,0.0,0.0,0.0,0.0,0.0,0.0
20180613,5,7회지방선거_광역의원지역구,경기도,의정부시,의정부시제1선거구,85493,40600,38898,1702,25048.0,13850.0,0.0,0.0,0.0,0.0,0.0,0.0,0.0,0.0,0.0,0.0
20180613,5,7회지방선거_광역의원지역구,경기도,의정부시,의정부시제2선거구,85574,48236,46738,1498,32182.0,14556.0,0.0,0.0,0.0,0.0,0.0,0.0,0.0,0.0,0.0,0.0
20180613,5,7회지방선거_광역의원지역구,경기도,의정부시,의정부시제3선거구,90225,52520,50720,1800,33967.0,16753.0,0.0,0.0,0.0,0.0,0.0,0.0,0.0,0.0,0.0,0.0
20180613,5,7회지방선거_광역의원지역구,경기도,의정부시,의정부시제4선거구,105167,57071,55476,1595,40472.0,15004.0,0.0,0.0,0.0,0.0,0.0,0.0,0.0,0.0,0.0,0.0
20180613,5,7회지방선거_광역의원지역구,경기도,남양주시,남양주시제1선거구,66804,38702,37564,1138,27453.0,10111.0,0.0,0.0,0.0,0.0,0.0,0.0,0.0,0.0,0.0,0.0
20180613,5,7회지방선거_광역의원지역구,경기도,남양주시,남양주시제2선거구,95889,47659,46713,946,32041.0,14672.0,0.0,0.0,0.0,0.0,0.0,0.0,0.0,0.0,0.0,0.0
20180613,5,7회지방선거_광역의원지역구,경기도,남양주시,남양주시제3선거구,71842,41291,40549,742,28001.0,12548.0,0.0,0.0,0.0,0.0,0.0,0.0,0.0,0.0,0.0,0.0
20180613,5,7회지방선거_광역의원지역구,경기도,남양주시,남양주시제4선거구,116938,58308,56984,1324,37913.0,14494.0,4577.0,0.0,0.0,0.0,0.0,0.0,0.0,0.0,0.0,0.0
20180613,5,7회지방선거_광역의원지역구,경기도,남양주시,남양주시제5선거구,104448,60607,59413,1194,39094.0,20319.0,0.0,0.0,0.0,0.0,0.0,0.0,0.0,0.0,0.0,0.0
20180613,5,7회지방선거_광역의원지역구,경기도,남양주시,남양주시제6선거구,81428,48107,46632,1475,29980.0,16652.0,0.0,0.0,0.0,0.0,0.0,0.0,0.0,0.0,0.0,0.0
20180613,5,7회지방선거_광역의원지역구,경기도,평택시,평택시제1선거구,54509,27278,26534,744,14560.0,9703.0,2271.0,0.0,0.0,0.0,0.0,0.0,0.0,0.0,0.0,0.0
20180613,5,7회지방선거_광역의원지역구,경기도,평택시,평택시제2선거구,95763,50920,49425,1495,31600.0,13523.0,4302.0,0.0,0.0,0.0,0.0,0.0,0.0,0.0,0.0,0.0
20180613,5,7회지방선거_광역의원지역구,경기도,평택시,평택시제3선거구,65396,34930,34027,903,18510.0,9140.0,6377.0,0.0,0.0,0.0,0.0,0.0,0.0,0.0,0.0,0.0
20180613,5,7회지방선거_광역의원지역구,경기도,평택시,평택시제4선거구,83896,42486,40879,1607,24730.0,11540.0,4609.0,0.0,0.0,0.0,0.0,0.0,0.0,0.0,0.0,0.0
20180613,5,7회지방선거_광역의원지역구,경기도,평택시,평택시제5선거구,94658,54053,52628,1425,36698.0,15930.0,0.0,0.0,0.0,0.0,0.0,0.0,0.0,0.0,0.0,0.0
20180613,5,7회지방선거_광역의원지역구,경기도,광명시,광명시제1선거구,54841,31063,30235,828,18867.0,8478.0,2890.0,0.0,0.0,0.0,0.0,0.0,0.0,0.0,0.0,0.0
20180613,5,7회지방선거_광역의원지역구,경기도,광명시,광명시제2선거구,65450,38883,37628,1255,26951.0,10677.0,0.0,0.0,0.0,0.0,0.0,0.0,0.0,0.0,0.0,0.0
20180613,5,7회지방선거_광역의원지역구,경기도,광명시,광명시제3선거구,63402,41987,40750,1237,24511.0,10149.0,6090.0,0.0,0.0,0.0,0.0,0.0,0.0,0.0,0.0,0.0
20180613,5,7회지방선거_광역의원지역구,경기도,광명시,광명시제4선거구,87099,54892,53093,1799,36696.0,11010.0,5387.0,0.0,0.0,0.0,0.0,0.0,0.0,0.0,0.0,0.0
20180613,5,7회지방선거_광역의원지역구,경기도,시흥시,시흥시제1선거구,87907,48636,47211,1425,32664.0,14547.0,0.0,0.0,0.0,0.0,0.0,0.0,0.0,0.0,0.0,0.0
20180613,5,7회지방선거_광역의원지역구,경기도,시흥시,시흥시제2선거구,90681,53633,52166,1467,36772.0,15394.0,0.0,0.0,0.0,0.0,0.0,0.0,0.0,0.0,0.0,0.0
20180613,5,7회지방선거_광역의원지역구,경기도,시흥시,시흥시제3선거구,77105,32471,31317,1154,22237.0,9080.0,0.0,0.0,0.0,0.0,0.0,0.0,0.0,0.0,0.0,0.0
20180613,5,7회지방선거_광역의원지역구,경기도,시흥시,시흥시제4선거구,94893,50505,49168,1337,37271.0,11897.0,0.0,0.0,0.0,0.0,0.0,0.0,0.0,0.0,0.0,0.0
20180613,5,7회지방선거_광역의원지역구,경기도,군포시,군포시제1선거구,61766,33997,33161,836,22664.0,10497.0,0.0,0.0,0.0,0.0,0.0,0.0,0.0,0.0,0.0,0.0
20180613,5,7회지방선거_광역의원지역구,경기도,군포시,군포시제2선거구,53695,35042,34332,710,23129.0,8299.0,2904.0,0.0,0.0,0.0,0.0,0.0,0.0,0.0,0.0,0.0
20180613,5,7회지방선거_광역의원지역구,경기도,군포시,군포시제3선거구,61564,41493,40513,980,28352.0,12161.0,0.0,0.0,0.0,0.0,0.0,0.0,0.0,0.0,0.0,0.0
20180613,5,7회지방선거_광역의원지역구,경기도,군포시,군포시제4선거구,51974,33954,33070,884,24098.0,8972.0,0.0,0.0,0.0,0.0,0.0,0.0,0.0,0.0,0.0,0.0
20180613,5,7회지방선거_광역의원지역구,경기도,화성시,화성시제1선거구,75340,38199,37023,1176,23815.0,9634.0,3574.0,0.0,0.0,0.0,0.0,0.0,0.0,0.0,0.0,0.0
20180613,5,7회지방선거_광역의원지역구,경기도,화성시,화성시제2선거구,101836,52831,51021,1810,28237.0,18009.0,4775.0,0.0,0.0,0.0,0.0,0.0,0.0,0.0,0.0,0.0
20180613,5,7회지방선거_광역의원지역구,경기도,화성시,화성시제3선거구,95664,60046,58829,1217,39737.0,11434.0,7658.0,0.0,0.0,0.0,0.0,0.0,0.0,0.0,0.0,0.0
20180613,5,7회지방선거_광역의원지역구,경기도,화성시,화성시제4선거구,94644,58796,57132,1664,45713.0,11419.0,0.0,0.0,0.0,0.0,0.0,0.0,0.0,0.0,0.0,0.0
20180613,5,7회지방선거_광역의원지역구,경기도,화성시,화성시제5선거구,88185,48734,47523,1211,30722.0,12461.0,4340.0,0.0,0.0,0.0,0.0,0.0,0.0,0.0,0.0,0.0
20180613,5,7회지방선거_광역의원지역구,경기도,화성시,화성시제6선거구,96052,55065,53695,1370,39717.0,13978.0,0.0,0.0,0.0,0.0,0.0,0.0,0.0,0.0,0.0,0.0
20180613,5,7회지방선거_광역의원지역구,경기도,파주시,파주시제1선거구,93940,53345,51759,1586,34507.0,11984.0,5268.0,0.0,0.0,0.0,0.0,0.0,0.0,0.0,0.0,0.0
20180613,5,7회지방선거_광역의원지역구,경기도,파주시,파주시제2선거구,104616,59605,57483,2122,39830.0,17653.0,0.0,0.0,0.0,0.0,0.0,0.0,0.0,0.0,0.0,0.0
20180613,5,7회지방선거_광역의원지역구,경기도,파주시,파주시제3선거구,92747,48631,46775,1856,30550.0,16225.0,0.0,0.0,0.0,0.0,0.0,0.0,0.0,0.0,0.0,0.0
20180613,5,7회지방선거_광역의원지역구,경기도,파주시,파주시제4선거구,61215,32151,30870,1281,18584.0,12286.0,0.0,0.0,0.0,0.0,0.0,0.0,0.0,0.0,0.0,0.0
20180613,5,7회지방선거_광역의원지역구,경기도,이천시,이천시제1선거구,107606,58982,57556,1426,34745.0,22811.0,0.0,0.0,0.0,0.0,0.0,0.0,0.0,0.0,0.0,0.0
20180613,5,7회지방선거_광역의원지역구,경기도,이천시,이천시제2선거구,63912,34705,33673,1032,20020.0,13653.0,0.0,0.0,0.0,0.0,0.0,0.0,0.0,0.0,0.0,0.0
20180613,5,7회지방선거_광역의원지역구,경기도,구리시,구리시제1선거구,87106,52327,50563,1764,34126.0,16437.0,0.0,0.0,0.0,0.0,0.0,0.0,0.0,0.0,0.0,0.0
20180613,5,7회지방선거_광역의원지역구,경기도,구리시,구리시제2선거구,78189,45367,43938,1429,28542.0,15396.0,0.0,0.0,0.0,0.0,0.0,0.0,0.0,0.0,0.0,0.0
20180613,5,7회지방선거_광역의원지역구,경기도,김포시,김포시제1선거구,80228,47103,46163,940,29575.0,14895.0,0.0,0.0,1693.0,0.0,0.0,0.0,0.0,0.0,0.0,0.0
20180613,5,7회지방선거_광역의원지역구,경기도,김포시,김포시제2선거구,71565,41865,41142,723,26378.0,11465.0,3299.0,0.0,0.0,0.0,0.0,0.0,0.0,0.0,0.0,0.0
20180613,5,7회지방선거_광역의원지역구,경기도,김포시,김포시제3선거구,67387,33401,32636,765,18530.0,14106.0,0.0,0.0,0.0,0.0,0.0,0.0,0.0,0.0,0.0,0.0
20180613,5,7회지방선거_광역의원지역구,경기도,김포시,김포시제4선거구,97066,57635,56769,866,42926.0,13843.0,0.0,0.0,0.0,0.0,0.0,0.0,0.0,0.0,0.0,0.0
20180613,5,7회지방선거_광역의원지역구,경기도,포천시,포천시제1선거구,63475,35450,34174,1276,14461.0,12453.0,4694.0,2566.0,0.0,0.0,0.0,0.0,0.0,0.0,0.0,0.0
20180613,5,7회지방선거_광역의원지역구,경기도,포천시,포천시제2선거구,65574,35268,34074,1194,19559.0,14515.0,0.0,0.0,0.0,0.0,0.0,0.0,0.0,0.0,0.0,0.0
20180613,5,7회지방선거_광역의원지역구,경기도,광주시,광주시제1선거구,65121,34834,33758,1076,20804.0,12954.0,0.0,0.0,0.0,0.0,0.0,0.0,0.0,0.0,0.0,0.0
20180613,5,7회지방선거_광역의원지역구,경기도,광주시,광주시제2선거구,80750,44828,43810,1018,27974.0,15836.0,0.0,0.0,0.0,0.0,0.0,0.0,0.0,0.0,0.0,0.0
20180613,5,7회지방선거_광역의원지역구,경기도,광주시,광주시제3선거구,61722,33378,32335,1043,17613.0,12166.0,2556.0,0.0,0.0,0.0,0.0,0.0,0.0,0.0,0.0,0.0
20180613,5,7회지방선거_광역의원지역구,경기도,광주시,광주시제4선거구,80400,42995,41804,1191,28121.0,10327.0,3356.0,0.0,0.0,0.0,0.0,0.0,0.0,0.0,0.0,0.0
20180613,5,7회지방선거_광역의원지역구,경기도,안성시,안성시제1선거구,89652,48071,46551,1520,31204.0,15347.0,0.0,0.0,0.0,0.0,0.0,0.0,0.0,0.0,0.0,0.0
20180613,5,7회지방선거_광역의원지역구,경기도,안성시,안성시제2선거구,59974,33944,32629,1315,18557.0,14072.0,0.0,0.0,0.0,0.0,0.0,0.0,0.0,0.0,0.0,0.0
20180613,5,7회지방선거_광역의원지역구,경기도,하남시,하남시제1선거구,71585,42142,40863,1279,24238.0,16625.0,0.0,0.0,0.0,0.0,0.0,0.0,0.0,0.0,0.0,0.0
20180613,5,7회지방선거_광역의원지역구,경기도,하남시,하남시제2선거구,122596,73235,71346,1889,43646.0,24672.0,0.0,3028.0,0.0,0.0,0.0,0.0,0.0,0.0,0.0,0.0
20180613,5,7회지방선거_광역의원지역구,경기도,의왕시,의왕시제1선거구,64677,41456,40437,1019,25227.0,15210.0,0.0,0.0,0.0,0.0,0.0,0.0,0.0,0.0,0.0,0.0
20180613,5,7회지방선거_광역의원지역구,경기도,의왕시,의왕시제2선거구,63283,40892,39867,1025,28260.0,11607.0,0.0,0.0,0.0,0.0,0.0,0.0,0.0,0.0,0.0,0.0
20180613,5,7회지방선거_광역의원지역구,경기도,양주시,양주시제1선거구,83338,45411,43797,1614,29336.0,14461.0,0.0,0.0,0.0,0.0,0.0,0.0,0.0,0.0,0.0,0.0
20180613,5,7회지방선거_광역의원지역구,경기도,양주시,양주시제2선거구,87905,48742,47037,1705,31052.0,15985.0,0.0,0.0,0.0,0.0,0.0,0.0,0.0,0.0,0.0,0.0
20180613,5,7회지방선거_광역의원지역구,경기도,오산시,오산시제1선거구,88108,49529,48191,1338,35060.0,13131.0,0.0,0.0,0.0,0.0,0.0,0.0,0.0,0.0,0.0,0.0
20180613,5,7회지방선거_광역의원지역구,경기도,오산시,오산시제2선거구,81530,40495,39558,937,26172.0,9988.0,3398.0,0.0,0.0,0.0,0.0,0.0,0.0,0.0,0.0,0.0
20180613,5,7회지방선거_광역의원지역구,경기도,여주시,여주시제1선거구,54169,31724,30758,966,16498.0,8391.0,0.0,5869.0,0.0,0.0,0.0,0.0,0.0,0.0,0.0,0.0
20180613,5,7회지방선거_광역의원지역구,경기도,여주시,여주시제2선거구,39967,23667,22815,852,8657.0,10019.0,2315.0,1824.0,0.0,0.0,0.0,0.0,0.0,0.0,0.0,0.0
20180613,5,7회지방선거_광역의원지역구,경기도,양평군,양평군제1선거구,50326,30984,30288,696,12741.0,12039.0,5508.0,0.0,0.0,0.0,0.0,0.0,0.0,0.0,0.0,0.0
20180613,5,7회지방선거_광역의원지역구,경기도,양평군,양평군제2선거구,48256,29996,29196,800,12075.0,11288.0,5833.0,0.0,0.0,0.0,0.0,0.0,0.0,0.0,0.0,0.0
20180613,5,7회지방선거_광역의원지역구,경기도,동두천시,동두천시제1선거구,35055,19734,18694,1040,11459.0,6798.0,0.0,0.0,0.0,0.0,0.0,0.0,0.0,0.0,0.0,437.0
20180613,5,7회지방선거_광역의원지역구,경기도,동두천시,동두천시제2선거구,45548,23939,22934,1005,11824.0,8909.0,2201.0,0.0,0.0,0.0,0.0,0.0,0.0,0.0,0.0,0.0
20180613,5,7회지방선거_광역의원지역구,경기도,과천시,과천시선거구,46715,32759,32008,751,19622.0,9869.0,2517.0,0.0,0.0,0.0,0.0,0.0,0.0,0.0,0.0,0.0
20180613,5,7회지방선거_광역의원지역구,경기도,가평군,가평군선거구,54583,35321,34140,1181,12383.0,11249.0,0.0,4875.0,0.0,0.0,0.0,0.0,0.0,0.0,0.0,0.0
20180613,5,7회지방선거_광역의원지역구,경기도,연천군,연천군선거구,38497,24786,23788,998,13036.0,10752.0,0.0,0.0,0.0,0.0,0.0,0.0,0.0,0.0,0.0,0.0
20180613,5,7회지방선거_광역의원지역구,강원도,춘천시,춘천시제1선거구,44521,27811,26762,1049,14518.0,9904.0,2340.0,0.0,0.0,0.0,0.0,0.0,0.0,0.0,0.0,0.0
20180613,5,7회지방선거_광역의원지역구,강원도,춘천시,춘천시제2선거구,45917,28920,28002,918,13534.0,9202.0,0.0,0.0,0.0,0.0,0.0,0.0,0.0,0.0,5266.0,0.0
20180613,5,7회지방선거_광역의원지역구,강원도,춘천시,춘천시제3선거구,48054,29057,28099,958,15882.0,9247.0,2970.0,0.0,0.0,0.0,0.0,0.0,0.0,0.0,0.0,0.0
20180613,5,7회지방선거_광역의원지역구,강원도,춘천시,춘천시제4선거구,46945,29529,28672,857,13954.0,10880.0,0.0,3838.0,0.0,0.0,0.0,0.0,0.0,0.0,0.0,0.0
20180613,5,7회지방선거_광역의원지역구,강원도,춘천시,춘천시제5선거구,45993,29135,28185,950,16597.0,8547.0,3041.0,0.0,0.0,0.0,0.0,0.0,0.0,0.0,0.0,0.0
20180613,5,7회지방선거_광역의원지역구,강원도,원주시,원주시제1선거구,38387,21659,20875,784,11986.0,8889.0,0.0,0.0,0.0,0.0,0.0,0.0,0.0,0.0,0.0,0.0
20180613,5,7회지방선거_광역의원지역구,강원도,원주시,원주시제2선거구,48786,26433,25601,832,14641.0,10960.0,0.0,0.0,0.0,0.0,0.0,0.0,0.0,0.0,0.0,0.0
20180613,5,7회지방선거_광역의원지역구,강원도,원주시,원주시제3선거구,49076,28248,27638,610,15792.0,9981.0,0.0,0.0,0.0,0.0,0.0,0.0,1865.0,0.0,0.0,0.0
20180613,5,7회지방선거_광역의원지역구,강원도,원주시,원주시제4선거구,36769,20792,20047,745,14067.0,5980.0,0.0,0.0,0.0,0.0,0.0,0.0,0.0,0.0,0.0,0.0
20180613,5,7회지방선거_광역의원지역구,강원도,원주시,원주시제5선거구,45708,26871,26269,602,18262.0,6898.0,0.0,0.0,0.0,1109.0,0.0,0.0,0.0,0.0,0.0,0.0
20180613,5,7회지방선거_광역의원지역구,강원도,원주시,원주시제6선거구,27907,16617,16159,458,8228.0,5589.0,0.0,2342.0,0.0,0.0,0.0,0.0,0.0,0.0,0.0,0.0
20180613,5,7회지방선거_광역의원지역구,강원도,원주시,원주시제7선거구,32358,18571,17904,667,10977.0,6927.0,0.0,0.0,0.0,0.0,0.0,0.0,0.0,0.0,0.0,0.0
20180613,5,7회지방선거_광역의원지역구,강원도,강릉시,강릉시제1선거구,45296,28344,27546,798,12339.0,15207.0,0.0,0.0,0.0,0.0,0.0,0.0,0.0,0.0,0.0,0.0
20180613,5,7회지방선거_광역의원지역구,강원도,강릉시,강릉시제2선거구,47514,28600,27989,611,11568.0,8866.0,5018.0,1552.0,0.0,0.0,0.0,0.0,0.0,0.0,0.0,0.0
20180613,5,7회지방선거_광역의원지역구,강원도,강릉시,강릉시제3선거구,45882,26846,26193,653,13692.0,9604.0,2897.0,0.0,0.0,0.0,0.0,0.0,0.0,0.0,0.0,0.0
20180613,5,7회지방선거_광역의원지역구,강원도,강릉시,강릉시제4선거구,41075,24957,24255,702,12313.0,11942.0,0.0,0.0,0.0,0.0,0.0,0.0,0.0,0.0,0.0,0.0
20180613,5,7회지방선거_광역의원지역구,강원도,동해시,동해시제1선거구,31543,19889,19222,667,7048.0,7420.0,0.0,4754.0,0.0,0.0,0.0,0.0,0.0,0.0,0.0,0.0
20180613,5,7회지방선거_광역의원지역구,강원도,동해시,동해시제2선거구,44204,27026,26416,610,9428.0,8917.0,0.0,8071.0,0.0,0.0,0.0,0.0,0.0,0.0,0.0,0.0
20180613,5,7회지방선거_광역의원지역구,강원도,태백시,태백시제1선거구,15332,9861,9546,315,3847.0,4069.0,0.0,1630.0,0.0,0.0,0.0,0.0,0.0,0.0,0.0,0.0
20180613,5,7회지방선거_광역의원지역구,강원도,태백시,태백시제2선거구,23054,15454,14965,489,7315.0,5114.0,2536.0,0.0,0.0,0.0,0.0,0.0,0.0,0.0,0.0,0.0
20180613,5,7회지방선거_광역의원지역구,강원도,속초시,속초시제1선거구,27129,16197,15779,418,8596.0,7183.0,0.0,0.0,0.0,0.0,0.0,0.0,0.0,0.0,0.0,0.0
20180613,5,7회지방선거_광역의원지역구,강원도,속초시,속초시제2선거구,41105,24295,23641,654,12898.0,10743.0,0.0,0.0,0.0,0.0,0.0,0.0,0.0,0.0,0.0,0.0
20180613,5,7회지방선거_광역의원지역구,강원도,삼척시,삼척시제1선거구,32284,22431,21518,913,10985.0,10533.0,0.0,0.0,0.0,0.0,0.0,0.0,0.0,0.0,0.0,0.0
20180613,5,7회지방선거_광역의원지역구,강원도,삼척시,삼척시제2선거구,26833,18588,17825,763,5825.0,8379.0,0.0,3621.0,0.0,0.0,0.0,0.0,0.0,0.0,0.0,0.0
20180613,5,7회지방선거_광역의원지역구,강원도,홍천군,홍천군제1선거구,32591,21268,20687,581,9662.0,11025.0,0.0,0.0,0.0,0.0,0.0,0.0,0.0,0.0,0.0,0.0
20180613,5,7회지방선거_광역의원지역구,강원도,홍천군,홍천군제2선거구,27795,18684,18006,678,7744.0,10262.0,0.0,0.0,0.0,0.0,0.0,0.0,0.0,0.0,0.0,0.0
20180613,5,7회지방선거_광역의원지역구,강원도,횡성군,횡성군제1선거구,22609,15796,15382,414,5795.0,6014.0,0.0,3573.0,0.0,0.0,0.0,0.0,0.0,0.0,0.0,0.0
20180613,5,7회지방선거_광역의원지역구,강원도,횡성군,횡성군제2선거구,17956,12147,11795,352,5139.0,6656.0,0.0,0.0,0.0,0.0,0.0,0.0,0.0,0.0,0.0,0.0
20180613,5,7회지방선거_광역의원지역구,강원도,영월군,영월군제1선거구,18648,12753,12438,315,5856.0,5255.0,1327.0,0.0,0.0,0.0,0.0,0.0,0.0,0.0,0.0,0.0
20180613,5,7회지방선거_광역의원지역구,강원도,영월군,영월군제2선거구,16566,11229,10888,341,5473.0,5415.0,0.0,0.0,0.0,0.0,0.0,0.0,0.0,0.0,0.0,0.0
20180613,5,7회지방선거_광역의원지역구,강원도,평창군,평창군제1선거구,16412,11676,11304,372,5875.0,5429.0,0.0,0.0,0.0,0.0,0.0,0.0,0.0,0.0,0.0,0.0
20180613,5,7회지방선거_광역의원지역구,강원도,평창군,평창군제2선거구,21094,13802,13428,374,7134.0,6294.0,0.0,0.0,0.0,0.0,0.0,0.0,0.0,0.0,0.0,0.0
20180613,5,7회지방선거_광역의원지역구,강원도,정선군,정선군제1선거구,18397,13499,12979,520,7538.0,5441.0,0.0,0.0,0.0,0.0,0.0,0.0,0.0,0.0,0.0,0.0
20180613,5,7회지방선거_광역의원지역구,강원도,정선군,정선군제2선거구,14896,9590,9231,359,5247.0,3984.0,0.0,0.0,0.0,0.0,0.0,0.0,0.0,0.0,0.0,0.0
20180613,5,7회지방선거_광역의원지역구,강원도,철원군,철원군제1선거구,17939,11829,11217,612,5536.0,5681.0,0.0,0.0,0.0,0.0,0.0,0.0,0.0,0.0,0.0,0.0
20180613,5,7회지방선거_광역의원지역구,강원도,철원군,철원군제2선거구,21415,14400,13808,592,9288.0,4520.0,0.0,0.0,0.0,0.0,0.0,0.0,0.0,0.0,0.0,0.0
20180613,5,7회지방선거_광역의원지역구,강원도,화천군,화천군선거구,21783,16230,15644,586,8948.0,6696.0,0.0,0.0,0.0,0.0,0.0,0.0,0.0,0.0,0.0,0.0
20180613,5,7회지방선거_광역의원지역구,강원도,양구군,양구군선거구,19596,14389,13858,531,7933.0,5925.0,0.0,0.0,0.0,0.0,0.0,0.0,0.0,0.0,0.0,0.0
20180613,5,7회지방선거_광역의원지역구,강원도,인제군,인제군선거구,27243,19632,18718,914,10106.0,8612.0,0.0,0.0,0.0,0.0,0.0,0.0,0.0,0.0,0.0,0.0
20180613,5,7회지방선거_광역의원지역구,강원도,고성군,고성군선거구,25496,18348,17559,789,9406.0,8153.0,0.0,0.0,0.0,0.0,0.0,0.0,0.0,0.0,0.0,0.0
20180613,5,7회지방선거_광역의원지역구,강원도,양양군,양양군선거구,24088,17864,17160,704,9189.0,7971.0,0.0,0.0,0.0,0.0,0.0,0.0,0.0,0.0,0.0,0.0
20180613,5,7회지방선거_광역의원지역구,충청북도,청주시상당구,청주시제1선거구,55746,31818,30762,1056,17889.0,9664.0,3209.0,0.0,0.0,0.0,0.0,0.0,0.0,0.0,0.0,0.0
20180613,5,7회지방선거_광역의원지역구,충청북도,청주시상당구,청주시제3선거구,21497,13141,12475,666,7591.0,4884.0,0.0,0.0,0.0,0.0,0.0,0.0,0.0,0.0,0.0,0.0
20180613,5,7회지방선거_광역의원지역구,충청북도,청주시서원구,청주시제4선거구,61258,34309,33508,801,21194.0,12314.0,0.0,0.0,0.0,0.0,0.0,0.0,0.0,0.0,0.0,0.0
20180613,5,7회지방선거_광역의원지역구,충청북도,청주시서원구,청주시제5선거구,60645,36571,35732,839,25358.0,10374.0,0.0,0.0,0.0,0.0,0.0,0.0,0.0,0.0,0.0,0.0
20180613,5,7회지방선거_광역의원지역구,충청북도,청주시서원구,청주시제6선거구,52404,29298,28613,685,20268.0,8345.0,0.0,0.0,0.0,0.0,0.0,0.0,0.0,0.0,0.0,0.0
20180613,5,7회지방선거_광역의원지역구,충청북도,청주시흥덕구,청주시제7선거구,65663,34086,33000,1086,23052.0,9948.0,0.0,0.0,0.0,0.0,0.0,0.0,0.0,0.0,0.0,0.0
20180613,5,7회지방선거_광역의원지역구,충청북도,청주시흥덕구,청주시제8선거구,69709,38757,37754,1003,25735.0,12019.0,0.0,0.0,0.0,0.0,0.0,0.0,0.0,0.0,0.0,0.0
20180613,5,7회지방선거_광역의원지역구,충청북도,청주시흥덕구,청주시제9선거구,69267,37207,36194,1013,24574.0,11620.0,0.0,0.0,0.0,0.0,0.0,0.0,0.0,0.0,0.0,0.0
20180613,5,7회지방선거_광역의원지역구,충청북도,청주시청원구,청주시제10선거구,70827,39208,38303,905,23388.0,11717.0,0.0,3198.0,0.0,0.0,0.0,0.0,0.0,0.0,0.0,0.0
20180613,5,7회지방선거_광역의원지역구,충청북도,청주시청원구,청주시제11선거구,35637,19774,19288,486,11190.0,5560.0,2538.0,0.0,0.0,0.0,0.0,0.0,0.0,0.0,0.0,0.0
20180613,5,7회지방선거_광역의원지역구,충청북도,청주시청원구,청주시제12선거구,47785,26635,26131,504,19700.0,4290.0,2141.0,0.0,0.0,0.0,0.0,0.0,0.0,0.0,0.0,0.0
20180613,5,7회지방선거_광역의원지역구,충청북도,충주시,충주시제1선거구,62699,37024,35446,1578,21221.0,14225.0,0.0,0.0,0.0,0.0,0.0,0.0,0.0,0.0,0.0,0.0
20180613,5,7회지방선거_광역의원지역구,충청북도,충주시,충주시제2선거구,52935,32040,31121,919,15055.0,14212.0,0.0,1854.0,0.0,0.0,0.0,0.0,0.0,0.0,0.0,0.0
20180613,5,7회지방선거_광역의원지역구,충청북도,충주시,충주시제3선거구,59780,34530,33607,923,20049.0,13558.0,0.0,0.0,0.0,0.0,0.0,0.0,0.0,0.0,0.0,0.0
20180613,5,7회지방선거_광역의원지역구,충청북도,제천시,제천시제1선거구,64049,39569,38389,1180,17106.0,12474.0,0.0,8809.0,0.0,0.0,0.0,0.0,0.0,0.0,0.0,0.0
20180613,5,7회지방선거_광역의원지역구,충청북도,제천시,제천시제2선거구,50464,30710,29814,896,16874.0,12940.0,0.0,0.0,0.0,0.0,0.0,0.0,0.0,0.0,0.0,0.0
20180613,5,7회지방선거_광역의원지역구,충청북도,보은군,보은군선거구,30016,22731,21642,1089,10905.0,10737.0,0.0,0.0,0.0,0.0,0.0,0.0,0.0,0.0,0.0,0.0
20180613,5,7회지방선거_광역의원지역구,충청북도,옥천군,옥천군제1선거구,24132,16331,15929,402,7677.0,6344.0,1908.0,0.0,0.0,0.0,0.0,0.0,0.0,0.0,0.0,0.0
20180613,5,7회지방선거_광역의원지역구,충청북도,옥천군,옥천군제2선거구,20730,14152,13486,666,9101.0,4385.0,0.0,0.0,0.0,0.0,0.0,0.0,0.0,0.0,0.0,0.0
20180613,5,7회지방선거_광역의원지역구,충청북도,영동군,영동군제1선거구,21484,15557,15005,552,7111.0,7894.0,0.0,0.0,0.0,0.0,0.0,0.0,0.0,0.0,0.0,0.0
20180613,5,7회지방선거_광역의원지역구,충청북도,영동군,영동군제2선거구,22420,15667,14957,710,6902.0,8055.0,0.0,0.0,0.0,0.0,0.0,0.0,0.0,0.0,0.0,0.0
20180613,5,7회지방선거_광역의원지역구,충청북도,진천군,진천군제1선거구,30491,18928,18333,595,9833.0,8500.0,0.0,0.0,0.0,0.0,0.0,0.0,0.0,0.0,0.0,0.0
20180613,5,7회지방선거_광역의원지역구,충청북도,진천군,진천군제2선거구,31224,17800,17275,525,10636.0,6639.0,0.0,0.0,0.0,0.0,0.0,0.0,0.0,0.0,0.0,0.0
20180613,5,7회지방선거_광역의원지역구,충청북도,괴산군,괴산군선거구,34902,25074,23985,1089,9661.0,9458.0,3103.0,1763.0,0.0,0.0,0.0,0.0,0.0,0.0,0.0,0.0
20180613,5,7회지방선거_광역의원지역구,충청북도,증평군,증평군선거구,30638,19434,19002,432,8466.0,4587.0,4155.0,1794.0,0.0,0.0,0.0,0.0,0.0,0.0,0.0,0.0
20180613,5,7회지방선거_광역의원지역구,충청북도,음성군,음성군제1선거구,31594,19619,19015,604,9913.0,4431.0,0.0,4671.0,0.0,0.0,0.0,0.0,0.0,0.0,0.0,0.0
20180613,5,7회지방선거_광역의원지역구,충청북도,음성군,음성군제2선거구,50232,27906,26826,1080,12933.0,8735.0,0.0,5158.0,0.0,0.0,0.0,0.0,0.0,0.0,0.0,0.0
20180613,5,7회지방선거_광역의원지역구,충청북도,단양군,단양군선거구,26796,19075,18473,602,8923.0,9550.0,0.0,0.0,0.0,0.0,0.0,0.0,0.0,0.0,0.0,0.0
20180613,5,7회지방선거_광역의원지역구,충청남도,천안시동남구,천안시제1선거구,37857,20219,19641,578,11117.0,8524.0,0.0,0.0,0.0,0.0,0.0,0.0,0.0,0.0,0.0,0.0
20180613,5,7회지방선거_광역의원지역구,충청남도,천안시동남구,천안시제2선거구,54808,28018,27221,797,16256.0,10965.0,0.0,0.0,0.0,0.0,0.0,0.0,0.0,0.0,0.0,0.0
20180613,5,7회지방선거_광역의원지역구,충청남도,천안시동남구,천안시제3선거구,73542,32322,31577,745,18406.0,9960.0,3211.0,0.0,0.0,0.0,0.0,0.0,0.0,0.0,0.0,0.0
20180613,5,7회지방선거_광역의원지역구,충청남도,천안시서북구,천안시제4선거구,40584,24471,24070,401,19240.0,4830.0,0.0,0.0,0.0,0.0,0.0,0.0,0.0,0.0,0.0,0.0
20180613,5,7회지방선거_광역의원지역구,충청남도,천안시서북구,천안시제5선거구,65079,32346,31527,819,18213.0,13314.0,0.0,0.0,0.0,0.0,0.0,0.0,0.0,0.0,0.0,0.0
20180613,5,7회지방선거_광역의원지역구,충청남도,천안시서북구,천안시제6선거구,69381,34568,33886,682,25992.0,7894.0,0.0,0.0,0.0,0.0,0.0,0.0,0.0,0.0,0.0,0.0
20180613,5,7회지방선거_광역의원지역구,충청남도,천안시서북구,천안시제7선거구,29482,17174,16855,319,12488.0,4367.0,0.0,0.0,0.0,0.0,0.0,0.0,0.0,0.0,0.0,0.0
20180613,5,7회지방선거_광역의원지역구,충청남도,천안시서북구,천안시제8선거구,46217,25972,25216,756,17923.0,7293.0,0.0,0.0,0.0,0.0,0.0,0.0,0.0,0.0,0.0,0.0
20180613,5,7회지방선거_광역의원지역구,충청남도,천안시서북구,천안시제9선거구,47350,24862,24288,574,17090.0,7198.0,0.0,0.0,0.0,0.0,0.0,0.0,0.0,0.0,0.0,0.0
20180613,5,7회지방선거_광역의원지역구,충청남도,천안시동남구,천안시제10선거구,45517,25821,25129,692,16744.0,8385.0,0.0,0.0,0.0,0.0,0.0,0.0,0.0,0.0,0.0,0.0
20180613,5,7회지방선거_광역의원지역구,충청남도,공주시,공주시제1선거구,40812,24569,23735,834,14533.0,9202.0,0.0,0.0,0.0,0.0,0.0,0.0,0.0,0.0,0.0,0.0
20180613,5,7회지방선거_광역의원지역구,충청남도,공주시,공주시제2선거구,52123,32177,31072,1105,13952.0,12308.0,0.0,4812.0,0.0,0.0,0.0,0.0,0.0,0.0,0.0,0.0
20180613,5,7회지방선거_광역의원지역구,충청남도,보령시,보령시제1선거구,40110,26388,25257,1131,12113.0,10672.0,0.0,2472.0,0.0,0.0,0.0,0.0,0.0,0.0,0.0,0.0
20180613,5,7회지방선거_광역의원지역구,충청남도,보령시,보령시제2선거구,47171,29960,28917,1043,15116.0,11147.0,2654.0,0.0,0.0,0.0,0.0,0.0,0.0,0.0,0.0,0.0
20180613,5,7회지방선거_광역의원지역구,충청남도,아산시,아산시제1선거구,60607,31352,30497,855,17988.0,12509.0,0.0,0.0,0.0,0.0,0.0,0.0,0.0,0.0,0.0,0.0
20180613,5,7회지방선거_광역의원지역구,충청남도,아산시,아산시제2선거구,65321,35838,35109,729,21629.0,11112.0,2368.0,0.0,0.0,0.0,0.0,0.0,0.0,0.0,0.0,0.0
20180613,5,7회지방선거_광역의원지역구,충청남도,아산시,아산시제3선거구,64632,32967,32228,739,21990.0,10238.0,0.0,0.0,0.0,0.0,0.0,0.0,0.0,0.0,0.0,0.0
20180613,5,7회지방선거_광역의원지역구,충청남도,아산시,아산시제4선거구,53733,29780,29263,517,19628.0,7154.0,2481.0,0.0,0.0,0.0,0.0,0.0,0.0,0.0,0.0,0.0
20180613,5,7회지방선거_광역의원지역구,충청남도,서산시,서산시제1선거구,67436,39648,38570,1078,24480.0,9570.0,4520.0,0.0,0.0,0.0,0.0,0.0,0.0,0.0,0.0,0.0
20180613,5,7회지방선거_광역의원지역구,충청남도,서산시,서산시제2선거구,72093,42328,40917,1411,22785.0,18132.0,0.0,0.0,0.0,0.0,0.0,0.0,0.0,0.0,0.0,0.0
20180613,5,7회지방선거_광역의원지역구,충청남도,논산시,논산시제1선거구,59108,36322,35176,1146,20018.0,12084.0,3074.0,0.0,0.0,0.0,0.0,0.0,0.0,0.0,0.0,0.0
20180613,5,7회지방선거_광역의원지역구,충청남도,논산시,논산시제2선거구,44259,26620,25394,1226,14436.0,10958.0,0.0,0.0,0.0,0.0,0.0,0.0,0.0,0.0,0.0,0.0
20180613,5,7회지방선거_광역의원지역구,충청남도,계룡시,계룡시선거구,33093,22137,21609,528,12021.0,7084.0,2504.0,0.0,0.0,0.0,0.0,0.0,0.0,0.0,0.0,0.0
20180613,5,7회지방선거_광역의원지역구,충청남도,당진시,당진시제1선거구,68035,38870,37873,997,22840.0,10830.0,4203.0,0.0,0.0,0.0,0.0,0.0,0.0,0.0,0.0,0.0
20180613,5,7회지방선거_광역의원지역구,충청남도,당진시,당진시제2선거구,67897,37778,36628,1150,24234.0,12394.0,0.0,0.0,0.0,0.0,0.0,0.0,0.0,0.0,0.0,0.0
20180613,5,7회지방선거_광역의원지역구,충청남도,금산군,금산군제1선거구,26213,17742,17182,560,6624.0,6829.0,0.0,3729.0,0.0,0.0,0.0,0.0,0.0,0.0,0.0,0.0
20180613,5,7회지방선거_광역의원지역구,충청남도,금산군,금산군제2선거구,20097,13040,12530,510,5315.0,6026.0,0.0,1189.0,0.0,0.0,0.0,0.0,0.0,0.0,0.0,0.0
20180613,5,7회지방선거_광역의원지역구,충청남도,부여군,부여군제1선거구,36489,23976,23135,841,12588.0,10547.0,0.0,0.0,0.0,0.0,0.0,0.0,0.0,0.0,0.0,0.0
20180613,5,7회지방선거_광역의원지역구,충청남도,부여군,부여군제2선거구,23845,16231,15189,1042,5897.0,6437.0,0.0,2855.0,0.0,0.0,0.0,0.0,0.0,0.0,0.0,0.0
20180613,5,7회지방선거_광역의원지역구,충청남도,서천군,서천군제1선거구,23041,15984,15127,857,11122.0,4005.0,0.0,0.0,0.0,0.0,0.0,0.0,0.0,0.0,0.0,0.0
20180613,5,7회지방선거_광역의원지역구,충청남도,서천군,서천군제2선거구,25366,17980,17163,817,7063.0,6218.0,0.0,3882.0,0.0,0.0,0.0,0.0,0.0,0.0,0.0,0.0
20180613,5,7회지방선거_광역의원지역구,충청남도,청양군,청양군선거구,28741,21228,20499,729,10914.0,9585.0,0.0,0.0,0.0,0.0,0.0,0.0,0.0,0.0,0.0,0.0
20180613,5,7회지방선거_광역의원지역구,충청남도,홍성군,홍성군제1선거구,61805,36967,36035,932,17386.0,14965.0,0.0,3684.0,0.0,0.0,0.0,0.0,0.0,0.0,0.0,0.0
20180613,5,7회지방선거_광역의원지역구,충청남도,홍성군,홍성군제2선거구,22123,14069,13546,523,3622.0,6719.0,3205.0,0.0,0.0,0.0,0.0,0.0,0.0,0.0,0.0,0.0
20180613,5,7회지방선거_광역의원지역구,충청남도,예산군,예산군제1선거구,38001,24007,23117,890,10860.0,12257.0,0.0,0.0,0.0,0.0,0.0,0.0,0.0,0.0,0.0,0.0
20180613,5,7회지방선거_광역의원지역구,충청남도,예산군,예산군제2선거구,32653,20236,19069,1167,9095.0,9974.0,0.0,0.0,0.0,0.0,0.0,0.0,0.0,0.0,0.0,0.0
20180613,5,7회지방선거_광역의원지역구,충청남도,태안군,태안군제1선거구,30578,20506,19848,658,10894.0,8954.0,0.0,0.0,0.0,0.0,0.0,0.0,0.0,0.0,0.0,0.0
20180613,5,7회지방선거_광역의원지역구,충청남도,태안군,태안군제2선거구,25214,16730,16040,690,5078.0,5657.0,0.0,5305.0,0.0,0.0,0.0,0.0,0.0,0.0,0.0,0.0
20180613,5,7회지방선거_광역의원지역구,전라북도,전주시완산구,전주시제2선거구,62242,39890,38853,1037,24603.0,0.0,0.0,0.0,14250.0,0.0,0.0,0.0,0.0,0.0,0.0,0.0
20180613,5,7회지방선거_광역의원지역구,전라북도,전주시완산구,전주시제3선거구,42133,24953,24334,619,16835.0,0.0,0.0,0.0,7499.0,0.0,0.0,0.0,0.0,0.0,0.0,0.0
20180613,5,7회지방선거_광역의원지역구,전라북도,전주시완산구,전주시제4선거구,33036,20885,20390,495,12473.0,0.0,0.0,0.0,7917.0,0.0,0.0,0.0,0.0,0.0,0.0,0.0
20180613,5,7회지방선거_광역의원지역구,전라북도,전주시완산구,전주시제6선거구,33971,21281,20646,635,15471.0,0.0,0.0,0.0,5175.0,0.0,0.0,0.0,0.0,0.0,0.0,0.0
20180613,5,7회지방선거_광역의원지역구,전라북도,전주시완산구,전주시제7선거구,44442,27655,26881,774,21875.0,0.0,0.0,0.0,5006.0,0.0,0.0,0.0,0.0,0.0,0.0,0.0
20180613,5,7회지방선거_광역의원지역구,전라북도,전주시덕진구,전주시제8선거구,57081,37477,36568,909,23103.0,0.0,0.0,0.0,10224.0,3241.0,0.0,0.0,0.0,0.0,0.0,0.0
20180613,5,7회지방선거_광역의원지역구,전라북도,전주시덕진구,전주시제9선거구,58272,35541,34478,1063,27770.0,0.0,0.0,0.0,6708.0,0.0,0.0,0.0,0.0,0.0,0.0,0.0
20180613,5,7회지방선거_광역의원지역구,전라북도,전주시덕진구,전주시제10선거구,56569,34566,33573,993,21913.0,0.0,0.0,0.0,8385.0,0.0,0.0,0.0,3275.0,0.0,0.0,0.0
20180613,5,7회지방선거_광역의원지역구,전라북도,전주시덕진구,전주시제11선거구,38352,23112,22300,812,16667.0,0.0,0.0,0.0,5633.0,0.0,0.0,0.0,0.0,0.0,0.0,0.0
20180613,5,7회지방선거_광역의원지역구,전라북도,군산시,군산시제1선거구,45404,26093,24801,1292,18390.0,0.0,6411.0,0.0,0.0,0.0,0.0,0.0,0.0,0.0,0.0,0.0
20180613,5,7회지방선거_광역의원지역구,전라북도,군산시,군산시제2선거구,48062,30056,28960,1096,20881.0,0.0,8079.0,0.0,0.0,0.0,0.0,0.0,0.0,0.0,0.0,0.0
20180613,5,7회지방선거_광역의원지역구,전라북도,군산시,군산시제3선거구,64337,39493,38471,1022,24092.0,0.0,0.0,14379.0,0.0,0.0,0.0,0.0,0.0,0.0,0.0,0.0
20180613,5,7회지방선거_광역의원지역구,전라북도,군산시,군산시제4선거구,65631,38785,37629,1156,29557.0,0.0,3350.0,1976.0,2746.0,0.0,0.0,0.0,0.0,0.0,0.0,0.0
20180613,5,7회지방선거_광역의원지역구,전라북도,익산시,익산시제1선거구,69231,43118,41764,1354,29144.0,0.0,0.0,0.0,12620.0,0.0,0.0,0.0,0.0,0.0,0.0,0.0
20180613,5,7회지방선거_광역의원지역구,전라북도,익산시,익산시제2선거구,49334,30872,29175,1697,20766.0,0.0,0.0,4630.0,0.0,0.0,0.0,0.0,0.0,0.0,3779.0,0.0
20180613,5,7회지방선거_광역의원지역구,전라북도,익산시,익산시제3선거구,62092,39754,38267,1487,21397.0,0.0,0.0,8607.0,4628.0,3635.0,0.0,0.0,0.0,0.0,0.0,0.0
20180613,5,7회지방선거_광역의원지역구,전라북도,익산시,익산시제4선거구,64909,39517,38225,1292,29200.0,0.0,0.0,0.0,9025.0,0.0,0.0,0.0,0.0,0.0,0.0,0.0
20180613,5,7회지방선거_광역의원지역구,전라북도,정읍시,정읍시제1선거구,37150,24864,23653,1211,15791.0,0.0,0.0,0.0,7862.0,0.0,0.0,0.0,0.0,0.0,0.0,0.0
20180613,5,7회지방선거_광역의원지역구,전라북도,정읍시,정읍시제2선거구,58852,39459,38075,1384,29856.0,0.0,0.0,0.0,8219.0,0.0,0.0,0.0,0.0,0.0,0.0,0.0
20180613,5,7회지방선거_광역의원지역구,전라북도,남원시,남원시제1선거구,36311,26927,25770,1157,15708.0,0.0,0.0,10062.0,0.0,0.0,0.0,0.0,0.0,0.0,0.0,0.0
20180613,5,7회지방선거_광역의원지역구,전라북도,남원시,남원시제2선거구,33619,24592,23343,1249,14753.0,0.0,0.0,8590.0,0.0,0.0,0.0,0.0,0.0,0.0,0.0,0.0
20180613,5,7회지방선거_광역의원지역구,전라북도,김제시,김제시제1선거구,40838,27828,26743,1085,13555.0,0.0,0.0,0.0,13188.0,0.0,0.0,0.0,0.0,0.0,0.0,0.0
20180613,5,7회지방선거_광역의원지역구,전라북도,김제시,김제시제2선거구,34154,23834,22760,1074,14187.0,0.0,0.0,0.0,8573.0,0.0,0.0,0.0,0.0,0.0,0.0,0.0
20180613,5,7회지방선거_광역의원지역구,전라북도,완주군,완주군제2선거구,39128,26709,25707,1002,17937.0,0.0,0.0,4324.0,3446.0,0.0,0.0,0.0,0.0,0.0,0.0,0.0
20180613,5,7회지방선거_광역의원지역구,전라북도,진안군,진안군선거구,23029,17584,16638,946,13122.0,0.0,0.0,0.0,3516.0,0.0,0.0,0.0,0.0,0.0,0.0,0.0
20180613,5,7회지방선거_광역의원지역구,전라북도,무주군,무주군선거구,21573,17377,16323,1054,11059.0,0.0,0.0,0.0,5264.0,0.0,0.0,0.0,0.0,0.0,0.0,0.0
20180613,5,7회지방선거_광역의원지역구,전라북도,장수군,장수군선거구,20072,16594,15745,849,5987.0,0.0,0.0,1665.0,0.0,0.0,0.0,0.0,0.0,0.0,0.0,0.0
20180613,5,7회지방선거_광역의원지역구,전라북도,임실군,임실군선거구,25942,20073,19120,953,11974.0,0.0,0.0,5953.0,0.0,0.0,0.0,0.0,0.0,0.0,0.0,0.0
20180613,5,7회지방선거_광역의원지역구,전라북도,순창군,순창군선거구,25441,20599,19898,701,9266.0,0.0,0.0,5309.0,0.0,5323.0,0.0,0.0,0.0,0.0,0.0,0.0
20180613,5,7회지방선거_광역의원지역구,전라북도,고창군,고창군제1선거구,29793,21901,20664,1237,12779.0,0.0,0.0,7885.0,0.0,0.0,0.0,0.0,0.0,0.0,0.0,0.0
20180613,5,7회지방선거_광역의원지역구,전라북도,고창군,고창군제2선거구,20649,15431,14307,1124,8795.0,0.0,0.0,0.0,5512.0,0.0,0.0,0.0,0.0,0.0,0.0,0.0
20180613,5,7회지방선거_광역의원지역구,전라북도,부안군,부안군선거구,48572,34841,32462,2379,25277.0,0.0,0.0,0.0,7185.0,0.0,0.0,0.0,0.0,0.0,0.0,0.0
20180613,5,7회지방선거_광역의원지역구,전라남도,목포시,목포시제1선거구,31193,20084,19607,477,10383.0,0.0,0.0,795.0,8429.0,0.0,0.0,0.0,0.0,0.0,0.0,0.0
20180613,5,7회지방선거_광역의원지역구,전라남도,목포시,목포시제2선거구,44881,28043,26762,1281,18432.0,0.0,0.0,0.0,8330.0,0.0,0.0,0.0,0.0,0.0,0.0,0.0
20180613,5,7회지방선거_광역의원지역구,전라남도,목포시,목포시제3선거구,43424,27132,26249,883,16478.0,0.0,0.0,0.0,9771.0,0.0,0.0,0.0,0.0,0.0,0.0,0.0
20180613,5,7회지방선거_광역의원지역구,전라남도,목포시,목포시제4선거구,27597,18371,17875,496,10453.0,0.0,0.0,0.0,5310.0,0.0,0.0,0.0,0.0,0.0,2112.0,0.0
20180613,5,7회지방선거_광역의원지역구,전라남도,목포시,목포시제5선거구,39769,26313,25766,547,17812.0,0.0,0.0,0.0,7954.0,0.0,0.0,0.0,0.0,0.0,0.0,0.0
20180613,5,7회지방선거_광역의원지역구,전라남도,여수시,여수시제1선거구,39267,24940,24173,767,18053.0,0.0,0.0,0.0,6120.0,0.0,0.0,0.0,0.0,0.0,0.0,0.0
20180613,5,7회지방선거_광역의원지역구,전라남도,여수시,여수시제2선거구,44218,29022,28316,706,18642.0,0.0,0.0,0.0,9674.0,0.0,0.0,0.0,0.0,0.0,0.0,0.0
20180613,5,7회지방선거_광역의원지역구,전라남도,여수시,여수시제3선거구,32643,21127,20488,639,13688.0,0.0,0.0,0.0,6800.0,0.0,0.0,0.0,0.0,0.0,0.0,0.0
20180613,5,7회지방선거_광역의원지역구,전라남도,여수시,여수시제4선거구,41292,26487,25513,974,17227.0,0.0,0.0,0.0,8286.0,0.0,0.0,0.0,0.0,0.0,0.0,0.0
20180613,5,7회지방선거_광역의원지역구,전라남도,여수시,여수시제5선거구,35595,23540,22788,752,17605.0,0.0,0.0,0.0,5183.0,0.0,0.0,0.0,0.0,0.0,0.0,0.0
20180613,5,7회지방선거_광역의원지역구,전라남도,여수시,여수시제6선거구,42344,28428,27685,743,19795.0,0.0,0.0,0.0,7890.0,0.0,0.0,0.0,0.0,0.0,0.0,0.0
20180613,5,7회지방선거_광역의원지역구,전라남도,순천시,순천시제3선거구,43253,27239,26578,661,21364.0,0.0,0.0,5214.0,0.0,0.0,0.0,0.0,0.0,0.0,0.0,0.0
20180613,5,7회지방선거_광역의원지역구,전라남도,순천시,순천시제4선거구,41764,26073,25038,1035,18164.0,0.0,0.0,0.0,6874.0,0.0,0.0,0.0,0.0,0.0,0.0,0.0
20180613,5,7회지방선거_광역의원지역구,전라남도,나주시,나주시제1선거구,47102,31096,29838,1258,21783.0,0.0,0.0,4646.0,3409.0,0.0,0.0,0.0,0.0,0.0,0.0,0.0
20180613,5,7회지방선거_광역의원지역구,전라남도,나주시,나주시제2선거구,46411,30333,29247,1086,17508.0,0.0,0.0,11739.0,0.0,0.0,0.0,0.0,0.0,0.0,0.0,0.0
20180613,5,7회지방선거_광역의원지역구,전라남도,광양시,광양시제1선거구,44081,30210,29437,773,13843.0,0.0,0.0,9667.0,5927.0,0.0,0.0,0.0,0.0,0.0,0.0,0.0
20180613,5,7회지방선거_광역의원지역구,전라남도,광양시,광양시제3선거구,34101,24467,23436,1031,15896.0,0.0,0.0,0.0,7540.0,0.0,0.0,0.0,0.0,0.0,0.0,0.0
20180613,5,7회지방선거_광역의원지역구,전라남도,담양군,담양군제2선거구,20256,14441,13797,644,9741.0,0.0,0.0,4056.0,0.0,0.0,0.0,0.0,0.0,0.0,0.0,0.0
20180613,5,7회지방선거_광역의원지역구,전라남도,곡성군,곡성군선거구,26739,20724,19707,1017,13088.0,0.0,0.0,6619.0,0.0,0.0,0.0,0.0,0.0,0.0,0.0,0.0
20180613,5,7회지방선거_광역의원지역구,전라남도,구례군,구례군선거구,23743,19335,18436,899,8859.0,0.0,0.0,1110.0,5359.0,3108.0,0.0,0.0,0.0,0.0,0.0,0.0
20180613,5,7회지방선거_광역의원지역구,전라남도,고흥군,고흥군제1선거구,27733,22250,20674,1576,12801.0,0.0,0.0,0.0,7873.0,0.0,0.0,0.0,0.0,0.0,0.0,0.0
20180613,5,7회지방선거_광역의원지역구,전라남도,고흥군,고흥군제2선거구,31713,25708,23778,1930,13315.0,0.0,0.0,0.0,10463.0,0.0,0.0,0.0,0.0,0.0,0.0,0.0
20180613,5,7회지방선거_광역의원지역구,전라남도,보성군,보성군제2선거구,20031,14957,13994,963,8839.0,0.0,0.0,0.0,5155.0,0.0,0.0,0.0,0.0,0.0,0.0,0.0
20180613,5,7회지방선거_광역의원지역구,전라남도,화순군,화순군제1선거구,38470,26854,26112,742,13920.0,0.0,0.0,1027.0,0.0,0.0,0.0,0.0,0.0,0.0,0.0,0.0
20180613,5,7회지방선거_광역의원지역구,전라남도,화순군,화순군제2선거구,16073,11512,10896,616,7043.0,0.0,0.0,3853.0,0.0,0.0,0.0,0.0,0.0,0.0,0.0,0.0
20180613,5,7회지방선거_광역의원지역구,전라남도,장흥군,장흥군제1선거구,18706,14300,13770,530,5073.0,0.0,0.0,4248.0,0.0,4449.0,0.0,0.0,0.0,0.0,0.0,0.0
20180613,5,7회지방선거_광역의원지역구,전라남도,장흥군,장흥군제2선거구,16071,12333,11649,684,6747.0,0.0,0.0,2272.0,2630.0,0.0,0.0,0.0,0.0,0.0,0.0,0.0
20180613,5,7회지방선거_광역의원지역구,전라남도,강진군,강진군제1선거구,18821,13966,13379,587,8394.0,0.0,0.0,0.0,4985.0,0.0,0.0,0.0,0.0,0.0,0.0,0.0
20180613,5,7회지방선거_광역의원지역구,전라남도,강진군,강진군제2선거구,13098,9936,9478,458,4776.0,0.0,0.0,1067.0,3635.0,0.0,0.0,0.0,0.0,0.0,0.0,0.0
20180613,5,7회지방선거_광역의원지역구,전라남도,해남군,해남군제1선거구,37799,26539,25083,1456,16178.0,0.0,0.0,2599.0,6306.0,0.0,0.0,0.0,0.0,0.0,0.0,0.0
20180613,5,7회지방선거_광역의원지역구,전라남도,해남군,해남군제2선거구,24662,17916,16919,997,8051.0,0.0,0.0,1017.0,7851.0,0.0,0.0,0.0,0.0,0.0,0.0,0.0
20180613,5,7회지방선거_광역의원지역구,전라남도,영암군,영암군제1선거구,20388,14466,13846,620,11148.0,0.0,0.0,0.0,2698.0,0.0,0.0,0.0,0.0,0.0,0.0,0.0
20180613,5,7회지방선거_광역의원지역구,전라남도,영암군,영암군제2선거구,26200,17106,16434,672,7131.0,0.0,0.0,0.0,2039.0,0.0,0.0,0.0,0.0,0.0,7264.0,0.0
20180613,5,7회지방선거_광역의원지역구,전라남도,무안군,무안군제1선거구,23621,17142,16260,882,8816.0,0.0,0.0,5127.0,2317.0,0.0,0.0,0.0,0.0,0.0,0.0,0.0
20180613,5,7회지방선거_광역의원지역구,전라남도,무안군,무안군제2선거구,42896,28945,27705,1240,16983.0,0.0,0.0,3063.0,7659.0,0.0,0.0,0.0,0.0,0.0,0.0,0.0
20180613,5,7회지방선거_광역의원지역구,전라남도,함평군,함평군선거구,30165,22405,20936,1469,13289.0,0.0,0.0,0.0,7647.0,0.0,0.0,0.0,0.0,0.0,0.0,0.0
20180613,5,7회지방선거_광역의원지역구,전라남도,영광군,영광군제1선거구,26578,18601,17992,609,10101.0,0.0,0.0,7891.0,0.0,0.0,0.0,0.0,0.0,0.0,0.0,0.0
20180613,5,7회지방선거_광역의원지역구,전라남도,영광군,영광군제2선거구,20111,14350,13641,709,7463.0,0.0,0.0,0.0,0.0,6178.0,0.0,0.0,0.0,0.0,0.0,0.0
20180613,5,7회지방선거_광역의원지역구,전라남도,장성군,장성군제1선거구,19139,14563,13863,700,7126.0,0.0,0.0,6737.0,0.0,0.0,0.0,0.0,0.0,0.0,0.0,0.0
20180613,5,7회지방선거_광역의원지역구,전라남도,장성군,장성군제2선거구,20464,15195,14381,814,9906.0,0.0,0.0,0.0,4475.0,0.0,0.0,0.0,0.0,0.0,0.0,0.0
20180613,5,7회지방선거_광역의원지역구,전라남도,완도군,완도군제1선거구,24738,18955,18208,747,7121.0,0.0,0.0,4012.0,7075.0,0.0,0.0,0.0,0.0,0.0,0.0,0.0
20180613,5,7회지방선거_광역의원지역구,전라남도,완도군,완도군제2선거구,20020,15613,14666,947,8635.0,0.0,0.0,4195.0,1836.0,0.0,0.0,0.0,0.0,0.0,0.0,0.0
20180613,5,7회지방선거_광역의원지역구,전라남도,진도군,진도군선거구,27441,21409,20006,1403,9893.0,0.0,0.0,0.0,10113.0,0.0,0.0,0.0,0.0,0.0,0.0,0.0
20180613,5,7회지방선거_광역의원지역구,전라남도,신안군,신안군제1선거구,19405,15136,14007,1129,6746.0,0.0,0.0,3383.0,3878.0,0.0,0.0,0.0,0.0,0.0,0.0,0.0
20180613,5,7회지방선거_광역의원지역구,전라남도,신안군,신안군제2선거구,18618,15011,13679,1332,8790.0,0.0,0.0,0.0,4889.0,0.0,0.0,0.0,0.0,0.0,0.0,0.0
20180613,5,7회지방선거_광역의원지역구,경상북도,포항시북구,포항시제1선거구,46679,31180,29244,1936,0.0,19734.0,9510.0,0.0,0.0,0.0,0.0,0.0,0.0,0.0,0.0,0.0
20180613,5,7회지방선거_광역의원지역구,경상북도,포항시북구,포항시제2선거구,59910,38055,37144,911,15201.0,18382.0,3561.0,0.0,0.0,0.0,0.0,0.0,0.0,0.0,0.0,0.0
20180613,5,7회지방선거_광역의원지역구,경상북도,포항시북구,포항시제3선거구,60799,36544,35743,801,11058.0,16378.0,0.0,6410.0,0.0,0.0,0.0,0.0,0.0,0.0,1897.0,0.0
20180613,5,7회지방선거_광역의원지역구,경상북도,포항시북구,포항시제4선거구,55722,34143,33408,735,14095.0,15949.0,3364.0,0.0,0.0,0.0,0.0,0.0,0.0,0.0,0.0,0.0
20180613,5,7회지방선거_광역의원지역구,경상북도,포항시남구,포항시제5선거구,46077,27397,25905,1492,0.0,16145.0,9760.0,0.0,0.0,0.0,0.0,0.0,0.0,0.0,0.0,0.0
20180613,5,7회지방선거_광역의원지역구,경상북도,포항시남구,포항시제6선거구,53790,31796,30986,810,10303.0,14908.0,2510.0,3265.0,0.0,0.0,0.0,0.0,0.0,0.0,0.0,0.0
20180613,5,7회지방선거_광역의원지역구,경상북도,포항시남구,포항시제7선거구,57768,32965,31616,1349,16717.0,14899.0,0.0,0.0,0.0,0.0,0.0,0.0,0.0,0.0,0.0,0.0
20180613,5,7회지방선거_광역의원지역구,경상북도,포항시남구,포항시제8선거구,41061,27224,26600,624,13275.0,10774.0,2551.0,0.0,0.0,0.0,0.0,0.0,0.0,0.0,0.0,0.0
20180613,5,7회지방선거_광역의원지역구,경상북도,경주시,경주시제1선거구,62643,40359,39219,1140,16156.0,23063.0,0.0,0.0,0.0,0.0,0.0,0.0,0.0,0.0,0.0,0.0
20180613,5,7회지방선거_광역의원지역구,경상북도,경주시,경주시제4선거구,43577,28328,27108,1220,9301.0,17807.0,0.0,0.0,0.0,0.0,0.0,0.0,0.0,0.0,0.0,0.0
20180613,5,7회지방선거_광역의원지역구,경상북도,김천시,김천시제1선거구,56452,39288,37197,2091,14950.0,22247.0,0.0,0.0,0.0,0.0,0.0,0.0,0.0,0.0,0.0,0.0
20180613,5,7회지방선거_광역의원지역구,경상북도,김천시,김천시제2선거구,63059,44266,41938,2328,0.0,20182.0,0.0,21756.0,0.0,0.0,0.0,0.0,0.0,0.0,0.0,0.0
20180613,5,7회지방선거_광역의원지역구,경상북도,안동시,안동시제1선거구,51812,35091,33220,1871,14959.0,18261.0,0.0,0.0,0.0,0.0,0.0,0.0,0.0,0.0,0.0,0.0
20180613,5,7회지방선거_광역의원지역구,경상북도,안동시,안동시제2선거구,44387,31091,29460,1631,10352.0,19108.0,0.0,0.0,0.0,0.0,0.0,0.0,0.0,0.0,0.0,0.0
20180613,5,7회지방선거_광역의원지역구,경상북도,안동시,안동시제3선거구,41224,28251,26615,1636,0.0,14419.0,4303.0,7893.0,0.0,0.0,0.0,0.0,0.0,0.0,0.0,0.0
20180613,5,7회지방선거_광역의원지역구,경상북도,구미시,구미시제1선거구,60396,36627,35609,1018,18596.0,17013.0,0.0,0.0,0.0,0.0,0.0,0.0,0.0,0.0,0.0,0.0
20180613,5,7회지방선거_광역의원지역구,경상북도,구미시,구미시제3선거구,58768,32801,31715,1086,12440.0,12694.0,0.0,6581.0,0.0,0.0,0.0,0.0,0.0,0.0,0.0,0.0
20180613,5,7회지방선거_광역의원지역구,경상북도,구미시,구미시제4선거구,55479,25230,24684,546,12424.0,8142.0,1841.0,2277.0,0.0,0.0,0.0,0.0,0.0,0.0,0.0,0.0
20180613,5,7회지방선거_광역의원지역구,경상북도,구미시,구미시제5선거구,52009,29808,28961,847,12713.0,9128.0,0.0,7120.0,0.0,0.0,0.0,0.0,0.0,0.0,0.0,0.0
20180613,5,7회지방선거_광역의원지역구,경상북도,구미시,구미시제6선거구,49400,30760,29679,1081,10785.0,18894.0,0.0,0.0,0.0,0.0,0.0,0.0,0.0,0.0,0.0,0.0
20180613,5,7회지방선거_광역의원지역구,경상북도,영주시,영주시제1선거구,47916,33186,31763,1423,0.0,13108.0,0.0,18655.0,0.0,0.0,0.0,0.0,0.0,0.0,0.0,0.0
20180613,5,7회지방선거_광역의원지역구,경상북도,영주시,영주시제2선거구,43531,30533,28895,1638,5698.0,11623.0,0.0,1865.0,0.0,0.0,0.0,0.0,0.0,0.0,0.0,0.0
20180613,5,7회지방선거_광역의원지역구,경상북도,영천시,영천시제1선거구,40779,27360,26094,1266,5664.0,12097.0,1348.0,6985.0,0.0,0.0,0.0,0.0,0.0,0.0,0.0,0.0
20180613,5,7회지방선거_광역의원지역구,경상북도,영천시,영천시제2선거구,47221,32701,31129,1572,0.0,20004.0,0.0,11125.0,0.0,0.0,0.0,0.0,0.0,0.0,0.0,0.0
20180613,5,7회지방선거_광역의원지역구,경상북도,상주시,상주시제1선거구,44663,31710,29585,2125,0.0,16396.0,0.0,13189.0,0.0,0.0,0.0,0.0,0.0,0.0,0.0,0.0
20180613,5,7회지방선거_광역의원지역구,경상북도,상주시,상주시제2선거구,42446,30284,27941,2343,0.0,13841.0,0.0,9838.0,0.0,0.0,0.0,0.0,0.0,0.0,0.0,0.0
20180613,5,7회지방선거_광역의원지역구,경상북도,문경시,문경시제1선거구,37891,27803,25811,1992,8749.0,17062.0,0.0,0.0,0.0,0.0,0.0,0.0,0.0,0.0,0.0,0.0
20180613,5,7회지방선거_광역의원지역구,경상북도,문경시,문경시제2선거구,24794,18417,17403,1014,0.0,6555.0,0.0,10848.0,0.0,0.0,0.0,0.0,0.0,0.0,0.0,0.0
20180613,5,7회지방선거_광역의원지역구,경상북도,경산시,경산시제1선거구,48376,27077,25453,1624,0.0,14397.0,11056.0,0.0,0.0,0.0,0.0,0.0,0.0,0.0,0.0,0.0
20180613,5,7회지방선거_광역의원지역구,경상북도,경산시,경산시제2선거구,58267,31300,29900,1400,0.0,17044.0,6485.0,6371.0,0.0,0.0,0.0,0.0,0.0,0.0,0.0,0.0
20180613,5,7회지방선거_광역의원지역구,경상북도,경산시,경산시제3선거구,60399,32799,31247,1552,0.0,17760.0,7308.0,4592.0,0.0,1587.0,0.0,0.0,0.0,0.0,0.0,0.0
20180613,5,7회지방선거_광역의원지역구,경상북도,경산시,경산시제4선거구,48097,27309,25914,1395,0.0,9969.0,0.0,5276.0,0.0,0.0,0.0,0.0,0.0,0.0,0.0,0.0
20180613,5,7회지방선거_광역의원지역구,경상북도,군위군,군위군선거구,22753,18642,17729,913,0.0,9276.0,0.0,8453.0,0.0,0.0,0.0,0.0,0.0,0.0,0.0,0.0
20180613,5,7회지방선거_광역의원지역구,경상북도,의성군,의성군제1선거구,25910,18571,17797,774,6218.0,5852.0,0.0,5727.0,0.0,0.0,0.0,0.0,0.0,0.0,0.0,0.0
20180613,5,7회지방선거_광역의원지역구,경상북도,청송군,청송군선거구,23522,18153,17450,703,0.0,8981.0,0.0,8469.0,0.0,0.0,0.0,0.0,0.0,0.0,0.0,0.0
20180613,5,7회지방선거_광역의원지역구,경상북도,영덕군,영덕군선거구,34366,26337,25341,996,4708.0,10720.0,0.0,9913.0,0.0,0.0,0.0,0.0,0.0,0.0,0.0,0.0
20180613,5,7회지방선거_광역의원지역구,경상북도,청도군,청도군제1선거구,20219,14499,14160,339,2653.0,4359.0,0.0,7148.0,0.0,0.0,0.0,0.0,0.0,0.0,0.0,0.0
20180613,5,7회지방선거_광역의원지역구,경상북도,고령군,고령군선거구,29462,20298,19334,964,0.0,9081.0,0.0,10253.0,0.0,0.0,0.0,0.0,0.0,0.0,0.0,0.0
20180613,5,7회지방선거_광역의원지역구,경상북도,성주군,성주군제1선거구,20911,14673,14243,430,0.0,4477.0,0.0,1865.0,0.0,0.0,0.0,0.0,0.0,0.0,0.0,0.0
20180613,5,7회지방선거_광역의원지역구,경상북도,성주군,성주군제2선거구,19328,14189,13618,571,0.0,5486.0,1561.0,3118.0,0.0,0.0,0.0,0.0,0.0,0.0,0.0,0.0
20180613,5,7회지방선거_광역의원지역구,경상북도,칠곡군,칠곡군제1선거구,40122,24405,23477,928,9040.0,14437.0,0.0,0.0,0.0,0.0,0.0,0.0,0.0,0.0,0.0,0.0
20180613,5,7회지방선거_광역의원지역구,경상북도,칠곡군,칠곡군제2선거구,56772,30441,29705,736,14890.0,14815.0,0.0,0.0,0.0,0.0,0.0,0.0,0.0,0.0,0.0,0.0
20180613,5,7회지방선거_광역의원지역구,경상북도,예천군,예천군제1선거구,20302,16407,15782,625,0.0,9187.0,0.0,4934.0,0.0,0.0,0.0,0.0,0.0,0.0,0.0,0.0
20180613,5,7회지방선거_광역의원지역구,경상북도,예천군,예천군제2선거구,23916,18232,17243,989,0.0,8036.0,0.0,9207.0,0.0,0.0,0.0,0.0,0.0,0.0,0.0,0.0
20180613,5,7회지방선거_광역의원지역구,경상북도,봉화군,봉화군선거구,29582,23342,22084,1258,4081.0,10476.0,0.0,7527.0,0.0,0.0,0.0,0.0,0.0,0.0,0.0,0.0
20180613,5,7회지방선거_광역의원지역구,경상북도,울진군,울진군제1선거구,25034,18942,17875,1067,0.0,8758.0,0.0,9117.0,0.0,0.0,0.0,0.0,0.0,0.0,0.0,0.0
20180613,5,7회지방선거_광역의원지역구,경상북도,울진군,울진군제2선거구,18322,14244,13310,934,2507.0,7879.0,0.0,2924.0,0.0,0.0,0.0,0.0,0.0,0.0,0.0,0.0
20180613,5,7회지방선거_광역의원지역구,경상북도,울릉군,울릉군선거구,9057,7476,7292,184,0.0,4057.0,0.0,3235.0,0.0,0.0,0.0,0.0,0.0,0.0,0.0,0.0
20180613,5,7회지방선거_광역의원지역구,경상남도,창원시의창구,창원시제1선거구,85095,54962,53664,1298,28724.0,24940.0,0.0,0.0,0.0,0.0,0.0,0.0,0.0,0.0,0.0,0.0
20180613,5,7회지방선거_광역의원지역구,경상남도,창원시의창구,창원시제2선거구,69616,44862,43852,1010,23722.0,17575.0,0.0,0.0,0.0,2555.0,0.0,0.0,0.0,0.0,0.0,0.0
20180613,5,7회지방선거_광역의원지역구,경상남도,창원시의창구,창원시제3선거구,55616,35269,34517,752,20044.0,14473.0,0.0,0.0,0.0,0.0,0.0,0.0,0.0,0.0,0.0,0.0
20180613,5,7회지방선거_광역의원지역구,경상남도,창원시성산구,창원시제4선거구,64189,42582,41555,1027,19869.0,14610.0,0.0,0.0,0.0,7076.0,0.0,0.0,0.0,0.0,0.0,0.0
20180613,5,7회지방선거_광역의원지역구,경상남도,창원시성산구,창원시제5선거구,64103,43759,43035,724,14509.0,12365.0,0.0,0.0,0.0,2167.0,0.0,0.0,0.0,0.0,13994.0,0.0
20180613,5,7회지방선거_광역의원지역구,경상남도,창원시성산구,창원시제6선거구,56308,39430,38555,875,16716.0,11576.0,0.0,0.0,0.0,0.0,0.0,0.0,0.0,0.0,10263.0,0.0
20180613,5,7회지방선거_광역의원지역구,경상남도,창원시마산합포구,창원시제7선거구,84451,55576,54146,1430,27723.0,26423.0,0.0,0.0,0.0,0.0,0.0,0.0,0.0,0.0,0.0,0.0
20180613,5,7회지방선거_광역의원지역구,경상남도,창원시마산합포구,창원시제8선거구,69860,43674,42509,1165,20753.0,21756.0,0.0,0.0,0.0,0.0,0.0,0.0,0.0,0.0,0.0,0.0
20180613,5,7회지방선거_광역의원지역구,경상남도,창원시마산회원구,창원시제9선거구,54617,37393,36568,825,20496.0,16072.0,0.0,0.0,0.0,0.0,0.0,0.0,0.0,0.0,0.0,0.0
20180613,5,7회지방선거_광역의원지역구,경상남도,창원시마산회원구,창원시제10선거구,44208,27691,26848,843,11241.0,15607.0,0.0,0.0,0.0,0.0,0.0,0.0,0.0,0.0,0.0,0.0
20180613,5,7회지방선거_광역의원지역구,경상남도,창원시마산회원구,창원시제11선거구,67675,44477,43434,1043,23115.0,20319.0,0.0,0.0,0.0,0.0,0.0,0.0,0.0,0.0,0.0,0.0
20180613,5,7회지방선거_광역의원지역구,경상남도,창원시진해구,창원시제12선거구,58612,37513,36563,950,17687.0,14549.0,4327.0,0.0,0.0,0.0,0.0,0.0,0.0,0.0,0.0,0.0
20180613,5,7회지방선거_광역의원지역구,경상남도,창원시진해구,창원시제13선거구,52124,34013,33150,863,16661.0,11591.0,3543.0,0.0,0.0,1355.0,0.0,0.0,0.0,0.0,0.0,0.0
20180613,5,7회지방선거_광역의원지역구,경상남도,창원시진해구,창원시제14선거구,39660,22357,21885,472,12308.0,7832.0,1745.0,0.0,0.0,0.0,0.0,0.0,0.0,0.0,0.0,0.0
20180613,5,7회지방선거_광역의원지역구,경상남도,진주시,진주시제1선거구,81873,55397,53973,1424,26526.0,22517.0,0.0,4930.0,0.0,0.0,0.0,0.0,0.0,0.0,0.0,0.0
20180613,5,7회지방선거_광역의원지역구,경상남도,진주시,진주시제2선거구,69339,47930,46883,1047,19754.0,15958.0,2989.0,798.0,0.0,0.0,0.0,0.0,0.0,0.0,0.0,0.0
20180613,5,7회지방선거_광역의원지역구,경상남도,진주시,진주시제3선거구,62199,40926,39714,1212,18548.0,21166.0,0.0,0.0,0.0,0.0,0.0,0.0,0.0,0.0,0.0,0.0
20180613,5,7회지방선거_광역의원지역구,경상남도,진주시,진주시제4선거구,68638,46550,45278,1272,17471.0,18673.0,0.0,9134.0,0.0,0.0,0.0,0.0,0.0,0.0,0.0,0.0
20180613,5,7회지방선거_광역의원지역구,경상남도,통영시,통영시제1선거구,65819,43692,42565,1127,16166.0,22191.0,0.0,4208.0,0.0,0.0,0.0,0.0,0.0,0.0,0.0,0.0
20180613,5,7회지방선거_광역의원지역구,경상남도,통영시,통영시제2선거구,44498,29119,28402,717,9153.0,12244.0,0.0,7005.0,0.0,0.0,0.0,0.0,0.0,0.0,0.0,0.0
20180613,5,7회지방선거_광역의원지역구,경상남도,사천시,사천시제1선거구,53492,36846,35565,1281,12769.0,16639.0,0.0,6157.0,0.0,0.0,0.0,0.0,0.0,0.0,0.0,0.0
20180613,5,7회지방선거_광역의원지역구,경상남도,사천시,사천시제2선거구,40957,28633,27629,1004,5979.0,9961.0,0.0,8062.0,0.0,0.0,0.0,0.0,0.0,0.0,3627.0,0.0
20180613,5,7회지방선거_광역의원지역구,경상남도,김해시,김해시제1선거구,70949,43356,42495,861,26336.0,16159.0,0.0,0.0,0.0,0.0,0.0,0.0,0.0,0.0,0.0,0.0
20180613,5,7회지방선거_광역의원지역구,경상남도,김해시,김해시제2선거구,45253,25765,25225,540,14351.0,10874.0,0.0,0.0,0.0,0.0,0.0,0.0,0.0,0.0,0.0,0.0
20180613,5,7회지방선거_광역의원지역구,경상남도,김해시,김해시제3선거구,64017,35539,34762,777,20238.0,14524.0,0.0,0.0,0.0,0.0,0.0,0.0,0.0,0.0,0.0,0.0
20180613,5,7회지방선거_광역의원지역구,경상남도,김해시,김해시제4선거구,48793,29178,28570,608,17234.0,7592.0,0.0,3744.0,0.0,0.0,0.0,0.0,0.0,0.0,0.0,0.0
20180613,5,7회지방선거_광역의원지역구,경상남도,김해시,김해시제5선거구,60498,37458,36670,788,24581.0,12089.0,0.0,0.0,0.0,0.0,0.0,0.0,0.0,0.0,0.0,0.0
20180613,5,7회지방선거_광역의원지역구,경상남도,김해시,김해시제6선거구,65909,42966,42127,839,30268.0,11859.0,0.0,0.0,0.0,0.0,0.0,0.0,0.0,0.0,0.0,0.0
20180613,5,7회지방선거_광역의원지역구,경상남도,김해시,김해시제7선거구,64877,37709,36795,914,24858.0,11937.0,0.0,0.0,0.0,0.0,0.0,0.0,0.0,0.0,0.0,0.0
20180613,5,7회지방선거_광역의원지역구,경상남도,밀양시,밀양시제1선거구,55003,36624,35790,834,16331.0,17163.0,0.0,2296.0,0.0,0.0,0.0,0.0,0.0,0.0,0.0,0.0
20180613,5,7회지방선거_광역의원지역구,경상남도,밀양시,밀양시제2선거구,38078,25487,24467,1020,9840.0,14627.0,0.0,0.0,0.0,0.0,0.0,0.0,0.0,0.0,0.0,0.0
20180613,5,7회지방선거_광역의원지역구,경상남도,거제시,거제시제1선거구,69122,43235,42184,1051,25487.0,12488.0,0.0,0.0,0.0,4209.0,0.0,0.0,0.0,0.0,0.0,0.0
20180613,5,7회지방선거_광역의원지역구,경상남도,거제시,거제시제2선거구,59459,37639,36606,1033,16809.0,11203.0,0.0,8594.0,0.0,0.0,0.0,0.0,0.0,0.0,0.0,0.0
20180613,5,7회지방선거_광역의원지역구,경상남도,거제시,거제시제3선거구,65904,41693,40526,1167,19535.0,13874.0,0.0,0.0,0.0,7117.0,0.0,0.0,0.0,0.0,0.0,0.0
20180613,5,7회지방선거_광역의원지역구,경상남도,양산시,양산시제1선거구,57238,34484,33404,1080,16571.0,16833.0,0.0,0.0,0.0,0.0,0.0,0.0,0.0,0.0,0.0,0.0
20180613,5,7회지방선거_광역의원지역구,경상남도,양산시,양산시제2선거구,87096,53981,52754,1227,34684.0,18070.0,0.0,0.0,0.0,0.0,0.0,0.0,0.0,0.0,0.0,0.0
20180613,5,7회지방선거_광역의원지역구,경상남도,양산시,양산시제3선거구,53918,34219,33496,723,21069.0,12427.0,0.0,0.0,0.0,0.0,0.0,0.0,0.0,0.0,0.0,0.0
20180613,5,7회지방선거_광역의원지역구,경상남도,양산시,양산시제4선거구,77255,44815,43595,1220,20745.0,13787.0,0.0,9063.0,0.0,0.0,0.0,0.0,0.0,0.0,0.0,0.0
20180613,5,7회지방선거_광역의원지역구,경상남도,의령군,의령군선거구,24972,19911,18823,1088,5530.0,8804.0,0.0,4489.0,0.0,0.0,0.0,0.0,0.0,0.0,0.0,0.0
20180613,5,7회지방선거_광역의원지역구,경상남도,함안군,함안군제1선거구,27834,19705,18912,793,9824.0,9088.0,0.0,0.0,0.0,0.0,0.0,0.0,0.0,0.0,0.0,0.0
20180613,5,7회지방선거_광역의원지역구,경상남도,함안군,함안군제2선거구,28946,20741,20186,555,7801.0,6762.0,0.0,1705.0,0.0,0.0,0.0,0.0,0.0,0.0,0.0,0.0
20180613,5,7회지방선거_광역의원지역구,경상남도,창녕군,창녕군제1선거구,28203,19870,19147,723,6356.0,10737.0,0.0,2054.0,0.0,0.0,0.0,0.0,0.0,0.0,0.0,0.0
20180613,5,7회지방선거_광역의원지역구,경상남도,창녕군,창녕군제2선거구,27719,19533,18853,680,7675.0,11178.0,0.0,0.0,0.0,0.0,0.0,0.0,0.0,0.0,0.0,0.0
20180613,5,7회지방선거_광역의원지역구,경상남도,고성군,고성군제1선거구,22347,15964,15445,519,5038.0,5006.0,0.0,4615.0,0.0,0.0,0.0,786.0,0.0,0.0,0.0,0.0
20180613,5,7회지방선거_광역의원지역구,경상남도,고성군,고성군제2선거구,24241,18105,16773,1332,0.0,9154.0,0.0,7619.0,0.0,0.0,0.0,0.0,0.0,0.0,0.0,0.0
20180613,5,7회지방선거_광역의원지역구,경상남도,남해군,남해군선거구,39731,30725,29064,1661,16522.0,12542.0,0.0,0.0,0.0,0.0,0.0,0.0,0.0,0.0,0.0,0.0
20180613,5,7회지방선거_광역의원지역구,경상남도,하동군,하동군선거구,42568,33770,32276,1494,7888.0,11350.0,0.0,2575.0,0.0,0.0,0.0,0.0,0.0,0.0,0.0,0.0
20180613,5,7회지방선거_광역의원지역구,경상남도,산청군,산청군선거구,32408,24644,23518,1126,7433.0,11959.0,0.0,4126.0,0.0,0.0,0.0,0.0,0.0,0.0,0.0,0.0
20180613,5,7회지방선거_광역의원지역구,경상남도,함양군,함양군선거구,34972,27234,25844,1390,9113.0,13460.0,0.0,3271.0,0.0,0.0,0.0,0.0,0.0,0.0,0.0,0.0
20180613,5,7회지방선거_광역의원지역구,경상남도,거창군,거창군제1선거구,26509,19013,18441,572,4836.0,6561.0,0.0,7044.0,0.0,0.0,0.0,0.0,0.0,0.0,0.0,0.0
20180613,5,7회지방선거_광역의원지역구,경상남도,거창군,거창군제2선거구,26552,20539,19079,1460,6677.0,12402.0,0.0,0.0,0.0,0.0,0.0,0.0,0.0,0.0,0.0,0.0
20180613,5,7회지방선거_광역의원지역구,경상남도,합천군,합천군선거구,42165,32499,30814,1685,6626.0,10858.0,0.0,13330.0,0.0,0.0,0.0,0.0,0.0,0.0,0.0,0.0
20180613,5,7회지방선거_광역의원지역구,제주특별자치도,제주시,제주특별자치도 제주시 일도1동·이도1동·건입동선거구,17447,10762,10504,258,5581.0,2003.0,932.0,268.0,0.0,0.0,0.0,0.0,0.0,0.0,0.0,0.0
20180613,5,7회지방선거_광역의원지역구,제주특별자치도,제주시,제주특별자치도 제주시 일도2동갑선거구,14011,9125,8983,142,4881.0,1485.0,0.0,2617.0,0.0,0.0,0.0,0.0,0.0,0.0,0.0,0.0
20180613,5,7회지방선거_광역의원지역구,제주특별자치도,제주시,제주특별자치도 제주시 일도2동을선거구,13701,9740,9480,260,6153.0,0.0,0.0,0.0,0.0,0.0,0.0,0.0,0.0,0.0,3327.0,0.0
20180613,5,7회지방선거_광역의원지역구,제주특별자치도,제주시,제주특별자치도 제주시 이도2동갑선거구,20972,13915,13654,261,5559.0,0.0,0.0,3195.0,0.0,0.0,0.0,0.0,0.0,0.0,0.0,0.0
20180613,5,7회지방선거_광역의원지역구,제주특별자치도,제주시,제주특별자치도 제주시 이도2동을선거구,17708,11961,11737,224,7173.0,0.0,0.0,4564.0,0.0,0.0,0.0,0.0,0.0,0.0,0.0,0.0
20180613,5,7회지방선거_광역의원지역구,제주특별자치도,제주시,제주특별자치도 제주시 삼도1동·삼도2동선거구,18915,11717,11531,186,6645.0,4886.0,0.0,0.0,0.0,0.0,0.0,0.0,0.0,0.0,0.0,0.0
20180613,5,7회지방선거_광역의원지역구,제주특별자치도,제주시,제주특별자치도 제주시 용담1동·용담2동선거구,19442,12281,12074,207,5992.0,6082.0,0.0,0.0,0.0,0.0,0.0,0.0,0.0,0.0,0.0,0.0
20180613,5,7회지방선거_광역의원지역구,제주특별자치도,제주시,제주특별자치도 제주시 화북동선거구,19316,12950,12738,212,6563.0,1903.0,0.0,4272.0,0.0,0.0,0.0,0.0,0.0,0.0,0.0,0.0
20180613,5,7회지방선거_광역의원지역구,제주특별자치도,제주시,제주특별자치도 제주시 삼양동·봉개동선거구,21119,14216,13962,254,6756.0,0.0,0.0,7206.0,0.0,0.0,0.0,0.0,0.0,0.0,0.0,0.0
20180613,5,7회지방선거_광역의원지역구,제주특별자치도,제주시,제주특별자치도 제주시 아라동선거구,24160,16292,16014,278,9109.0,2115.0,4790.0,0.0,0.0,0.0,0.0,0.0,0.0,0.0,0.0,0.0
20180613,5,7회지방선거_광역의원지역구,제주특별자치도,제주시,제주특별자치도 제주시 오라동선거구,10482,7309,7232,77,4283.0,2949.0,0.0,0.0,0.0,0.0,0.0,0.0,0.0,0.0,0.0,0.0
20180613,5,7회지방선거_광역의원지역구,제주특별자치도,제주시,제주특별자치도 제주시 연동갑선거구,17205,9835,9636,199,6855.0,2781.0,0.0,0.0,0.0,0.0,0.0,0.0,0.0,0.0,0.0,0.0
20180613,5,7회지방선거_광역의원지역구,제주특별자치도,제주시,제주특별자치도 제주시 연동을선거구,16754,10412,10215,197,6485.0,3730.0,0.0,0.0,0.0,0.0,0.0,0.0,0.0,0.0,0.0,0.0
20180613,5,7회지방선거_광역의원지역구,제주특별자치도,제주시,제주특별자치도 제주시 외도동·이호동·도두동선거구,21383,14046,13803,243,7199.0,5726.0,0.0,0.0,0.0,878.0,0.0,0.0,0.0,0.0,0.0,0.0
20180613,5,7회지방선거_광역의원지역구,제주특별자치도,제주시,제주특별자치도 제주시 한림읍선거구,17815,11174,10876,298,6774.0,0.0,0.0,4102.0,0.0,0.0,0.0,0.0,0.0,0.0,0.0,0.0
20180613,5,7회지방선거_광역의원지역구,제주특별자치도,제주시,제주특별자치도 제주시 애월읍선거구,28260,18299,17906,393,10375.0,7531.0,0.0,0.0,0.0,0.0,0.0,0.0,0.0,0.0,0.0,0.0
20180613,5,7회지방선거_광역의원지역구,제주특별자치도,제주시,제주특별자치도 제주시 구좌읍·우도면선거구,15198,10143,9916,227,7950.0,1966.0,0.0,0.0,0.0,0.0,0.0,0.0,0.0,0.0,0.0,0.0
20180613,5,7회지방선거_광역의원지역구,제주특별자치도,제주시,제주특별자치도 제주시 조천읍선거구,19730,13793,13507,286,8021.0,0.0,0.0,5486.0,0.0,0.0,0.0,0.0,0.0,0.0,0.0,0.0
20180613,5,7회지방선거_광역의원지역구,제주특별자치도,서귀포시,제주특별자치도 서귀포시 송산동·효돈동·영천동선거구,12771,8886,8732,154,3170.0,0.0,3326.0,2236.0,0.0,0.0,0.0,0.0,0.0,0.0,0.0,0.0
20180613,5,7회지방선거_광역의원지역구,제주특별자치도,서귀포시,제주특별자치도 서귀포시 정방동·중앙동·천지동선거구,8705,5237,5156,81,2819.0,2337.0,0.0,0.0,0.0,0.0,0.0,0.0,0.0,0.0,0.0,0.0
20180613,5,7회지방선거_광역의원지역구,제주특별자치도,서귀포시,제주특별자치도 서귀포시 동홍동선거구,17380,11351,11171,180,5341.0,1119.0,540.0,4171.0,0.0,0.0,0.0,0.0,0.0,0.0,0.0,0.0
20180613,5,7회지방선거_광역의원지역구,제주특별자치도,서귀포시,제주특별자치도 서귀포시 서홍동·대륜동선거구,19196,12749,12556,193,4822.0,0.0,0.0,7734.0,0.0,0.0,0.0,0.0,0.0,0.0,0.0,0.0
20180613,5,7회지방선거_광역의원지역구,제주특별자치도,서귀포시,제주특별자치도 서귀포시 대천동·중문동·예래동선거구,22979,15515,15210,305,7973.0,0.0,0.0,7237.0,0.0,0.0,0.0,0.0,0.0,0.0,0.0,0.0
20180613,5,7회지방선거_광역의원지역구,제주특별자치도,서귀포시,제주특별자치도 서귀포시 대정읍선거구,17137,11300,11109,191,4903.0,0.0,0.0,6206.0,0.0,0.0,0.0,0.0,0.0,0.0,0.0,0.0
20180613,5,7회지방선거_광역의원지역구,제주특별자치도,서귀포시,제주특별자치도 서귀포시 남원읍선거구,16399,12417,12234,183,5667.0,2483.0,0.0,4084.0,0.0,0.0,0.0,0.0,0.0,0.0,0.0,0.0
20180613,5,7회지방선거_광역의원지역구,제주특별자치도,서귀포시,제주특별자치도 서귀포시 성산읍선거구,13463,9436,9285,151,5798.0,0.0,0.0,3487.0,0.0,0.0,0.0,0.0,0.0,0.0,0.0,0.0
20180613,5,7회지방선거_광역의원지역구,제주특별자치도,서귀포시,제주특별자치도 서귀포시 안덕면선거구,10026,6972,6839,133,3163.0,0.0,0.0,1202.0,0.0,0.0,0.0,0.0,0.0,0.0,2005.0,0.0
20180613,5,7회지방선거_광역의원지역구,제주특별자치도,서귀포시,제주특별자치도 서귀포시 표선면선거구,10542,6900,6742,158,1805.0,0.0,0.0,4937.0,0.0,0.0,0.0,0.0,0.0,0.0,0.0,0.0
