sg_id,sg_typecode,election_name,sido,sigungu,sgg_name,total_voters,total_voted,valid_votes,invalid_votes,party_더불어민주당,party_미래통합당,party_우리공화당,party_민중당,party_가자!평화인권당,party_공화당,party_국가혁명배당금당,party_국민새정당,party_민중민주당,party_한나라당,party_무소속,party_정의당,party_민생당,party_미래당,party_한국복지당,party_기본소득당,party_통일민주당,party_친박신당,party_새누리당,party_기독자유통일당,party_노동당,party_충청의미래당
20200415,2,21대국회의원선거_지역구,서울특별시,종로구,종로구,134516,95239,94038,1201,54902,37594.0,417.0,276.0,139.0,57.0,194.0,65.0,63.0,71.0,260.0,0.0,0.0,0.0,0.0,0.0,0.0,0.0,0.0,0.0,0.0,0.0
20200415,2,21대국회의원선거_지역구,서울특별시,성동구,중구성동구갑,192161,131200,129745,1455,70387,53107.0,0.0,0.0,0.0,0.0,786.0,0.0,0.0,0.0,0.0,5465.0,0.0,0.0,0.0,0.0,0.0,0.0,0.0,0.0,0.0,0.0
20200415,2,21대국회의원선거_지역구,서울특별시,중구,중구성동구을,183779,124700,123308,1392,64071,58300.0,0.0,0.0,0.0,0.0,937.0,0.0,0.0,0.0,0.0,0.0,0.0,0.0,0.0,0.0,0.0,0.0,0.0,0.0,0.0,0.0
20200415,2,21대국회의원선거_지역구,서울특별시,용산구,용산구,203233,135043,133643,1400,63001,63891.0,0.0,648.0,0.0,0.0,541.0,0.0,0.0,0.0,0.0,4251.0,1311.0,0.0,0.0,0.0,0.0,0.0,0.0,0.0,0.0,0.0
20200415,2,21대국회의원선거_지역구,서울특별시,광진구,광진구갑,156559,106506,105454,1052,56608,42822.0,0.0,0.0,0.0,0.0,492.0,0.0,0.0,0.0,0.0,3690.0,1842.0,0.0,0.0,0.0,0.0,0.0,0.0,0.0,0.0,0.0
20200415,2,21대국회의원선거_지역구,서울특별시,광진구,광진구을,152526,108576,107618,958,54210,51464.0,0.0,0.0,0.0,0.0,370.0,0.0,0.0,0.0,0.0,0.0,0.0,1574.0,0.0,0.0,0.0,0.0,0.0,0.0,0.0,0.0
20200415,2,21대국회의원선거_지역구,서울특별시,동대문구,동대문구갑,148982,99027,97770,1257,51551,40874.0,0.0,1264.0,0.0,0.0,393.0,0.0,0.0,0.0,2009.0,0.0,1679.0,0.0,0.0,0.0,0.0,0.0,0.0,0.0,0.0,0.0
20200415,2,21대국회의원선거_지역구,서울특별시,동대문구,동대문구을,156971,104468,101252,3216,55230,44360.0,0.0,1198.0,0.0,0.0,464.0,0.0,0.0,0.0,0.0,0.0,0.0,0.0,0.0,0.0,0.0,0.0,0.0,0.0,0.0,0.0
20200415,2,21대국회의원선거_지역구,서울특별시,중랑구,중랑구갑,158409,96685,95540,1145,55185,34670.0,0.0,624.0,0.0,0.0,492.0,0.0,0.0,0.0,1109.0,2706.0,754.0,0.0,0.0,0.0,0.0,0.0,0.0,0.0,0.0,0.0
20200415,2,21대국회의원선거_지역구,서울특별시,중랑구,중랑구을,192460,126399,125037,1362,74131,47603.0,0.0,1956.0,0.0,0.0,722.0,0.0,0.0,0.0,0.0,0.0,0.0,0.0,625.0,0.0,0.0,0.0,0.0,0.0,0.0,0.0
20200415,2,21대국회의원선거_지역구,서울특별시,성북구,성북구갑,202294,138186,136203,1983,82954,49727.0,0.0,0.0,0.0,0.0,880.0,0.0,0.0,0.0,0.0,0.0,2642.0,0.0,0.0,0.0,0.0,0.0,0.0,0.0,0.0,0.0
20200415,2,21대국회의원선거_지역구,서울특별시,성북구,성북구을,180743,120606,119172,1434,70740,45543.0,0.0,2060.0,0.0,0.0,829.0,0.0,0.0,0.0,0.0,0.0,0.0,0.0,0.0,0.0,0.0,0.0,0.0,0.0,0.0,0.0
20200415,2,21대국회의원선거_지역구,서울특별시,강북구,강북구갑,141126,87195,85690,1505,49490,33840.0,0.0,1457.0,0.0,0.0,0.0,0.0,0.0,0.0,903.0,0.0,0.0,0.0,0.0,0.0,0.0,0.0,0.0,0.0,0.0,0.0
20200415,2,21대국회의원선거_지역구,서울특별시,강북구,강북구을,137495,89639,88458,1181,57013,30708.0,0.0,0.0,0.0,0.0,737.0,0.0,0.0,0.0,0.0,0.0,0.0,0.0,0.0,0.0,0.0,0.0,0.0,0.0,0.0,0.0
20200415,2,21대국회의원선거_지역구,서울특별시,도봉구,도봉구갑,142625,94701,93751,950,50653,37967.0,0.0,0.0,0.0,0.0,554.0,0.0,0.0,0.0,0.0,4577.0,0.0,0.0,0.0,0.0,0.0,0.0,0.0,0.0,0.0,0.0
20200415,2,21대국회의원선거_지역구,서울특별시,도봉구,도봉구을,148641,98926,97634,1292,51756,44554.0,0.0,0.0,0.0,0.0,641.0,0.0,0.0,0.0,683.0,0.0,0.0,0.0,0.0,0.0,0.0,0.0,0.0,0.0,0.0,0.0
20200415,2,21대국회의원선거_지역구,서울특별시,노원구,노원구갑,138917,96033,94941,1092,53911,36782.0,0.0,3761.0,0.0,0.0,487.0,0.0,0.0,0.0,0.0,0.0,0.0,0.0,0.0,0.0,0.0,0.0,0.0,0.0,0.0,0.0
20200415,2,21대국회의원선거_지역구,서울특별시,노원구,노원구을,163736,115788,114406,1382,71708,41792.0,0.0,0.0,0.0,0.0,906.0,0.0,0.0,0.0,0.0,0.0,0.0,0.0,0.0,0.0,0.0,0.0,0.0,0.0,0.0,0.0
20200415,2,21대국회의원선거_지역구,서울특별시,노원구,노원구병,151435,105415,104525,890,55556,46373.0,0.0,551.0,0.0,0.0,400.0,0.0,0.0,0.0,0.0,1645.0,0.0,0.0,0.0,0.0,0.0,0.0,0.0,0.0,0.0,0.0
20200415,2,21대국회의원선거_지역구,서울특별시,은평구,은평구갑,206917,135749,134310,1439,86351,45589.0,0.0,0.0,0.0,0.0,819.0,0.0,0.0,0.0,0.0,0.0,1551.0,0.0,0.0,0.0,0.0,0.0,0.0,0.0,0.0,0.0
20200415,2,21대국회의원선거_지역구,서울특별시,은평구,은평구을,210129,139045,137420,1625,78897,49796.0,0.0,0.0,0.0,0.0,0.0,0.0,0.0,0.0,0.0,6127.0,0.0,0.0,0.0,2600.0,0.0,0.0,0.0,0.0,0.0,0.0
20200415,2,21대국회의원선거_지역구,서울특별시,서대문구,서대문구갑,131930,91096,90105,991,47980,37522.0,330.0,1026.0,0.0,0.0,331.0,0.0,0.0,0.0,2916.0,0.0,0.0,0.0,0.0,0.0,0.0,0.0,0.0,0.0,0.0,0.0
20200415,2,21대국회의원선거_지역구,서울특별시,서대문구,서대문구을,141386,96528,95103,1425,58328,35853.0,0.0,0.0,0.0,0.0,922.0,0.0,0.0,0.0,0.0,0.0,0.0,0.0,0.0,0.0,0.0,0.0,0.0,0.0,0.0,0.0
20200415,2,21대국회의원선거_지역구,서울특별시,마포구,마포구갑,136147,96058,94929,1129,53160,40775.0,0.0,0.0,0.0,0.0,482.0,0.0,0.0,0.0,0.0,0.0,0.0,0.0,0.0,0.0,512.0,0.0,0.0,0.0,0.0,0.0
20200415,2,21대국회의원선거_지역구,서울특별시,마포구,마포구을,189669,130575,128984,1591,69336,47443.0,0.0,0.0,0.0,0.0,760.0,0.0,0.0,0.0,0.0,11445.0,0.0,0.0,0.0,0.0,0.0,0.0,0.0,0.0,0.0,0.0
20200415,2,21대국회의원선거_지역구,서울특별시,양천구,양천구갑,206747,152176,150810,1366,78196,67814.0,0.0,0.0,0.0,0.0,556.0,0.0,0.0,0.0,4244.0,0.0,0.0,0.0,0.0,0.0,0.0,0.0,0.0,0.0,0.0,0.0
20200415,2,21대국회의원선거_지역구,서울특별시,양천구,양천구을,176413,117575,116022,1553,66759,47897.0,577.0,0.0,0.0,0.0,789.0,0.0,0.0,0.0,0.0,0.0,0.0,0.0,0.0,0.0,0.0,0.0,0.0,0.0,0.0,0.0
20200415,2,21대국회의원선거_지역구,서울특별시,강서구,강서구갑,173756,114516,113415,1101,63397,43519.0,0.0,0.0,0.0,0.0,480.0,0.0,0.0,0.0,5490.0,0.0,0.0,0.0,0.0,0.0,0.0,0.0,0.0,0.0,0.0,0.0
20200415,2,21대국회의원선거_지역구,서울특별시,강서구,강서구을,176017,120281,118757,1524,66684,50281.0,1087.0,0.0,0.0,0.0,705.0,0.0,0.0,0.0,0.0,0.0,0.0,0.0,0.0,0.0,0.0,0.0,0.0,0.0,0.0,0.0
20200415,2,21대국회의원선거_지역구,서울특별시,강서구,강서구병,161351,108962,107663,1299,64515,39355.0,0.0,1575.0,0.0,0.0,559.0,0.0,0.0,0.0,1659.0,0.0,0.0,0.0,0.0,0.0,0.0,0.0,0.0,0.0,0.0,0.0
20200415,2,21대국회의원선거_지역구,서울특별시,구로구,구로구갑,205756,142081,140677,1404,75865,55347.0,576.0,1539.0,0.0,0.0,628.0,0.0,0.0,0.0,0.0,6722.0,0.0,0.0,0.0,0.0,0.0,0.0,0.0,0.0,0.0,0.0
20200415,2,21대국회의원선거_지역구,서울특별시,구로구,구로구을,146644,99398,98279,1119,56065,37018.0,0.0,0.0,0.0,0.0,638.0,0.0,0.0,0.0,4558.0,0.0,0.0,0.0,0.0,0.0,0.0,0.0,0.0,0.0,0.0,0.0
20200415,2,21대국회의원선거_지역구,서울특별시,금천구,금천구,207730,132177,130435,1742,64735,46278.0,0.0,0.0,0.0,0.0,1057.0,0.0,0.0,0.0,18365.0,0.0,0.0,0.0,0.0,0.0,0.0,0.0,0.0,0.0,0.0,0.0
20200415,2,21대국회의원선거_지역구,서울특별시,영등포구,영등포구갑,187997,130099,128764,1335,72445,49292.0,0.0,0.0,0.0,0.0,760.0,0.0,0.0,0.0,0.0,6267.0,0.0,0.0,0.0,0.0,0.0,0.0,0.0,0.0,0.0,0.0
20200415,2,21대국회의원선거_지역구,서울특별시,영등포구,영등포구을,139384,94810,93657,1153,47075,41537.0,0.0,0.0,0.0,0.0,456.0,0.0,0.0,0.0,3311.0,0.0,1278.0,0.0,0.0,0.0,0.0,0.0,0.0,0.0,0.0,0.0
20200415,2,21대국회의원선거_지역구,서울특별시,동작구,동작구갑,185301,128611,127122,1489,70290,54526.0,0.0,1494.0,0.0,0.0,812.0,0.0,0.0,0.0,0.0,0.0,0.0,0.0,0.0,0.0,0.0,0.0,0.0,0.0,0.0,0.0
20200415,2,21대국회의원선거_지역구,서울특별시,동작구,동작구을,162038,119000,117726,1274,61407,53026.0,0.0,614.0,0.0,0.0,345.0,0.0,0.0,0.0,0.0,2334.0,0.0,0.0,0.0,0.0,0.0,0.0,0.0,0.0,0.0,0.0
20200415,2,21대국회의원선거_지역구,서울특별시,관악구,관악구갑,243127,161860,149259,12601,83479,0.0,3477.0,2223.0,0.0,0.0,947.0,0.0,0.0,0.0,50078.0,6306.0,2749.0,0.0,0.0,0.0,0.0,0.0,0.0,0.0,0.0,0.0
20200415,2,21대국회의원선거_지역구,서울특별시,관악구,관악구을,209866,136344,134563,1781,72531,56130.0,589.0,1483.0,0.0,0.0,621.0,0.0,0.0,0.0,1066.0,0.0,2143.0,0.0,0.0,0.0,0.0,0.0,0.0,0.0,0.0,0.0
20200415,2,21대국회의원선거_지역구,서울특별시,서초구,서초구갑,162807,117502,116442,1060,42971,72896.0,0.0,0.0,0.0,0.0,575.0,0.0,0.0,0.0,0.0,0.0,0.0,0.0,0.0,0.0,0.0,0.0,0.0,0.0,0.0,0.0
20200415,2,21대국회의원선거_지역구,서울특별시,서초구,서초구을,196164,140056,138725,1331,62442,74445.0,0.0,0.0,0.0,0.0,733.0,0.0,0.0,0.0,0.0,0.0,1105.0,0.0,0.0,0.0,0.0,0.0,0.0,0.0,0.0,0.0
20200415,2,21대국회의원선거_지역구,서울특별시,강남구,강남구갑,167537,104485,103279,1206,40935,60324.0,0.0,0.0,0.0,0.0,642.0,0.0,0.0,0.0,0.0,0.0,1378.0,0.0,0.0,0.0,0.0,0.0,0.0,0.0,0.0,0.0
20200415,2,21대국회의원선거_지역구,서울특별시,강남구,강남구을,140330,102469,101601,868,47157,51762.0,0.0,0.0,0.0,0.0,422.0,0.0,0.0,0.0,919.0,0.0,1341.0,0.0,0.0,0.0,0.0,0.0,0.0,0.0,0.0,0.0
20200415,2,21대국회의원선거_지역구,서울특별시,강남구,강남구병,151713,109436,108468,968,36423,70917.0,246.0,0.0,0.0,0.0,343.0,0.0,0.0,0.0,0.0,0.0,0.0,0.0,0.0,0.0,0.0,270.0,269.0,0.0,0.0,0.0
20200415,2,21대국회의원선거_지역구,서울특별시,송파구,송파구갑,159514,114985,113897,1088,54704,58318.0,0.0,0.0,0.0,0.0,875.0,0.0,0.0,0.0,0.0,0.0,0.0,0.0,0.0,0.0,0.0,0.0,0.0,0.0,0.0,0.0
20200415,2,21대국회의원선거_지역구,서울특별시,송파구,송파구을,199967,143935,142829,1106,65763,72072.0,302.0,0.0,0.0,0.0,362.0,0.0,0.0,0.0,0.0,4330.0,0.0,0.0,0.0,0.0,0.0,0.0,0.0,0.0,0.0,0.0
20200415,2,21대국회의원선거_지역구,서울특별시,송파구,송파구병,215647,151513,150104,1409,78789,64869.0,0.0,0.0,0.0,0.0,721.0,0.0,0.0,0.0,2415.0,0.0,3310.0,0.0,0.0,0.0,0.0,0.0,0.0,0.0,0.0,0.0
20200415,2,21대국회의원선거_지역구,서울특별시,강동구,강동구갑,221217,157793,156033,1760,80361,74441.0,0.0,0.0,0.0,0.0,1231.0,0.0,0.0,0.0,0.0,0.0,0.0,0.0,0.0,0.0,0.0,0.0,0.0,0.0,0.0,0.0
20200415,2,21대국회의원선거_지역구,서울특별시,강동구,강동구을,165610,109651,108493,1158,59175,45617.0,0.0,0.0,0.0,0.0,705.0,0.0,0.0,0.0,0.0,2996.0,0.0,0.0,0.0,0.0,0.0,0.0,0.0,0.0,0.0,0.0
20200415,2,21대국회의원선거_지역구,부산광역시,중구,중구영도구,38748,24717,24282,435,10363,13212.0,0.0,0.0,0.0,0.0,316.0,0.0,0.0,0.0,391.0,0.0,0.0,0.0,0.0,0.0,0.0,0.0,0.0,0.0,0.0,0.0
20200415,2,21대국회의원선거_지역구,부산광역시,영도구,중구영도구,104519,68143,67184,959,30722,34224.0,0.0,0.0,0.0,0.0,614.0,0.0,0.0,0.0,1624.0,0.0,0.0,0.0,0.0,0.0,0.0,0.0,0.0,0.0,0.0,0.0
20200415,2,21대국회의원선거_지역구,부산광역시,서구,서구동구,96522,63012,62018,994,26189,34815.0,597.0,0.0,0.0,0.0,417.0,0.0,0.0,0.0,0.0,0.0,0.0,0.0,0.0,0.0,0.0,0.0,0.0,0.0,0.0,0.0
20200415,2,21대국회의원선거_지역구,부산광역시,동구,서구동구,80987,52770,51927,843,21905,29040.0,565.0,0.0,0.0,0.0,417.0,0.0,0.0,0.0,0.0,0.0,0.0,0.0,0.0,0.0,0.0,0.0,0.0,0.0,0.0,0.0
20200415,2,21대국회의원선거_지역구,부산광역시,부산진구,부산진구갑,156839,108421,107250,1171,48287,52037.0,0.0,0.0,0.0,0.0,579.0,0.0,0.0,0.0,5916.0,0.0,431.0,0.0,0.0,0.0,0.0,0.0,0.0,0.0,0.0,0.0
20200415,2,21대국회의원선거_지역구,부산광역시,부산진구,부산진구을,158660,102833,101307,1526,44277,55754.0,0.0,0.0,0.0,0.0,1276.0,0.0,0.0,0.0,0.0,0.0,0.0,0.0,0.0,0.0,0.0,0.0,0.0,0.0,0.0,0.0
20200415,2,21대국회의원선거_지역구,부산광역시,동래구,동래구,232595,159393,157584,1809,67430,81722.0,0.0,0.0,0.0,0.0,1081.0,0.0,0.0,0.0,3823.0,3528.0,0.0,0.0,0.0,0.0,0.0,0.0,0.0,0.0,0.0,0.0
20200415,2,21대국회의원선거_지역구,부산광역시,남구,남구갑,120446,82729,81764,965,34778,43805.0,0.0,895.0,0.0,0.0,483.0,0.0,0.0,0.0,0.0,1803.0,0.0,0.0,0.0,0.0,0.0,0.0,0.0,0.0,0.0,0.0
20200415,2,21대국회의원선거_지역구,부산광역시,남구,남구을,114836,82159,81196,963,41005,39575.0,0.0,0.0,0.0,0.0,616.0,0.0,0.0,0.0,0.0,0.0,0.0,0.0,0.0,0.0,0.0,0.0,0.0,0.0,0.0,0.0
20200415,2,21대국회의원선거_지역구,부산광역시,북구,북구강서구갑,141852,97195,96334,861,48733,46795.0,0.0,0.0,0.0,0.0,806.0,0.0,0.0,0.0,0.0,0.0,0.0,0.0,0.0,0.0,0.0,0.0,0.0,0.0,0.0,0.0
20200415,2,21대국회의원선거_지역구,부산광역시,강서구,북구강서구을,212100,147529,146169,1360,63146,76054.0,0.0,0.0,0.0,0.0,721.0,0.0,0.0,0.0,1520.0,2725.0,0.0,0.0,0.0,0.0,0.0,0.0,0.0,0.0,0.0,0.0
20200415,2,21대국회의원선거_지역구,부산광역시,해운대구,해운대구갑,191197,133831,132775,1056,49633,78971.0,1513.0,0.0,0.0,0.0,544.0,0.0,0.0,0.0,2114.0,0.0,0.0,0.0,0.0,0.0,0.0,0.0,0.0,0.0,0.0,0.0
20200415,2,21대국회의원선거_지역구,부산광역시,해운대구,해운대구을,154630,103215,101945,1270,46799,53900.0,0.0,0.0,0.0,0.0,1246.0,0.0,0.0,0.0,0.0,0.0,0.0,0.0,0.0,0.0,0.0,0.0,0.0,0.0,0.0,0.0
20200415,2,21대국회의원선거_지역구,부산광역시,사하구,사하구갑,120263,80974,79735,1239,39875,39178.0,0.0,0.0,0.0,0.0,682.0,0.0,0.0,0.0,0.0,0.0,0.0,0.0,0.0,0.0,0.0,0.0,0.0,0.0,0.0,0.0
20200415,2,21대국회의원선거_지역구,부산광역시,사하구,사하구을,157166,101631,100419,1212,38944,59042.0,526.0,1163.0,0.0,0.0,744.0,0.0,0.0,0.0,0.0,0.0,0.0,0.0,0.0,0.0,0.0,0.0,0.0,0.0,0.0,0.0
20200415,2,21대국회의원선거_지역구,부산광역시,금정구,금정구,210078,144002,142175,1827,57459,77048.0,0.0,0.0,0.0,0.0,1046.0,0.0,0.0,0.0,0.0,3078.0,3544.0,0.0,0.0,0.0,0.0,0.0,0.0,0.0,0.0,0.0
20200415,2,21대국회의원선거_지역구,부산광역시,연제구,연제구,182148,128204,126863,1341,60570,64640.0,0.0,0.0,0.0,0.0,0.0,0.0,0.0,0.0,0.0,0.0,1653.0,0.0,0.0,0.0,0.0,0.0,0.0,0.0,0.0,0.0
20200415,2,21대국회의원선거_지역구,부산광역시,수영구,수영구,157108,104896,103619,1277,42489,57959.0,0.0,0.0,0.0,0.0,1079.0,0.0,0.0,0.0,0.0,0.0,2092.0,0.0,0.0,0.0,0.0,0.0,0.0,0.0,0.0,0.0
20200415,2,21대국회의원선거_지역구,부산광역시,사상구,사상구,191651,129101,127514,1587,59346,66353.0,809.0,0.0,0.0,0.0,1006.0,0.0,0.0,0.0,0.0,0.0,0.0,0.0,0.0,0.0,0.0,0.0,0.0,0.0,0.0,0.0
20200415,2,21대국회의원선거_지역구,부산광역시,기장군,기장군,134292,86811,85896,915,38154,42634.0,0.0,0.0,0.0,0.0,805.0,0.0,0.0,0.0,4303.0,0.0,0.0,0.0,0.0,0.0,0.0,0.0,0.0,0.0,0.0,0.0
20200415,2,21대국회의원선거_지역구,대구광역시,중구,중구남구,67769,45170,44547,623,14555,29420.0,0.0,0.0,0.0,0.0,572.0,0.0,0.0,0.0,0.0,0.0,0.0,0.0,0.0,0.0,0.0,0.0,0.0,0.0,0.0,0.0
20200415,2,21대국회의원선거_지역구,대구광역시,남구,중구남구,133305,84766,83575,1191,25177,57050.0,0.0,0.0,0.0,0.0,1348.0,0.0,0.0,0.0,0.0,0.0,0.0,0.0,0.0,0.0,0.0,0.0,0.0,0.0,0.0,0.0
20200415,2,21대국회의원선거_지역구,대구광역시,동구,동구갑,124323,82213,81103,1110,21594,56444.0,0.0,0.0,0.0,0.0,903.0,0.0,0.0,0.0,0.0,2162.0,0.0,0.0,0.0,0.0,0.0,0.0,0.0,0.0,0.0,0.0
20200415,2,21대국회의원선거_지역구,대구광역시,동구,동구을,172158,112039,110154,1885,33644,66461.0,0.0,1090.0,0.0,0.0,765.0,0.0,0.0,0.0,4965.0,0.0,613.0,0.0,0.0,0.0,0.0,0.0,0.0,0.0,0.0,0.0
20200415,2,21대국회의원선거_지역구,대구광역시,서구,서구,157355,100090,98717,1373,17580,66574.0,0.0,0.0,0.0,0.0,833.0,0.0,0.0,0.0,9417.0,4313.0,0.0,0.0,0.0,0.0,0.0,0.0,0.0,0.0,0.0,0.0
20200415,2,21대국회의원선거_지역구,대구광역시,북구,북구갑,160316,107834,106214,1620,27395,52916.0,822.0,0.0,0.0,0.0,703.0,0.0,0.0,0.0,21160.0,3218.0,0.0,0.0,0.0,0.0,0.0,0.0,0.0,0.0,0.0,0.0
20200415,2,21대국회의원선거_지역구,대구광역시,북구,북구을,207826,139043,136788,2255,45891,84378.0,0.0,0.0,0.0,0.0,1110.0,0.0,0.0,0.0,0.0,5409.0,0.0,0.0,0.0,0.0,0.0,0.0,0.0,0.0,0.0,0.0
20200415,2,21대국회의원선거_지역구,대구광역시,수성구,수성구갑,207130,155155,153850,1305,60462,92018.0,0.0,0.0,0.0,0.0,695.0,0.0,0.0,0.0,0.0,0.0,0.0,0.0,0.0,0.0,0.0,675.0,0.0,0.0,0.0,0.0
20200415,2,21대국회의원선거_지역구,대구광역시,수성구,수성구을,149960,105066,103895,1171,26111,37165.0,0.0,0.0,0.0,0.0,604.0,0.0,0.0,0.0,40015.0,0.0,0.0,0.0,0.0,0.0,0.0,0.0,0.0,0.0,0.0,0.0
20200415,2,21대국회의원선거_지역구,대구광역시,달서구,달서구갑,145177,96442,94943,1499,25523,54700.0,1296.0,0.0,0.0,0.0,681.0,0.0,0.0,0.0,11855.0,0.0,888.0,0.0,0.0,0.0,0.0,0.0,0.0,0.0,0.0,0.0
20200415,2,21대국회의원선거_지역구,대구광역시,달서구,달서구을,203446,140408,138848,1560,38969,90762.0,1180.0,0.0,0.0,0.0,687.0,0.0,0.0,0.0,2638.0,4612.0,0.0,0.0,0.0,0.0,0.0,0.0,0.0,0.0,0.0,0.0
20200415,2,21대국회의원선거_지역구,대구광역시,달서구,달서구병,133291,85612,84216,1396,23257,46988.0,12707.0,0.0,0.0,0.0,771.0,0.0,0.0,0.0,0.0,0.0,0.0,0.0,0.0,0.0,0.0,0.0,0.0,493.0,0.0,0.0
20200415,2,21대국회의원선거_지역구,대구광역시,달성군,달성군,208115,133611,131938,1673,35649,88846.0,0.0,1992.0,0.0,0.0,1304.0,0.0,0.0,0.0,4147.0,0.0,0.0,0.0,0.0,0.0,0.0,0.0,0.0,0.0,0.0,0.0
20200415,2,21대국회의원선거_지역구,인천광역시,중구,중구강화군옹진군,115214,71230,70434,796,38948,30098.0,776.0,0.0,0.0,0.0,612.0,0.0,0.0,0.0,0.0,0.0,0.0,0.0,0.0,0.0,0.0,0.0,0.0,0.0,0.0,0.0
20200415,2,21대국회의원선거_지역구,인천광역시,강화군,중구강화군옹진군,62017,41162,40510,652,14968,24668.0,517.0,0.0,0.0,0.0,357.0,0.0,0.0,0.0,0.0,0.0,0.0,0.0,0.0,0.0,0.0,0.0,0.0,0.0,0.0,0.0
20200415,2,21대국회의원선거_지역구,인천광역시,옹진군,중구강화군옹진군,18582,13651,13317,334,5289,7718.0,150.0,0.0,0.0,0.0,160.0,0.0,0.0,0.0,0.0,0.0,0.0,0.0,0.0,0.0,0.0,0.0,0.0,0.0,0.0,0.0
20200415,2,21대국회의원선거_지역구,인천광역시,동구,동구미추홀구갑,55752,36365,35902,463,17063,15767.0,0.0,0.0,0.0,0.0,385.0,0.0,0.0,0.0,0.0,2687.0,0.0,0.0,0.0,0.0,0.0,0.0,0.0,0.0,0.0,0.0
20200415,2,21대국회의원선거_지역구,인천광역시,미추홀구,동구미추홀구갑,166276,95532,94242,1290,46417,39116.0,0.0,0.0,0.0,0.0,1108.0,0.0,0.0,0.0,0.0,7601.0,0.0,0.0,0.0,0.0,0.0,0.0,0.0,0.0,0.0,0.0
20200415,2,21대국회의원선거_지역구,인천광역시,미추홀구,동구미추홀구을,187260,115979,114528,1451,46322,17843.0,0.0,0.0,0.0,0.0,647.0,0.0,0.0,0.0,46493.0,3223.0,0.0,0.0,0.0,0.0,0.0,0.0,0.0,0.0,0.0,0.0
20200415,2,21대국회의원선거_지역구,인천광역시,연수구,연수구갑,124956,80926,79957,969,45479,33646.0,0.0,0.0,0.0,0.0,832.0,0.0,0.0,0.0,0.0,0.0,0.0,0.0,0.0,0.0,0.0,0.0,0.0,0.0,0.0,0.0
20200415,2,21대국회의원선거_지역구,인천광역시,연수구,연수구을,176522,127166,126375,791,52806,49913.0,0.0,0.0,0.0,0.0,425.0,0.0,0.0,0.0,0.0,23231.0,0.0,0.0,0.0,0.0,0.0,0.0,0.0,0.0,0.0,0.0
20200415,2,21대국회의원선거_지역구,인천광역시,남동구,남동구갑,219206,135352,133806,1546,72773,59466.0,0.0,0.0,0.0,0.0,1567.0,0.0,0.0,0.0,0.0,0.0,0.0,0.0,0.0,0.0,0.0,0.0,0.0,0.0,0.0,0.0
20200415,2,21대국회의원선거_지역구,인천광역시,남동구,남동구을,228545,145945,144379,1566,78795,54264.0,0.0,0.0,0.0,0.0,998.0,0.0,0.0,0.0,3114.0,7208.0,0.0,0.0,0.0,0.0,0.0,0.0,0.0,0.0,0.0,0.0
20200415,2,21대국회의원선거_지역구,인천광역시,부평구,부평구갑,232384,138577,136646,1931,77460,57148.0,0.0,0.0,0.0,0.0,2038.0,0.0,0.0,0.0,0.0,0.0,0.0,0.0,0.0,0.0,0.0,0.0,0.0,0.0,0.0,0.0
20200415,2,21대국회의원선거_지역구,인천광역시,부평구,부평구을,204936,133838,132308,1530,74264,47789.0,0.0,1244.0,0.0,0.0,1017.0,0.0,0.0,0.0,0.0,7994.0,0.0,0.0,0.0,0.0,0.0,0.0,0.0,0.0,0.0,0.0
20200415,2,21대국회의원선거_지역구,인천광역시,계양구,계양구갑,118127,74341,73518,823,44469,26890.0,0.0,0.0,0.0,0.0,525.0,0.0,0.0,0.0,1634.0,0.0,0.0,0.0,0.0,0.0,0.0,0.0,0.0,0.0,0.0,0.0
20200415,2,21대국회의원선거_지역구,인천광역시,계양구,계양구을,142502,89298,88321,977,51821,34222.0,0.0,1538.0,0.0,0.0,740.0,0.0,0.0,0.0,0.0,0.0,0.0,0.0,0.0,0.0,0.0,0.0,0.0,0.0,0.0,0.0
20200415,2,21대국회의원선거_지역구,인천광역시,서구,서구갑,225827,144188,142898,1290,76072,60733.0,0.0,0.0,0.0,0.0,702.0,0.0,0.0,0.0,2408.0,2983.0,0.0,0.0,0.0,0.0,0.0,0.0,0.0,0.0,0.0,0.0
20200415,2,21대국회의원선거_지역구,인천광역시,서구,서구을,221393,137595,135733,1862,83671,50763.0,0.0,0.0,0.0,0.0,1299.0,0.0,0.0,0.0,0.0,0.0,0.0,0.0,0.0,0.0,0.0,0.0,0.0,0.0,0.0,0.0
20200415,2,21대국회의원선거_지역구,광주광역시,남구,동구남구갑,139730,94110,92733,1377,71626,0.0,0.0,0.0,0.0,0.0,740.0,0.0,0.0,0.0,0.0,0.0,19112.0,0.0,0.0,0.0,0.0,0.0,0.0,1255.0,0.0,0.0
20200415,2,21대국회의원선거_지역구,광주광역시,동구,동구남구을,128725,86577,85210,1367,61587,0.0,0.0,0.0,0.0,0.0,496.0,0.0,0.0,0.0,12804.0,1710.0,8613.0,0.0,0.0,0.0,0.0,0.0,0.0,0.0,0.0,0.0
20200415,2,21대국회의원선거_지역구,광주광역시,서구,서구갑,131513,85304,84308,996,69285,3543.0,0.0,2508.0,0.0,0.0,498.0,0.0,0.0,0.0,0.0,0.0,8474.0,0.0,0.0,0.0,0.0,0.0,0.0,0.0,0.0,0.0
20200415,2,21대국회의원선거_지역구,광주광역시,서구,서구을,121208,81972,80811,1161,61279,0.0,0.0,0.0,0.0,0.0,420.0,0.0,0.0,0.0,891.0,2467.0,15754.0,0.0,0.0,0.0,0.0,0.0,0.0,0.0,0.0,0.0
20200415,2,21대국회의원선거_지역구,광주광역시,북구,북구갑,155882,103390,102097,1293,59011,2423.0,0.0,0.0,0.0,0.0,480.0,0.0,0.0,0.0,38397.0,1786.0,0.0,0.0,0.0,0.0,0.0,0.0,0.0,0.0,0.0,0.0
20200415,2,21대국회의원선거_지역구,광주광역시,북구,북구을,208908,139020,137297,1723,108229,0.0,0.0,4514.0,0.0,0.0,692.0,0.0,0.0,0.0,522.0,4086.0,15281.0,0.0,0.0,0.0,0.0,0.0,0.0,1282.0,0.0,0.0
20200415,2,21대국회의원선거_지역구,광주광역시,광산구,광산구갑,139213,88264,86765,1499,67482,0.0,0.0,3110.0,0.0,0.0,773.0,0.0,0.0,0.0,0.0,3830.0,11570.0,0.0,0.0,0.0,0.0,0.0,0.0,0.0,0.0,0.0
20200415,2,21대국회의원선거_지역구,광주광역시,광산구,광산구을,182793,117137,115172,1965,96808,0.0,0.0,0.0,0.0,0.0,1241.0,0.0,0.0,0.0,0.0,7110.0,8606.0,0.0,0.0,0.0,0.0,0.0,0.0,0.0,1407.0,0.0
20200415,2,21대국회의원선거_지역구,대전광역시,동구,동구,193872,121792,120248,1544,61345,57194.0,0.0,0.0,0.0,0.0,1709.0,0.0,0.0,0.0,0.0,0.0,0.0,0.0,0.0,0.0,0.0,0.0,0.0,0.0,0.0,0.0
20200415,2,21대국회의원선거_지역구,대전광역시,중구,중구,205922,133503,131800,1703,66306,63498.0,0.0,0.0,0.0,0.0,1996.0,0.0,0.0,0.0,0.0,0.0,0.0,0.0,0.0,0.0,0.0,0.0,0.0,0.0,0.0,0.0
20200415,2,21대국회의원선거_지역구,대전광역시,서구,서구갑,213330,136521,134880,1641,74978,57720.0,0.0,0.0,0.0,0.0,1034.0,0.0,0.0,0.0,0.0,0.0,0.0,0.0,0.0,0.0,0.0,0.0,0.0,0.0,0.0,1148.0
20200415,2,21대국회의원선거_지역구,대전광역시,서구,서구을,188715,124653,122964,1689,70708,50140.0,973.0,0.0,0.0,0.0,1143.0,0.0,0.0,0.0,0.0,0.0,0.0,0.0,0.0,0.0,0.0,0.0,0.0,0.0,0.0,0.0
20200415,2,21대국회의원선거_지역구,대전광역시,유성구,유성구갑,148801,99185,98116,1069,55463,39588.0,368.0,2148.0,0.0,0.0,549.0,0.0,0.0,0.0,0.0,0.0,0.0,0.0,0.0,0.0,0.0,0.0,0.0,0.0,0.0,0.0
20200415,2,21대국회의원선거_지역구,대전광역시,유성구,유성구을,134730,97283,96293,990,53785,35629.0,0.0,0.0,0.0,0.0,524.0,0.0,0.0,0.0,0.0,6355.0,0.0,0.0,0.0,0.0,0.0,0.0,0.0,0.0,0.0,0.0
20200415,2,21대국회의원선거_지역구,대전광역시,대덕구,대덕구,151336,97617,96470,1147,47652,44617.0,0.0,0.0,0.0,0.0,792.0,0.0,0.0,0.0,496.0,0.0,0.0,0.0,0.0,0.0,0.0,0.0,0.0,0.0,0.0,0.0
20200415,2,21대국회의원선거_지역구,울산광역시,중구,중구,188368,129930,128331,1599,44050,69359.0,0.0,0.0,0.0,0.0,1077.0,0.0,0.0,0.0,1696.0,0.0,0.0,0.0,0.0,0.0,0.0,0.0,0.0,0.0,12149.0,0.0
20200415,2,21대국회의원선거_지역구,울산광역시,남구,남구갑,147996,104653,103451,1202,44773,55252.0,0.0,0.0,0.0,0.0,1111.0,0.0,0.0,0.0,0.0,0.0,2315.0,0.0,0.0,0.0,0.0,0.0,0.0,0.0,0.0,0.0
20200415,2,21대국회의원선거_지역구,울산광역시,남구,남구을,126872,84890,83674,1216,33565,48933.0,0.0,0.0,0.0,0.0,1176.0,0.0,0.0,0.0,0.0,0.0,0.0,0.0,0.0,0.0,0.0,0.0,0.0,0.0,0.0,0.0
20200415,2,21대국회의원선거_지역구,울산광역시,동구,동구,130353,89256,88218,1038,21642,33845.0,0.0,29889.0,0.0,0.0,646.0,0.0,0.0,0.0,0.0,0.0,0.0,0.0,0.0,0.0,0.0,0.0,0.0,0.0,2196.0,0.0
20200415,2,21대국회의원선거_지역구,울산광역시,북구,북구,173616,118334,116978,1356,54215,47836.0,0.0,0.0,0.0,0.0,761.0,0.0,0.0,0.0,923.0,11571.0,1120.0,0.0,0.0,0.0,0.0,0.0,0.0,0.0,0.0,0.0
20200415,2,21대국회의원선거_지역구,울산광역시,울주군,울주군,186083,127265,125721,1544,54563,66317.0,0.0,0.0,0.0,0.0,1213.0,0.0,0.0,0.0,3628.0,0.0,0.0,0.0,0.0,0.0,0.0,0.0,0.0,0.0,0.0,0.0
20200415,2,21대국회의원선거_지역구,세종특별자치시,세종특별자치시,세종특별자치시갑,142033,100062,99097,965,55947,32496.0,0.0,0.0,0.0,0.0,507.0,0.0,0.0,0.0,3458.0,5522.0,0.0,0.0,0.0,0.0,0.0,0.0,0.0,0.0,0.0,0.0
20200415,2,21대국회의원선거_지역구,세종특별자치시,세종특별자치시,세종특별자치시을,121305,80339,79362,977,46002,31495.0,0.0,0.0,0.0,0.0,683.0,0.0,0.0,0.0,0.0,0.0,1182.0,0.0,0.0,0.0,0.0,0.0,0.0,0.0,0.0,0.0
20200415,2,21대국회의원선거_지역구,경기도,수원시장안구,수원시갑,197868,131560,129921,1639,76875,51428.0,0.0,0.0,0.0,0.0,1618.0,0.0,0.0,0.0,0.0,0.0,0.0,0.0,0.0,0.0,0.0,0.0,0.0,0.0,0.0,0.0
20200415,2,21대국회의원선거_지역구,경기도,수원시권선구,수원시을,213294,140857,139240,1617,84500,53334.0,0.0,0.0,0.0,0.0,1406.0,0.0,0.0,0.0,0.0,0.0,0.0,0.0,0.0,0.0,0.0,0.0,0.0,0.0,0.0,0.0
20200415,2,21대국회의원선거_지역구,경기도,수원시팔달구,수원시병,154623,96070,94903,1167,50369,40374.0,423.0,1329.0,0.0,0.0,0.0,0.0,0.0,0.0,0.0,2408.0,0.0,0.0,0.0,0.0,0.0,0.0,0.0,0.0,0.0,0.0
20200415,2,21대국회의원선거_지역구,경기도,수원시영통구,수원시정,201639,139932,138535,1397,79557,52585.0,0.0,1321.0,0.0,0.0,701.0,0.0,0.0,0.0,4371.0,0.0,0.0,0.0,0.0,0.0,0.0,0.0,0.0,0.0,0.0,0.0
20200415,2,21대국회의원선거_지역구,경기도,수원시권선구,수원시무,229748,150216,148505,1711,82002,56793.0,0.0,0.0,0.0,0.0,1057.0,0.0,0.0,0.0,0.0,8653.0,0.0,0.0,0.0,0.0,0.0,0.0,0.0,0.0,0.0,0.0
20200415,2,21대국회의원선거_지역구,경기도,성남시수정구,성남시수정구,205299,129551,127383,2168,76830,45617.0,0.0,3785.0,0.0,0.0,1151.0,0.0,0.0,0.0,0.0,0.0,0.0,0.0,0.0,0.0,0.0,0.0,0.0,0.0,0.0,0.0
20200415,2,21대국회의원선거_지역구,경기도,성남시중원구,성남시중원구,192279,122114,120736,1378,65947,50315.0,0.0,3687.0,0.0,0.0,787.0,0.0,0.0,0.0,0.0,0.0,0.0,0.0,0.0,0.0,0.0,0.0,0.0,0.0,0.0,0.0
20200415,2,21대국회의원선거_지역구,경기도,성남시분당구,성남시분당구갑,208104,157419,156051,1368,77006,78134.0,0.0,0.0,0.0,0.0,911.0,0.0,0.0,0.0,0.0,0.0,0.0,0.0,0.0,0.0,0.0,0.0,0.0,0.0,0.0,0.0
20200415,2,21대국회의원선거_지역구,경기도,성남시분당구,성남시분당구을,195239,143734,142645,1089,68387,64342.0,439.0,489.0,0.0,0.0,305.0,0.0,0.0,0.0,5662.0,3021.0,0.0,0.0,0.0,0.0,0.0,0.0,0.0,0.0,0.0,0.0
20200415,2,21대국회의원선거_지역구,경기도,의정부시,의정부시갑,178374,104773,103345,1428,54806,38644.0,0.0,0.0,0.0,0.0,1051.0,0.0,0.0,0.0,8844.0,0.0,0.0,0.0,0.0,0.0,0.0,0.0,0.0,0.0,0.0,0.0
20200415,2,21대국회의원선거_지역구,경기도,의정부시,의정부시을,207183,129338,127836,1502,71573,49640.0,0.0,5536.0,0.0,0.0,1087.0,0.0,0.0,0.0,0.0,0.0,0.0,0.0,0.0,0.0,0.0,0.0,0.0,0.0,0.0,0.0
20200415,2,21대국회의원선거_지역구,경기도,안양시만안구,안양시만안구,210881,141903,140399,1504,75266,59438.0,0.0,0.0,0.0,0.0,989.0,0.0,0.0,0.0,0.0,4706.0,0.0,0.0,0.0,0.0,0.0,0.0,0.0,0.0,0.0,0.0
20200415,2,21대국회의원선거_지역구,경기도,안양시동안구,안양시동안구갑,145827,102910,101821,1089,56345,40490.0,0.0,0.0,0.0,0.0,642.0,0.0,0.0,0.0,0.0,4344.0,0.0,0.0,0.0,0.0,0.0,0.0,0.0,0.0,0.0,0.0
20200415,2,21대국회의원선거_지역구,경기도,안양시동안구,안양시동안구을,122068,92555,91842,713,49736,38327.0,0.0,0.0,0.0,0.0,252.0,0.0,0.0,0.0,0.0,2980.0,547.0,0.0,0.0,0.0,0.0,0.0,0.0,0.0,0.0,0.0
20200415,2,21대국회의원선거_지역구,경기도,부천시,부천시갑,138380,82208,81118,1090,48002,29266.0,0.0,0.0,0.0,0.0,856.0,0.0,0.0,0.0,0.0,2994.0,0.0,0.0,0.0,0.0,0.0,0.0,0.0,0.0,0.0,0.0
20200415,2,21대국회의원선거_지역구,경기도,부천시,부천시을,220045,148949,147319,1630,80889,58341.0,0.0,1193.0,0.0,0.0,734.0,0.0,0.0,0.0,0.0,6162.0,0.0,0.0,0.0,0.0,0.0,0.0,0.0,0.0,0.0,0.0
20200415,2,21대국회의원선거_지역구,경기도,부천시,부천시병,201857,129904,128105,1799,77577,41642.0,0.0,0.0,0.0,0.0,1123.0,0.0,0.0,0.0,0.0,7763.0,0.0,0.0,0.0,0.0,0.0,0.0,0.0,0.0,0.0,0.0
20200415,2,21대국회의원선거_지역구,경기도,부천시,부천시정,150459,88552,87322,1230,49552,32094.0,0.0,0.0,0.0,0.0,692.0,0.0,0.0,0.0,0.0,4984.0,0.0,0.0,0.0,0.0,0.0,0.0,0.0,0.0,0.0,0.0
20200415,2,21대국회의원선거_지역구,경기도,광명시,광명시갑,134409,91285,90250,1035,43019,33380.0,0.0,0.0,0.0,0.0,459.0,0.0,0.0,0.0,2287.0,0.0,4685.0,0.0,0.0,0.0,0.0,0.0,0.0,0.0,0.0,0.0
20200415,2,21대국회의원선거_지역구,경기도,광명시,광명시을,131277,91602,90691,911,58130,27671.0,0.0,0.0,0.0,0.0,466.0,0.0,0.0,0.0,4424.0,0.0,0.0,0.0,0.0,0.0,0.0,0.0,0.0,0.0,0.0,0.0
20200415,2,21대국회의원선거_지역구,경기도,평택시,평택시갑,213863,126228,124573,1655,62564,59063.0,0.0,0.0,0.0,0.0,905.0,0.0,0.0,0.0,2041.0,0.0,0.0,0.0,0.0,0.0,0.0,0.0,0.0,0.0,0.0,0.0
20200415,2,21대국회의원선거_지역구,경기도,평택시,평택시을,214797,126373,124786,1587,57540,59491.0,0.0,1862.0,0.0,0.0,914.0,0.0,0.0,0.0,3536.0,0.0,0.0,0.0,0.0,0.0,0.0,0.0,0.0,0.0,0.0,0.0
20200415,2,21대국회의원선거_지역구,경기도,동두천시,동두천시연천군,80677,47856,47234,622,22325,24305.0,0.0,0.0,0.0,0.0,604.0,0.0,0.0,0.0,0.0,0.0,0.0,0.0,0.0,0.0,0.0,0.0,0.0,0.0,0.0,0.0
20200415,2,21대국회의원선거_지역구,경기도,연천군,동두천시연천군,38284,25577,25097,480,10237,14472.0,0.0,0.0,0.0,0.0,388.0,0.0,0.0,0.0,0.0,0.0,0.0,0.0,0.0,0.0,0.0,0.0,0.0,0.0,0.0,0.0
20200415,2,21대국회의원선거_지역구,경기도,안산시상록구,안산시상록구갑,167327,101953,100791,1162,59021,38367.0,658.0,2004.0,0.0,0.0,741.0,0.0,0.0,0.0,0.0,0.0,0.0,0.0,0.0,0.0,0.0,0.0,0.0,0.0,0.0,0.0
20200415,2,21대국회의원선거_지역구,경기도,안산시상록구,안산시상록구을,129225,76660,75464,1196,43599,30747.0,0.0,0.0,0.0,0.0,1118.0,0.0,0.0,0.0,0.0,0.0,0.0,0.0,0.0,0.0,0.0,0.0,0.0,0.0,0.0,0.0
20200415,2,21대국회의원선거_지역구,경기도,안산시단원구,안산시단원구갑,132915,76381,75359,1022,42009,31086.0,0.0,1427.0,0.0,0.0,837.0,0.0,0.0,0.0,0.0,0.0,0.0,0.0,0.0,0.0,0.0,0.0,0.0,0.0,0.0,0.0
20200415,2,21대국회의원선거_지역구,경기도,안산시단원구,안산시단원구을,127185,83176,82123,1053,42150,38497.0,864.0,0.0,0.0,0.0,612.0,0.0,0.0,0.0,0.0,0.0,0.0,0.0,0.0,0.0,0.0,0.0,0.0,0.0,0.0,0.0
20200415,2,21대국회의원선거_지역구,경기도,고양시덕양구,고양시갑,217323,144830,143491,1339,39268,47003.0,0.0,0.0,0.0,0.0,704.0,0.0,0.0,0.0,0.0,56516.0,0.0,0.0,0.0,0.0,0.0,0.0,0.0,0.0,0.0,0.0
20200415,2,21대국회의원선거_지역구,경기도,고양시덕양구,고양시을,227546,155449,153866,1583,80739,55032.0,0.0,2669.0,0.0,0.0,594.0,0.0,0.0,0.0,3183.0,11649.0,0.0,0.0,0.0,0.0,0.0,0.0,0.0,0.0,0.0,0.0
20200415,2,21대국회의원선거_지역구,경기도,고양시일산동구,고양시병,224741,149247,147541,1706,80068,65981.0,727.0,0.0,0.0,0.0,765.0,0.0,0.0,0.0,0.0,0.0,0.0,0.0,0.0,0.0,0.0,0.0,0.0,0.0,0.0,0.0
20200415,2,21대국회의원선거_지역구,경기도,고양시일산서구,고양시정,235439,162225,160869,1356,85943,72188.0,0.0,0.0,0.0,0.0,680.0,0.0,0.0,0.0,0.0,0.0,0.0,0.0,0.0,2058.0,0.0,0.0,0.0,0.0,0.0,0.0
20200415,2,21대국회의원선거_지역구,경기도,과천시,의왕시과천시,48899,37489,37152,337,15140,17317.0,0.0,0.0,0.0,0.0,0.0,0.0,0.0,0.0,0.0,1635.0,3060.0,0.0,0.0,0.0,0.0,0.0,0.0,0.0,0.0,0.0
20200415,2,21대국회의원선거_지역구,경기도,의왕시,의왕시과천시,139682,99587,98693,894,43798,34239.0,0.0,0.0,0.0,0.0,0.0,0.0,0.0,0.0,0.0,2946.0,17710.0,0.0,0.0,0.0,0.0,0.0,0.0,0.0,0.0,0.0
20200415,2,21대국회의원선거_지역구,경기도,구리시,구리시,168689,111590,110263,1327,64668,43456.0,1167.0,0.0,0.0,0.0,972.0,0.0,0.0,0.0,0.0,0.0,0.0,0.0,0.0,0.0,0.0,0.0,0.0,0.0,0.0,0.0
20200415,2,21대국회의원선거_지역구,경기도,남양주시,남양주시갑,169352,104185,103144,1041,59779,39318.0,469.0,0.0,0.0,0.0,674.0,0.0,0.0,0.0,0.0,0.0,2904.0,0.0,0.0,0.0,0.0,0.0,0.0,0.0,0.0,0.0
20200415,2,21대국회의원선거_지역구,경기도,남양주시,남양주시을,194104,117404,116208,1196,68660,36526.0,0.0,0.0,0.0,0.0,838.0,0.0,0.0,0.0,10184.0,0.0,0.0,0.0,0.0,0.0,0.0,0.0,0.0,0.0,0.0,0.0
20200415,2,21대국회의원선거_지역구,경기도,남양주시,남양주시병,213448,144575,143323,1252,71776,67490.0,0.0,0.0,0.0,0.0,884.0,0.0,0.0,0.0,0.0,3173.0,0.0,0.0,0.0,0.0,0.0,0.0,0.0,0.0,0.0,0.0
20200415,2,21대국회의원선거_지역구,경기도,오산시,오산시,182471,110578,109183,1395,61926,44834.0,0.0,0.0,0.0,0.0,0.0,0.0,0.0,0.0,0.0,0.0,2423.0,0.0,0.0,0.0,0.0,0.0,0.0,0.0,0.0,0.0
20200415,2,21대국회의원선거_지역구,경기도,시흥시,시흥시갑,205939,134026,132745,1281,68653,59595.0,0.0,0.0,0.0,0.0,875.0,0.0,0.0,0.0,0.0,3622.0,0.0,0.0,0.0,0.0,0.0,0.0,0.0,0.0,0.0,0.0
20200415,2,21대국회의원선거_지역구,경기도,시흥시,시흥시을,185880,104604,103351,1253,69270,32700.0,0.0,0.0,0.0,0.0,1381.0,0.0,0.0,0.0,0.0,0.0,0.0,0.0,0.0,0.0,0.0,0.0,0.0,0.0,0.0,0.0
20200415,2,21대국회의원선거_지역구,경기도,군포시,군포시,232665,160765,158934,1831,91256,64167.0,0.0,3511.0,0.0,0.0,0.0,0.0,0.0,0.0,0.0,0.0,0.0,0.0,0.0,0.0,0.0,0.0,0.0,0.0,0.0,0.0
20200415,2,21대국회의원선거_지역구,경기도,하남시,하남시,227800,152136,150811,1325,76572,50141.0,0.0,0.0,0.0,0.0,772.0,0.0,0.0,0.0,23326.0,0.0,0.0,0.0,0.0,0.0,0.0,0.0,0.0,0.0,0.0,0.0
20200415,2,21대국회의원선거_지역구,경기도,용인시처인구,용인시갑,212846,133134,131392,1742,60357,69826.0,0.0,0.0,0.0,0.0,1209.0,0.0,0.0,0.0,0.0,0.0,0.0,0.0,0.0,0.0,0.0,0.0,0.0,0.0,0.0,0.0
20200415,2,21대국회의원선거_지역구,경기도,용인시기흥구,용인시을,219373,150616,149278,1338,89697,57671.0,0.0,0.0,0.0,0.0,862.0,0.0,0.0,0.0,0.0,0.0,1048.0,0.0,0.0,0.0,0.0,0.0,0.0,0.0,0.0,0.0
20200415,2,21대국회의원선거_지역구,경기도,용인시수지구,용인시병,225216,165398,163872,1526,84492,78562.0,0.0,0.0,0.0,0.0,818.0,0.0,0.0,0.0,0.0,0.0,0.0,0.0,0.0,0.0,0.0,0.0,0.0,0.0,0.0,0.0
20200415,2,21대국회의원선거_지역구,경기도,용인시기흥구,용인시정,206940,150335,149247,1088,79794,65358.0,0.0,470.0,0.0,0.0,467.0,0.0,0.0,0.0,0.0,2890.0,0.0,0.0,0.0,0.0,0.0,268.0,0.0,0.0,0.0,0.0
20200415,2,21대국회의원선거_지역구,경기도,파주시,파주시갑,219983,141143,139597,1546,85058,52122.0,0.0,0.0,0.0,0.0,1145.0,0.0,0.0,0.0,0.0,0.0,0.0,0.0,0.0,0.0,0.0,0.0,0.0,1272.0,0.0,0.0
20200415,2,21대국회의원선거_지역구,경기도,파주시,파주시을,151068,90578,89381,1197,48569,39588.0,0.0,0.0,0.0,0.0,1224.0,0.0,0.0,0.0,0.0,0.0,0.0,0.0,0.0,0.0,0.0,0.0,0.0,0.0,0.0,0.0
20200415,2,21대국회의원선거_지역구,경기도,이천시,이천시,179016,110100,108749,1351,49682,56544.0,0.0,0.0,0.0,0.0,846.0,0.0,0.0,0.0,1677.0,0.0,0.0,0.0,0.0,0.0,0.0,0.0,0.0,0.0,0.0,0.0
20200415,2,21대국회의원선거_지역구,경기도,안성시,안성시,155021,98475,96647,1828,49721,45554.0,0.0,0.0,0.0,0.0,1372.0,0.0,0.0,0.0,0.0,0.0,0.0,0.0,0.0,0.0,0.0,0.0,0.0,0.0,0.0,0.0
20200415,2,21대국회의원선거_지역구,경기도,김포시,김포시갑,165807,111816,110829,987,58613,42660.0,0.0,0.0,0.0,0.0,584.0,0.0,0.0,0.0,8972.0,0.0,0.0,0.0,0.0,0.0,0.0,0.0,0.0,0.0,0.0,0.0
20200415,2,21대국회의원선거_지역구,경기도,김포시,김포시을,187295,118595,117389,1206,63193,52200.0,0.0,0.0,0.0,0.0,865.0,0.0,0.0,0.0,0.0,0.0,1131.0,0.0,0.0,0.0,0.0,0.0,0.0,0.0,0.0,0.0
20200415,2,21대국회의원선거_지역구,경기도,화성시,화성시갑,199428,119449,118198,1251,58689,52291.0,0.0,1915.0,0.0,0.0,800.0,0.0,0.0,0.0,4503.0,0.0,0.0,0.0,0.0,0.0,0.0,0.0,0.0,0.0,0.0,0.0
20200415,2,21대국회의원선거_지역구,경기도,화성시,화성시을,224298,154360,152805,1555,98612,52802.0,0.0,0.0,0.0,0.0,1391.0,0.0,0.0,0.0,0.0,0.0,0.0,0.0,0.0,0.0,0.0,0.0,0.0,0.0,0.0,0.0
20200415,2,21대국회의원선거_지역구,경기도,화성시,화성시병,219651,139281,137769,1512,88793,47377.0,0.0,0.0,0.0,0.0,1599.0,0.0,0.0,0.0,0.0,0.0,0.0,0.0,0.0,0.0,0.0,0.0,0.0,0.0,0.0,0.0
20200415,2,21대국회의원선거_지역구,경기도,광주시,광주시갑,156890,95752,94784,968,53221,40469.0,0.0,0.0,0.0,0.0,1094.0,0.0,0.0,0.0,0.0,0.0,0.0,0.0,0.0,0.0,0.0,0.0,0.0,0.0,0.0,0.0
20200415,2,21대국회의원선거_지역구,경기도,광주시,광주시을,155614,93174,92242,932,52468,38910.0,0.0,0.0,0.0,0.0,864.0,0.0,0.0,0.0,0.0,0.0,0.0,0.0,0.0,0.0,0.0,0.0,0.0,0.0,0.0,0.0
20200415,2,21대국회의원선거_지역구,경기도,양주시,양주시,184804,112865,111589,1276,69905,40414.0,0.0,0.0,0.0,0.0,1270.0,0.0,0.0,0.0,0.0,0.0,0.0,0.0,0.0,0.0,0.0,0.0,0.0,0.0,0.0,0.0
20200415,2,21대국회의원선거_지역구,경기도,포천시,포천시가평군,128897,75631,74427,1204,36251,35803.0,0.0,1525.0,0.0,0.0,848.0,0.0,0.0,0.0,0.0,0.0,0.0,0.0,0.0,0.0,0.0,0.0,0.0,0.0,0.0,0.0
20200415,2,21대국회의원선거_지역구,경기도,가평군,포천시가평군,55094,35180,34552,628,14624,18968.0,0.0,567.0,0.0,0.0,393.0,0.0,0.0,0.0,0.0,0.0,0.0,0.0,0.0,0.0,0.0,0.0,0.0,0.0,0.0,0.0
20200415,2,21대국회의원선거_지역구,경기도,여주시,여주시양평군,95778,60124,59381,743,24813,31446.0,411.0,0.0,0.0,0.0,507.0,0.0,0.0,0.0,0.0,2204.0,0.0,0.0,0.0,0.0,0.0,0.0,0.0,0.0,0.0,0.0
20200415,2,21대국회의원선거_지역구,경기도,양평군,여주시양평군,101727,69732,68987,745,26761,39129.0,339.0,0.0,0.0,0.0,388.0,0.0,0.0,0.0,0.0,2370.0,0.0,0.0,0.0,0.0,0.0,0.0,0.0,0.0,0.0,0.0
20200415,2,21대국회의원선거_지역구,강원도,춘천시,춘천시철원군화천군양구군갑,192353,131779,130410,1369,66932,57298.0,0.0,0.0,0.0,0.0,841.0,0.0,0.0,0.0,0.0,5339.0,0.0,0.0,0.0,0.0,0.0,0.0,0.0,0.0,0.0,0.0
20200415,2,21대국회의원선거_지역구,강원도,춘천시,춘천시철원군화천군양구군을,46191,31338,30827,511,15389,14998.0,0.0,0.0,0.0,0.0,440.0,0.0,0.0,0.0,0.0,0.0,0.0,0.0,0.0,0.0,0.0,0.0,0.0,0.0,0.0,0.0
20200415,2,21대국회의원선거_지역구,강원도,화천군,춘천시철원군화천군양구군을,21425,14942,14579,363,6593,7678.0,0.0,0.0,0.0,0.0,308.0,0.0,0.0,0.0,0.0,0.0,0.0,0.0,0.0,0.0,0.0,0.0,0.0,0.0,0.0,0.0
20200415,2,21대국회의원선거_지역구,강원도,양구군,춘천시철원군화천군양구군을,18960,13158,12909,249,6278,6441.0,0.0,0.0,0.0,0.0,190.0,0.0,0.0,0.0,0.0,0.0,0.0,0.0,0.0,0.0,0.0,0.0,0.0,0.0,0.0,0.0
20200415,2,21대국회의원선거_지역구,강원도,철원군,춘천시철원군화천군양구군을,38883,24994,24416,578,10092,13966.0,0.0,0.0,0.0,0.0,358.0,0.0,0.0,0.0,0.0,0.0,0.0,0.0,0.0,0.0,0.0,0.0,0.0,0.0,0.0,0.0
20200415,2,21대국회의원선거_지역구,강원도,원주시,원주시갑,152303,94018,93116,902,45224,38299.0,473.0,0.0,0.0,0.0,489.0,0.0,0.0,0.0,8631.0,0.0,0.0,0.0,0.0,0.0,0.0,0.0,0.0,0.0,0.0,0.0
20200415,2,21대국회의원선거_지역구,강원도,원주시,원주시을,141827,91625,90509,1116,48772,39089.0,458.0,777.0,0.0,0.0,641.0,0.0,0.0,0.0,0.0,0.0,772.0,0.0,0.0,0.0,0.0,0.0,0.0,0.0,0.0,0.0
20200415,2,21대국회의원선거_지역구,강원도,강릉시,강릉시,184371,122855,121474,1381,47088,13704.0,0.0,1047.0,0.0,0.0,659.0,0.0,0.0,0.0,49618.0,0.0,0.0,0.0,0.0,0.0,0.0,0.0,0.0,0.0,0.0,0.0
20200415,2,21대국회의원선거_지역구,강원도,동해시,동해시태백시삼척시정선군,76543,49535,48958,577,20493,26690.0,0.0,0.0,0.0,0.0,382.0,0.0,0.0,0.0,476.0,0.0,0.0,0.0,0.0,0.0,0.0,0.0,0.0,0.0,0.0,0.0
20200415,2,21대국회의원선거_지역구,강원도,삼척시,동해시태백시삼척시정선군,58270,39729,39279,450,17373,20685.0,0.0,0.0,0.0,0.0,397.0,0.0,0.0,0.0,303.0,0.0,0.0,0.0,0.0,0.0,0.0,0.0,0.0,0.0,0.0,0.0
20200415,2,21대국회의원선거_지역구,강원도,태백시,동해시태백시삼척시정선군,37712,24171,23885,286,10029,13082.0,0.0,0.0,0.0,0.0,190.0,0.0,0.0,0.0,329.0,0.0,0.0,0.0,0.0,0.0,0.0,0.0,0.0,0.0,0.0,0.0
20200415,2,21대국회의원선거_지역구,강원도,정선군,동해시태백시삼척시정선군,33231,21795,21464,331,9632,11147.0,0.0,0.0,0.0,0.0,182.0,0.0,0.0,0.0,296.0,0.0,0.0,0.0,0.0,0.0,0.0,0.0,0.0,0.0,0.0,0.0
20200415,2,21대국회의원선거_지역구,강원도,속초시,속초시인제군고성군양양군,70022,43970,43476,494,19540,22665.0,0.0,0.0,0.0,0.0,386.0,0.0,0.0,0.0,885.0,0.0,0.0,0.0,0.0,0.0,0.0,0.0,0.0,0.0,0.0,0.0
20200415,2,21대국회의원선거_지역구,강원도,고성군,속초시인제군고성군양양군,24504,17865,17430,435,7325,9540.0,0.0,0.0,0.0,0.0,213.0,0.0,0.0,0.0,352.0,0.0,0.0,0.0,0.0,0.0,0.0,0.0,0.0,0.0,0.0,0.0
20200415,2,21대국회의원선거_지역구,강원도,양양군,속초시인제군고성군양양군,24916,16941,16707,234,6919,9380.0,0.0,0.0,0.0,0.0,148.0,0.0,0.0,0.0,260.0,0.0,0.0,0.0,0.0,0.0,0.0,0.0,0.0,0.0,0.0,0.0
20200415,2,21대국회의원선거_지역구,강원도,인제군,속초시인제군고성군양양군,27135,18269,17872,397,8419,8603.0,0.0,0.0,0.0,0.0,255.0,0.0,0.0,0.0,595.0,0.0,0.0,0.0,0.0,0.0,0.0,0.0,0.0,0.0,0.0,0.0
20200415,2,21대국회의원선거_지역구,강원도,홍천군,홍천군횡성군영월군평창군,60611,39858,39054,804,12367,16620.0,0.0,0.0,0.0,0.0,344.0,0.0,0.0,0.0,9723.0,0.0,0.0,0.0,0.0,0.0,0.0,0.0,0.0,0.0,0.0,0.0
20200415,2,21대국회의원선거_지역구,강원도,횡성군,홍천군횡성군영월군평창군,41381,28911,28235,676,10982,14156.0,0.0,0.0,0.0,0.0,382.0,0.0,0.0,0.0,2715.0,0.0,0.0,0.0,0.0,0.0,0.0,0.0,0.0,0.0,0.0,0.0
20200415,2,21대국회의원선거_지역구,강원도,영월군,홍천군횡성군영월군평창군,35114,23548,23274,274,9021,13205.0,0.0,0.0,0.0,0.0,311.0,0.0,0.0,0.0,737.0,0.0,0.0,0.0,0.0,0.0,0.0,0.0,0.0,0.0,0.0,0.0
20200415,2,21대국회의원선거_지역구,강원도,평창군,홍천군횡성군영월군평창군,37586,24890,24621,269,11864,11994.0,0.0,0.0,0.0,0.0,234.0,0.0,0.0,0.0,529.0,0.0,0.0,0.0,0.0,0.0,0.0,0.0,0.0,0.0,0.0,0.0
20200415,2,21대국회의원선거_지역구,충청북도,청주시상당구,청주시상당구,151173,98093,97052,1041,45707,42682.0,0.0,0.0,0.0,0.0,678.0,0.0,0.0,0.0,0.0,6707.0,1278.0,0.0,0.0,0.0,0.0,0.0,0.0,0.0,0.0,0.0
20200415,2,21대국회의원선거_지역구,충청북도,청주시서원구,청주시서원구,169388,109940,108540,1400,54118,50784.0,0.0,0.0,0.0,0.0,1063.0,0.0,0.0,0.0,0.0,0.0,2575.0,0.0,0.0,0.0,0.0,0.0,0.0,0.0,0.0,0.0
20200415,2,21대국회의원선거_지역구,충청북도,청주시흥덕구,청주시흥덕구,218211,135919,134211,1708,74900,57656.0,0.0,0.0,0.0,0.0,1655.0,0.0,0.0,0.0,0.0,0.0,0.0,0.0,0.0,0.0,0.0,0.0,0.0,0.0,0.0,0.0
20200415,2,21대국회의원선거_지역구,충청북도,청주시청원구,청주시청원구,158171,97694,96290,1404,51028,42776.0,0.0,1565.0,0.0,0.0,921.0,0.0,0.0,0.0,0.0,0.0,0.0,0.0,0.0,0.0,0.0,0.0,0.0,0.0,0.0,0.0
20200415,2,21대국회의원선거_지역구,충청북도,충주시,충주시,180642,115405,114186,1219,51290,59667.0,0.0,0.0,0.0,0.0,1174.0,0.0,0.0,0.0,0.0,0.0,2055.0,0.0,0.0,0.0,0.0,0.0,0.0,0.0,0.0,0.0
20200415,2,21대국회의원선거_지역구,충청북도,제천시,제천시단양군,115635,77243,76247,996,34762,40470.0,0.0,0.0,0.0,0.0,1015.0,0.0,0.0,0.0,0.0,0.0,0.0,0.0,0.0,0.0,0.0,0.0,0.0,0.0,0.0,0.0
20200415,2,21대국회의원선거_지역구,충청북도,단양군,제천시단양군,26696,18583,18341,242,7427,10704.0,0.0,0.0,0.0,0.0,210.0,0.0,0.0,0.0,0.0,0.0,0.0,0.0,0.0,0.0,0.0,0.0,0.0,0.0,0.0,0.0
20200415,2,21대국회의원선거_지역구,충청북도,영동군,보은군옥천군영동군괴산군,43142,29587,29065,522,12288,16393.0,0.0,0.0,0.0,0.0,228.0,0.0,0.0,156.0,0.0,0.0,0.0,0.0,0.0,0.0,0.0,0.0,0.0,0.0,0.0,0.0
20200415,2,21대국회의원선거_지역구,충청북도,보은군,보은군옥천군영동군괴산군,29585,20913,20340,573,8239,11693.0,0.0,0.0,0.0,0.0,265.0,0.0,0.0,143.0,0.0,0.0,0.0,0.0,0.0,0.0,0.0,0.0,0.0,0.0,0.0,0.0
20200415,2,21대국회의원선거_지역구,충청북도,옥천군,보은군옥천군영동군괴산군,45082,30588,30095,493,12633,16976.0,0.0,0.0,0.0,0.0,284.0,0.0,0.0,202.0,0.0,0.0,0.0,0.0,0.0,0.0,0.0,0.0,0.0,0.0,0.0,0.0
20200415,2,21대국회의원선거_지역구,충청북도,괴산군,보은군옥천군영동군괴산군,35083,23735,23325,410,9453,13428.0,0.0,0.0,0.0,0.0,261.0,0.0,0.0,183.0,0.0,0.0,0.0,0.0,0.0,0.0,0.0,0.0,0.0,0.0,0.0,0.0
20200415,2,21대국회의원선거_지역구,충청북도,음성군,증평군진천군음성군,82222,48328,47710,618,22572,24393.0,0.0,0.0,0.0,0.0,745.0,0.0,0.0,0.0,0.0,0.0,0.0,0.0,0.0,0.0,0.0,0.0,0.0,0.0,0.0,0.0
20200415,2,21대국회의원선거_지역구,충청북도,진천군,증평군진천군음성군,67443,40900,40400,500,21891,17908.0,0.0,0.0,0.0,0.0,601.0,0.0,0.0,0.0,0.0,0.0,0.0,0.0,0.0,0.0,0.0,0.0,0.0,0.0,0.0,0.0
20200415,2,21대국회의원선거_지역구,충청북도,증평군,증평군진천군음성군,31138,18927,18673,254,9663,8780.0,0.0,0.0,0.0,0.0,230.0,0.0,0.0,0.0,0.0,0.0,0.0,0.0,0.0,0.0,0.0,0.0,0.0,0.0,0.0,0.0
20200415,2,21대국회의원선거_지역구,충청남도,천안시동남구,천안시갑,168135,94976,93216,1760,45999,44671.0,734.0,0.0,0.0,0.0,1141.0,0.0,0.0,0.0,0.0,0.0,0.0,0.0,0.0,0.0,0.0,671.0,0.0,0.0,0.0,0.0
20200415,2,21대국회의원선거_지역구,충청남도,천안시서북구,천안시을,221716,134675,132946,1729,78223,46389.0,0.0,1018.0,0.0,0.0,903.0,0.0,0.0,0.0,0.0,6413.0,0.0,0.0,0.0,0.0,0.0,0.0,0.0,0.0,0.0,0.0
20200415,2,21대국회의원선거_지역구,충청남도,천안시동남구,천안시병,147013,91005,89793,1212,43118,36854.0,0.0,0.0,0.0,0.0,0.0,0.0,0.0,0.0,6110.0,3711.0,0.0,0.0,0.0,0.0,0.0,0.0,0.0,0.0,0.0,0.0
20200415,2,21대국회의원선거_지역구,충청남도,공주시,공주시부여군청양군,93319,61117,60292,825,29315,28128.0,0.0,0.0,0.0,0.0,385.0,0.0,0.0,0.0,443.0,0.0,403.0,0.0,0.0,0.0,0.0,0.0,0.0,0.0,0.0,0.0
20200415,2,21대국회의원선거_지역구,충청남도,부여군,공주시부여군청양군,59570,39362,38744,618,17071,19490.0,0.0,0.0,0.0,0.0,239.0,0.0,0.0,0.0,203.0,0.0,206.0,0.0,0.0,0.0,0.0,0.0,0.0,0.0,0.0,0.0
20200415,2,21대국회의원선거_지역구,충청남도,청양군,공주시부여군청양군,28453,19384,19123,261,8477,9869.0,0.0,0.0,0.0,0.0,130.0,0.0,0.0,0.0,100.0,0.0,96.0,0.0,0.0,0.0,0.0,0.0,0.0,0.0,0.0,0.0
20200415,2,21대국회의원선거_지역구,충청남도,보령시,보령시서천군,87911,59870,58986,884,26533,32453.0,0.0,0.0,0.0,0.0,0.0,0.0,0.0,0.0,0.0,0.0,0.0,0.0,0.0,0.0,0.0,0.0,0.0,0.0,0.0,0.0
20200415,2,21대국회의원선거_지역구,충청남도,서천군,보령시서천군,47346,32803,32247,556,18295,13952.0,0.0,0.0,0.0,0.0,0.0,0.0,0.0,0.0,0.0,0.0,0.0,0.0,0.0,0.0,0.0,0.0,0.0,0.0,0.0,0.0
20200415,2,21대국회의원선거_지역구,충청남도,아산시,아산시갑,125840,77591,76596,995,37603,38167.0,0.0,0.0,0.0,0.0,826.0,0.0,0.0,0.0,0.0,0.0,0.0,0.0,0.0,0.0,0.0,0.0,0.0,0.0,0.0,0.0
20200415,2,21대국회의원선거_지역구,충청남도,아산시,아산시을,126172,76889,75922,967,45338,30584.0,0.0,0.0,0.0,0.0,0.0,0.0,0.0,0.0,0.0,0.0,0.0,0.0,0.0,0.0,0.0,0.0,0.0,0.0,0.0,0.0
20200415,2,21대국회의원선거_지역구,충청남도,서산시,서산시태안군,145216,91889,90723,1166,41193,46471.0,0.0,0.0,0.0,0.0,756.0,0.0,0.0,0.0,0.0,2303.0,0.0,0.0,0.0,0.0,0.0,0.0,0.0,0.0,0.0,0.0
20200415,2,21대국회의원선거_지역구,충청남도,태안군,서산시태안군,55645,36795,36259,536,14934,20446.0,0.0,0.0,0.0,0.0,266.0,0.0,0.0,0.0,0.0,613.0,0.0,0.0,0.0,0.0,0.0,0.0,0.0,0.0,0.0,0.0
20200415,2,21대국회의원선거_지역구,충청남도,금산군,논산시계룡시금산군,45691,28694,28093,601,13004,14284.0,0.0,0.0,0.0,0.0,323.0,0.0,0.0,0.0,0.0,0.0,482.0,0.0,0.0,0.0,0.0,0.0,0.0,0.0,0.0,0.0
20200415,2,21대국회의원선거_지역구,충청남도,논산시,논산시계룡시금산군,102893,63408,62440,968,32931,28110.0,0.0,0.0,0.0,0.0,672.0,0.0,0.0,0.0,0.0,0.0,727.0,0.0,0.0,0.0,0.0,0.0,0.0,0.0,0.0,0.0
20200415,2,21대국회의원선거_지역구,충청남도,계룡시,논산시계룡시금산군,33571,24097,23793,304,12384,10590.0,0.0,0.0,0.0,0.0,266.0,0.0,0.0,0.0,0.0,0.0,553.0,0.0,0.0,0.0,0.0,0.0,0.0,0.0,0.0,0.0
20200415,2,21대국회의원선거_지역구,충청남도,당진시,당진시,137609,81858,80848,1010,38535,24457.0,426.0,1577.0,0.0,0.0,520.0,0.0,0.0,0.0,15333.0,0.0,0.0,0.0,0.0,0.0,0.0,0.0,0.0,0.0,0.0,0.0
20200415,2,21대국회의원선거_지역구,충청남도,홍성군,홍성군예산군,84568,52895,52168,727,24080,27201.0,0.0,0.0,0.0,0.0,887.0,0.0,0.0,0.0,0.0,0.0,0.0,0.0,0.0,0.0,0.0,0.0,0.0,0.0,0.0,0.0
20200415,2,21대국회의원선거_지역구,충청남도,예산군,홍성군예산군,70656,44829,44207,622,18789,24796.0,0.0,0.0,0.0,0.0,622.0,0.0,0.0,0.0,0.0,0.0,0.0,0.0,0.0,0.0,0.0,0.0,0.0,0.0,0.0,0.0
20200415,2,21대국회의원선거_지역구,전라북도,전주시완산구,전주시갑,145862,93635,92220,1415,67849,0.0,0.0,0.0,0.0,0.0,672.0,0.0,0.0,0.0,1005.0,5634.0,0.0,0.0,0.0,0.0,0.0,0.0,0.0,1676.0,0.0,0.0
20200415,2,21대국회의원선거_지역구,전라북도,전주시완산구,전주시을,165905,109358,108038,1320,67568,7101.0,0.0,0.0,0.0,0.0,428.0,0.0,0.0,0.0,21697.0,4543.0,3853.0,0.0,0.0,0.0,0.0,0.0,0.0,0.0,0.0,0.0
20200415,2,21대국회의원선거_지역구,전라북도,전주시덕진구,전주시병,232210,158408,156093,2315,104039,0.0,0.0,0.0,0.0,0.0,2032.0,0.0,0.0,0.0,0.0,0.0,50022.0,0.0,0.0,0.0,0.0,0.0,0.0,0.0,0.0,0.0
20200415,2,21대국회의원선거_지역구,전라북도,군산시,군산시,225593,151665,149972,1693,88857,5319.0,0.0,0.0,0.0,0.0,714.0,0.0,0.0,0.0,55082.0,0.0,0.0,0.0,0.0,0.0,0.0,0.0,0.0,0.0,0.0,0.0
20200415,2,21대국회의원선거_지역구,전라북도,익산시,익산시갑,118769,75250,74139,1111,59043,5513.0,0.0,1890.0,0.0,0.0,636.0,0.0,0.0,0.0,0.0,0.0,7057.0,0.0,0.0,0.0,0.0,0.0,0.0,0.0,0.0,0.0
20200415,2,21대국회의원선거_지역구,전라북도,익산시,익산시을,124676,79688,78492,1196,56982,0.0,0.0,0.0,0.0,0.0,490.0,0.0,0.0,0.0,1543.0,5874.0,12302.0,0.0,0.0,0.0,0.0,0.0,0.0,1301.0,0.0,0.0
20200415,2,21대국회의원선거_지역구,전라북도,정읍시,정읍시고창군,95608,62486,61195,1291,41004,0.0,0.0,0.0,0.0,0.0,0.0,0.0,0.0,0.0,0.0,0.0,20191.0,0.0,0.0,0.0,0.0,0.0,0.0,0.0,0.0,0.0
20200415,2,21대국회의원선거_지역구,전라북도,고창군,정읍시고창군,49131,32966,32073,893,24078,0.0,0.0,0.0,0.0,0.0,0.0,0.0,0.0,0.0,0.0,0.0,7995.0,0.0,0.0,0.0,0.0,0.0,0.0,0.0,0.0,0.0
20200415,2,21대국회의원선거_지역구,전라북도,남원시,남원시임실군순창군,70326,52037,51163,874,21190,0.0,0.0,0.0,0.0,0.0,0.0,0.0,0.0,0.0,663.0,1398.0,0.0,0.0,0.0,0.0,0.0,0.0,0.0,0.0,0.0,0.0
20200415,2,21대국회의원선거_지역구,전라북도,임실군,남원시임실군순창군,25325,18127,17779,348,9182,0.0,0.0,0.0,0.0,0.0,0.0,0.0,0.0,0.0,270.0,489.0,0.0,0.0,0.0,0.0,0.0,0.0,0.0,0.0,0.0,0.0
20200415,2,21대국회의원선거_지역구,전라북도,순창군,남원시임실군순창군,24821,18579,18177,402,10076,0.0,0.0,0.0,0.0,0.0,0.0,0.0,0.0,0.0,285.0,448.0,0.0,0.0,0.0,0.0,0.0,0.0,0.0,0.0,0.0,0.0
20200415,2,21대국회의원선거_지역구,전라북도,김제시,김제시부안군,74066,48983,48061,922,31224,0.0,0.0,0.0,0.0,0.0,396.0,0.0,0.0,0.0,15213.0,0.0,1228.0,0.0,0.0,0.0,0.0,0.0,0.0,0.0,0.0,0.0
20200415,2,21대국회의원선거_지역구,전라북도,부안군,김제시부안군,47303,30545,29895,650,20757,0.0,0.0,0.0,0.0,0.0,249.0,0.0,0.0,0.0,5949.0,0.0,2940.0,0.0,0.0,0.0,0.0,0.0,0.0,0.0,0.0,0.0
20200415,2,21대국회의원선거_지역구,전라북도,완주군,완주군진안군무주군장수군,78113,54010,53188,822,28573,2175.0,0.0,0.0,0.0,0.0,0.0,0.0,0.0,0.0,22440.0,0.0,0.0,0.0,0.0,0.0,0.0,0.0,0.0,0.0,0.0,0.0
20200415,2,21대국회의원선거_지역구,전라북도,진안군,완주군진안군무주군장수군,23024,17901,17350,551,11588,739.0,0.0,0.0,0.0,0.0,0.0,0.0,0.0,0.0,5023.0,0.0,0.0,0.0,0.0,0.0,0.0,0.0,0.0,0.0,0.0,0.0
20200415,2,21대국회의원선거_지역구,전라북도,무주군,완주군진안군무주군장수군,21521,15675,15374,301,8354,902.0,0.0,0.0,0.0,0.0,0.0,0.0,0.0,0.0,6118.0,0.0,0.0,0.0,0.0,0.0,0.0,0.0,0.0,0.0,0.0,0.0
20200415,2,21대국회의원선거_지역구,전라북도,장수군,완주군진안군무주군장수군,19781,14561,14269,292,8483,631.0,0.0,0.0,0.0,0.0,0.0,0.0,0.0,0.0,5155.0,0.0,0.0,0.0,0.0,0.0,0.0,0.0,0.0,0.0,0.0,0.0
20200415,2,21대국회의원선거_지역구,전라남도,목포시,목포시,189615,128688,127269,1419,62065,2554.0,0.0,0.0,0.0,0.0,0.0,0.0,0.0,0.0,0.0,15122.0,47528.0,0.0,0.0,0.0,0.0,0.0,0.0,0.0,0.0,0.0
20200415,2,21대국회의원선거_지역구,전라남도,여수시,여수시갑,118828,76613,75119,1494,48410,2846.0,0.0,0.0,0.0,0.0,735.0,0.0,0.0,0.0,23128.0,0.0,0.0,0.0,0.0,0.0,0.0,0.0,0.0,0.0,0.0,0.0
20200415,2,21대국회의원선거_지역구,전라남도,여수시,여수시을,120540,78442,77217,1225,55273,2868.0,0.0,0.0,0.0,0.0,0.0,0.0,0.0,0.0,15302.0,3774.0,0.0,0.0,0.0,0.0,0.0,0.0,0.0,0.0,0.0,0.0
20200415,2,21대국회의원선거_지역구,전라남도,순천시,순천시광양시곡성군구례군갑,192827,135649,134008,1641,78480,4058.0,0.0,5932.0,0.0,0.0,363.0,0.0,0.0,0.0,42476.0,1257.0,1058.0,0.0,0.0,0.0,0.0,0.0,0.0,384.0,0.0,0.0
20200415,2,21대국회의원선거_지역구,전라남도,광양시,순천시광양시곡성군구례군을,166390,109721,108356,1365,67346,4724.0,0.0,2757.0,0.0,0.0,422.0,0.0,0.0,0.0,1110.0,3056.0,0.0,0.0,0.0,0.0,0.0,0.0,0.0,0.0,0.0,0.0
20200415,2,21대국회의원선거_지역구,전라남도,곡성군,순천시광양시곡성군구례군을,25904,18214,17880,334,13635,802.0,0.0,351.0,0.0,0.0,102.0,0.0,0.0,0.0,205.0,704.0,0.0,0.0,0.0,0.0,0.0,0.0,0.0,0.0,0.0,0.0
20200415,2,21대국회의원선거_지역구,전라남도,구례군,순천시광양시곡성군구례군을,23328,16850,16528,322,11461,666.0,0.0,378.0,0.0,0.0,97.0,0.0,0.0,0.0,137.0,427.0,0.0,0.0,0.0,0.0,0.0,0.0,0.0,0.0,0.0,0.0
20200415,2,21대국회의원선거_지역구,전라남도,나주시,나주시화순군,96891,62737,60797,1940,45957,0.0,0.0,13860.0,0.0,0.0,980.0,0.0,0.0,0.0,0.0,0.0,0.0,0.0,0.0,0.0,0.0,0.0,0.0,0.0,0.0,0.0
20200415,2,21대국회의원선거_지역구,전라남도,화순군,나주시화순군,54477,36078,35118,960,29629,0.0,0.0,4891.0,0.0,0.0,598.0,0.0,0.0,0.0,0.0,0.0,0.0,0.0,0.0,0.0,0.0,0.0,0.0,0.0,0.0,0.0
20200415,2,21대국회의원선거_지역구,전라남도,담양군,담양군함평군영광군장성군,41649,28735,28136,599,25503,0.0,234.0,0.0,0.0,0.0,225.0,0.0,0.0,0.0,1253.0,0.0,921.0,0.0,0.0,0.0,0.0,0.0,0.0,0.0,0.0,0.0
20200415,2,21대국회의원선거_지역구,전라남도,장성군,담양군함평군영광군장성군,39878,26662,26086,576,22582,0.0,283.0,0.0,0.0,0.0,191.0,0.0,0.0,0.0,2081.0,0.0,949.0,0.0,0.0,0.0,0.0,0.0,0.0,0.0,0.0,0.0
20200415,2,21대국회의원선거_지역구,전라남도,영광군,담양군함평군영광군장성군,46569,30159,29521,638,23227,0.0,290.0,0.0,0.0,0.0,256.0,0.0,0.0,0.0,4055.0,0.0,1693.0,0.0,0.0,0.0,0.0,0.0,0.0,0.0,0.0,0.0
20200415,2,21대국회의원선거_지역구,전라남도,함평군,담양군함평군영광군장성군,29567,22495,21573,922,15003,0.0,226.0,0.0,0.0,0.0,176.0,0.0,0.0,0.0,4900.0,0.0,1268.0,0.0,0.0,0.0,0.0,0.0,0.0,0.0,0.0,0.0
20200415,2,21대국회의원선거_지역구,전라남도,고흥군,고흥군보성군장흥군강진군,58877,44680,43542,1138,27293,0.0,0.0,0.0,0.0,0.0,0.0,0.0,0.0,0.0,1330.0,0.0,14919.0,0.0,0.0,0.0,0.0,0.0,0.0,0.0,0.0,0.0
20200415,2,21대국회의원선거_지역구,전라남도,보성군,고흥군보성군장흥군강진군,37347,26471,25897,574,17025,0.0,0.0,0.0,0.0,0.0,0.0,0.0,0.0,0.0,816.0,0.0,8056.0,0.0,0.0,0.0,0.0,0.0,0.0,0.0,0.0,0.0
20200415,2,21대국회의원선거_지역구,전라남도,장흥군,고흥군보성군장흥군강진군,34098,24786,24253,533,16349,0.0,0.0,0.0,0.0,0.0,0.0,0.0,0.0,0.0,649.0,0.0,7255.0,0.0,0.0,0.0,0.0,0.0,0.0,0.0,0.0,0.0
20200415,2,21대국회의원선거_지역구,전라남도,강진군,고흥군보성군장흥군강진군,31293,22651,22155,496,12105,0.0,0.0,0.0,0.0,0.0,0.0,0.0,0.0,0.0,531.0,0.0,9519.0,0.0,0.0,0.0,0.0,0.0,0.0,0.0,0.0,0.0
20200415,2,21대국회의원선거_지역구,전라남도,완도군,해남군완도군진도군,44311,30967,30224,743,22485,0.0,0.0,0.0,0.0,0.0,413.0,0.0,0.0,0.0,0.0,0.0,7326.0,0.0,0.0,0.0,0.0,0.0,0.0,0.0,0.0,0.0
20200415,2,21대국회의원선거_지역구,전라남도,해남군,해남군완도군진도군,61477,41324,40457,867,25440,0.0,0.0,0.0,0.0,0.0,588.0,0.0,0.0,0.0,0.0,0.0,14429.0,0.0,0.0,0.0,0.0,0.0,0.0,0.0,0.0,0.0
20200415,2,21대국회의원선거_지역구,전라남도,진도군,해남군완도군진도군,27067,18107,17626,481,11688,0.0,0.0,0.0,0.0,0.0,403.0,0.0,0.0,0.0,0.0,0.0,5535.0,0.0,0.0,0.0,0.0,0.0,0.0,0.0,0.0,0.0
20200415,2,21대국회의원선거_지역구,전라남도,영암군,영암군무안군신안군,46989,30009,29343,666,23127,1269.0,0.0,0.0,0.0,0.0,0.0,0.0,0.0,0.0,0.0,0.0,4947.0,0.0,0.0,0.0,0.0,0.0,0.0,0.0,0.0,0.0
20200415,2,21대국회의원선거_지역구,전라남도,무안군,영암군무안군신안군,67280,44668,43696,972,32786,1441.0,0.0,0.0,0.0,0.0,0.0,0.0,0.0,0.0,0.0,0.0,9469.0,0.0,0.0,0.0,0.0,0.0,0.0,0.0,0.0,0.0
20200415,2,21대국회의원선거_지역구,전라남도,신안군,영암군무안군신안군,36717,24580,23966,614,18748,799.0,0.0,0.0,0.0,0.0,0.0,0.0,0.0,0.0,0.0,0.0,4419.0,0.0,0.0,0.0,0.0,0.0,0.0,0.0,0.0,0.0
20200415,2,21대국회의원선거_지역구,경상북도,포항시북구,포항시북구,229712,154613,152677,1936,47924,98905.0,0.0,0.0,0.0,0.0,1290.0,0.0,0.0,0.0,0.0,4558.0,0.0,0.0,0.0,0.0,0.0,0.0,0.0,0.0,0.0,0.0
20200415,2,21대국회의원선거_지역구,경상북도,포항시남구,포항시남구울릉군,198012,130074,128133,1941,44257,71340.0,0.0,1310.0,0.0,0.0,770.0,0.0,0.0,0.0,10456.0,0.0,0.0,0.0,0.0,0.0,0.0,0.0,0.0,0.0,0.0,0.0
20200415,2,21대국회의원선거_지역구,경상북도,울릉군,포항시남구울릉군,8608,5904,5833,71,1711,3454.0,0.0,35.0,0.0,0.0,55.0,0.0,0.0,0.0,578.0,0.0,0.0,0.0,0.0,0.0,0.0,0.0,0.0,0.0,0.0,0.0
20200415,2,21대국회의원선거_지역구,경상북도,경주시,경주시,221512,148761,146373,2388,21560,77102.0,0.0,0.0,0.0,0.0,828.0,0.0,0.0,0.0,29076.0,16937.0,870.0,0.0,0.0,0.0,0.0,0.0,0.0,0.0,0.0,0.0
20200415,2,21대국회의원선거_지역구,경상북도,김천시,김천시,120702,81909,80505,1404,16914,59993.0,0.0,0.0,0.0,0.0,919.0,0.0,0.0,0.0,1753.0,0.0,0.0,0.0,0.0,0.0,0.0,0.0,0.0,0.0,0.0,0.0
20200415,2,21대국회의원선거_지역구,경상북도,안동시,안동시예천군,137615,94479,92893,1586,25325,40094.0,705.0,0.0,0.0,0.0,703.0,0.0,0.0,0.0,21269.0,0.0,0.0,0.0,0.0,0.0,0.0,0.0,0.0,0.0,0.0,0.0
20200415,2,21대국회의원선거_지역구,경상북도,예천군,안동시예천군,47268,31180,30621,559,6968,18089.0,353.0,0.0,0.0,0.0,241.0,0.0,0.0,0.0,3830.0,0.0,0.0,0.0,0.0,0.0,0.0,0.0,0.0,0.0,0.0,0.0
20200415,2,21대국회의원선거_지역구,경상북도,구미시,구미시갑,177679,113587,111834,1753,35324,73339.0,2075.0,0.0,0.0,0.0,1096.0,0.0,0.0,0.0,0.0,0.0,0.0,0.0,0.0,0.0,0.0,0.0,0.0,0.0,0.0,0.0
20200415,2,21대국회의원선거_지역구,경상북도,구미시,구미시을,162426,98212,96495,1717,34442,54457.0,0.0,0.0,0.0,0.0,828.0,0.0,0.0,0.0,6768.0,0.0,0.0,0.0,0.0,0.0,0.0,0.0,0.0,0.0,0.0,0.0
20200415,2,21대국회의원선거_지역구,경상북도,영주시,영주시영양군봉화군울진군,91153,62390,61421,969,14734,28625.0,0.0,0.0,0.0,0.0,725.0,0.0,0.0,0.0,17337.0,0.0,0.0,0.0,0.0,0.0,0.0,0.0,0.0,0.0,0.0,0.0
20200415,2,21대국회의원선거_지역구,경상북도,영양군,영주시영양군봉화군울진군,15371,11156,10942,214,1964,6866.0,0.0,0.0,0.0,0.0,124.0,0.0,0.0,0.0,1988.0,0.0,0.0,0.0,0.0,0.0,0.0,0.0,0.0,0.0,0.0,0.0
20200415,2,21대국회의원선거_지역구,경상북도,봉화군,영주시영양군봉화군울진군,28998,20668,20300,368,3776,11718.0,0.0,0.0,0.0,0.0,312.0,0.0,0.0,0.0,4494.0,0.0,0.0,0.0,0.0,0.0,0.0,0.0,0.0,0.0,0.0,0.0
20200415,2,21대국회의원선거_지역구,경상북도,울진군,영주시영양군봉화군울진군,43086,29937,29176,761,5209,20817.0,0.0,0.0,0.0,0.0,378.0,0.0,0.0,0.0,2772.0,0.0,0.0,0.0,0.0,0.0,0.0,0.0,0.0,0.0,0.0,0.0
20200415,2,21대국회의원선거_지역구,경상북도,영천시,영천시청도군,90652,62162,61258,904,14918,37315.0,0.0,0.0,0.0,0.0,634.0,0.0,0.0,0.0,8391.0,0.0,0.0,0.0,0.0,0.0,0.0,0.0,0.0,0.0,0.0,0.0
20200415,2,21대국회의원선거_지역구,경상북도,청도군,영천시청도군,39348,28329,27832,497,5184,20265.0,0.0,0.0,0.0,0.0,237.0,0.0,0.0,0.0,2146.0,0.0,0.0,0.0,0.0,0.0,0.0,0.0,0.0,0.0,0.0,0.0
20200415,2,21대국회의원선거_지역구,경상북도,상주시,상주시문경시,87635,61158,59691,1467,11769,42164.0,0.0,0.0,0.0,0.0,680.0,0.0,0.0,0.0,5078.0,0.0,0.0,0.0,0.0,0.0,0.0,0.0,0.0,0.0,0.0,0.0
20200415,2,21대국회의원선거_지역구,경상북도,문경시,상주시문경시,63102,42331,41478,853,6513,23394.0,0.0,0.0,0.0,0.0,522.0,0.0,0.0,0.0,11049.0,0.0,0.0,0.0,0.0,0.0,0.0,0.0,0.0,0.0,0.0,0.0
20200415,2,21대국회의원선거_지역구,경상북도,경산시,경산시,224371,141092,139095,1997,37810,88684.0,0.0,2673.0,0.0,0.0,1224.0,0.0,0.0,0.0,8704.0,0.0,0.0,0.0,0.0,0.0,0.0,0.0,0.0,0.0,0.0,0.0
20200415,2,21대국회의원선거_지역구,경상북도,군위군,군위군의성군청송군영덕군,22147,16518,16207,311,2623,13213.0,0.0,0.0,0.0,0.0,371.0,0.0,0.0,0.0,0.0,0.0,0.0,0.0,0.0,0.0,0.0,0.0,0.0,0.0,0.0,0.0
20200415,2,21대국회의원선거_지역구,경상북도,의성군,군위군의성군청송군영덕군,48524,35889,35205,684,5769,28789.0,0.0,0.0,0.0,0.0,647.0,0.0,0.0,0.0,0.0,0.0,0.0,0.0,0.0,0.0,0.0,0.0,0.0,0.0,0.0,0.0
20200415,2,21대국회의원선거_지역구,경상북도,청송군,군위군의성군청송군영덕군,23391,16560,16233,327,3424,12534.0,0.0,0.0,0.0,0.0,275.0,0.0,0.0,0.0,0.0,0.0,0.0,0.0,0.0,0.0,0.0,0.0,0.0,0.0,0.0,0.0
20200415,2,21대국회의원선거_지역구,경상북도,영덕군,군위군의성군청송군영덕군,33560,22984,22551,433,5253,16996.0,0.0,0.0,0.0,0.0,302.0,0.0,0.0,0.0,0.0,0.0,0.0,0.0,0.0,0.0,0.0,0.0,0.0,0.0,0.0,0.0
20200415,2,21대국회의원선거_지역구,경상북도,고령군,고령군성주군칠곡군,28891,19452,19073,379,3282,13112.0,0.0,0.0,0.0,0.0,212.0,0.0,0.0,0.0,2467.0,0.0,0.0,0.0,0.0,0.0,0.0,0.0,0.0,0.0,0.0,0.0
20200415,2,21대국회의원선거_지역구,경상북도,성주군,고령군성주군칠곡군,39925,27228,26717,511,4941,16986.0,0.0,0.0,0.0,0.0,251.0,0.0,0.0,0.0,4539.0,0.0,0.0,0.0,0.0,0.0,0.0,0.0,0.0,0.0,0.0,0.0
20200415,2,21대국회의원선거_지역구,경상북도,칠곡군,고령군성주군칠곡군,96828,59069,58236,833,16765,35138.0,0.0,0.0,0.0,0.0,612.0,0.0,0.0,0.0,5721.0,0.0,0.0,0.0,0.0,0.0,0.0,0.0,0.0,0.0,0.0,0.0
20200415,2,21대국회의원선거_지역구,경상남도,창원시의창구,창원시의창구,221849,152046,150248,1798,55153,88718.0,0.0,3570.0,0.0,0.0,1244.0,0.0,0.0,0.0,0.0,0.0,1563.0,0.0,0.0,0.0,0.0,0.0,0.0,0.0,0.0,0.0
20200415,2,21대국회의원선거_지역구,경상남도,창원시성산구,창원시성산구,182830,131968,130600,1368,20662,61782.0,0.0,1330.0,0.0,0.0,723.0,0.0,0.0,0.0,0.0,45567.0,536.0,0.0,0.0,0.0,0.0,0.0,0.0,0.0,0.0,0.0
20200415,2,21대국회의원선거_지역구,경상남도,창원시마산합포구,창원시마산합포구,152336,104034,102761,1273,35124,64706.0,0.0,0.0,0.0,0.0,992.0,0.0,0.0,0.0,1939.0,0.0,0.0,0.0,0.0,0.0,0.0,0.0,0.0,0.0,0.0,0.0
20200415,2,21대국회의원선거_지역구,경상남도,창원시마산회원구,창원시마산회원구,164936,115805,114454,1351,48018,64581.0,851.0,0.0,0.0,0.0,1004.0,0.0,0.0,0.0,0.0,0.0,0.0,0.0,0.0,0.0,0.0,0.0,0.0,0.0,0.0,0.0
20200415,2,21대국회의원선거_지역구,경상남도,창원시진해구,창원시진해구,155692,105737,103542,2195,50595,52000.0,0.0,0.0,0.0,0.0,947.0,0.0,0.0,0.0,0.0,0.0,0.0,0.0,0.0,0.0,0.0,0.0,0.0,0.0,0.0,0.0
20200415,2,21대국회의원선거_지역구,경상남도,진주시,진주시갑,160833,111197,109781,1416,42241,60112.0,0.0,1503.0,0.0,0.0,614.0,0.0,0.0,0.0,2815.0,0.0,0.0,0.0,0.0,0.0,0.0,0.0,0.0,0.0,0.0,0.0
20200415,2,21대국회의원선거_지역구,경상남도,진주시,진주시을,129775,86523,85074,1449,28779,50217.0,670.0,0.0,0.0,0.0,690.0,0.0,0.0,0.0,4718.0,0.0,0.0,0.0,0.0,0.0,0.0,0.0,0.0,0.0,0.0,0.0
20200415,2,21대국회의원선거_지역구,경상남도,통영시,통영시고성군,109768,73732,72638,1094,29939,40561.0,1329.0,0.0,0.0,0.0,809.0,0.0,0.0,0.0,0.0,0.0,0.0,0.0,0.0,0.0,0.0,0.0,0.0,0.0,0.0,0.0
20200415,2,21대국회의원선거_지역구,경상남도,고성군,통영시고성군,45880,31352,30732,620,10296,19753.0,374.0,0.0,0.0,0.0,309.0,0.0,0.0,0.0,0.0,0.0,0.0,0.0,0.0,0.0,0.0,0.0,0.0,0.0,0.0,0.0
20200415,2,21대국회의원선거_지역구,경상남도,사천시,사천시남해군하동군,94821,63497,62472,1025,25530,34981.0,0.0,0.0,0.0,0.0,514.0,0.0,0.0,0.0,1447.0,0.0,0.0,0.0,0.0,0.0,0.0,0.0,0.0,0.0,0.0,0.0
20200415,2,21대국회의원선거_지역구,경상남도,하동군,사천시남해군하동군,41667,30787,30062,725,11460,17718.0,0.0,0.0,0.0,0.0,428.0,0.0,0.0,0.0,456.0,0.0,0.0,0.0,0.0,0.0,0.0,0.0,0.0,0.0,0.0,0.0
20200415,2,21대국회의원선거_지역구,경상남도,남해군,사천시남해군하동군,39430,28232,27649,583,8222,18921.0,0.0,0.0,0.0,0.0,233.0,0.0,0.0,0.0,273.0,0.0,0.0,0.0,0.0,0.0,0.0,0.0,0.0,0.0,0.0,0.0
20200415,2,21대국회의원선거_지역구,경상남도,김해시,김해시갑,219863,139008,137266,1742,70094,61890.0,0.0,0.0,0.0,0.0,1347.0,0.0,0.0,0.0,0.0,3935.0,0.0,0.0,0.0,0.0,0.0,0.0,0.0,0.0,0.0,0.0
20200415,2,21대국회의원선거_지역구,경상남도,김해시,김해시을,223167,145744,144200,1544,71634,60003.0,0.0,0.0,0.0,0.0,788.0,0.0,0.0,0.0,4503.0,7272.0,0.0,0.0,0.0,0.0,0.0,0.0,0.0,0.0,0.0,0.0
20200415,2,21대국회의원선거_지역구,경상남도,밀양시,밀양시의령군함안군창녕군,93329,61581,60635,946,18813,40844.0,0.0,0.0,0.0,0.0,978.0,0.0,0.0,0.0,0.0,0.0,0.0,0.0,0.0,0.0,0.0,0.0,0.0,0.0,0.0,0.0
20200415,2,21대국회의원선거_지역구,경상남도,의령군,밀양시의령군함안군창녕군,24740,17376,16876,500,4710,11747.0,0.0,0.0,0.0,0.0,419.0,0.0,0.0,0.0,0.0,0.0,0.0,0.0,0.0,0.0,0.0,0.0,0.0,0.0,0.0,0.0
20200415,2,21대국회의원선거_지역구,경상남도,함안군,밀양시의령군함안군창녕군,55881,36770,36109,661,12560,22931.0,0.0,0.0,0.0,0.0,618.0,0.0,0.0,0.0,0.0,0.0,0.0,0.0,0.0,0.0,0.0,0.0,0.0,0.0,0.0,0.0
20200415,2,21대국회의원선거_지역구,경상남도,창녕군,밀양시의령군함안군창녕군,55177,37340,36685,655,9415,26688.0,0.0,0.0,0.0,0.0,582.0,0.0,0.0,0.0,0.0,0.0,0.0,0.0,0.0,0.0,0.0,0.0,0.0,0.0,0.0,0.0
20200415,2,21대국회의원선거_지역구,경상남도,거제시,거제시,197349,130531,129183,1348,49136,65746.0,429.0,0.0,0.0,0.0,1057.0,0.0,0.0,0.0,10952.0,0.0,0.0,0.0,0.0,0.0,0.0,0.0,0.0,0.0,0.0,0.0
20200415,2,21대국회의원선거_지역구,경상남도,양산시,양산시갑,153416,101497,100529,968,42260,57301.0,0.0,0.0,0.0,0.0,968.0,0.0,0.0,0.0,0.0,0.0,0.0,0.0,0.0,0.0,0.0,0.0,0.0,0.0,0.0,0.0
20200415,2,21대국회의원선거_지역구,경상남도,양산시,양산시을,135524,91238,90335,903,44218,42695.0,0.0,0.0,0.0,0.0,756.0,0.0,0.0,0.0,0.0,2666.0,0.0,0.0,0.0,0.0,0.0,0.0,0.0,0.0,0.0,0.0
20200415,2,21대국회의원선거_지역구,경상남도,함양군,산청군함양군거창군합천군,35175,25500,25019,481,5660,7843.0,154.0,310.0,0.0,0.0,274.0,0.0,0.0,0.0,10635.0,0.0,143.0,0.0,0.0,0.0,0.0,0.0,0.0,0.0,0.0,0.0
20200415,2,21대국회의원선거_지역구,경상남도,산청군,산청군함양군거창군합천군,32103,23297,22815,482,4602,8411.0,118.0,160.0,0.0,0.0,230.0,0.0,0.0,0.0,9136.0,0.0,158.0,0.0,0.0,0.0,0.0,0.0,0.0,0.0,0.0,0.0
20200415,2,21대국회의원선거_지역구,경상남도,거창군,산청군함양군거창군합천군,53599,38976,38307,669,6373,13147.0,243.0,228.0,0.0,0.0,390.0,0.0,0.0,0.0,17755.0,0.0,171.0,0.0,0.0,0.0,0.0,0.0,0.0,0.0,0.0,0.0
20200415,2,21대국회의원선거_지역구,경상남도,합천군,산청군함양군거창군합천군,41197,29891,29198,693,4063,12660.0,204.0,170.0,0.0,0.0,337.0,0.0,0.0,0.0,11597.0,0.0,167.0,0.0,0.0,0.0,0.0,0.0,0.0,0.0,0.0,0.0
20200415,2,21대국회의원선거_지역구,제주특별자치도,제주시,제주시갑,208660,128031,126540,1491,61626,46909.0,773.0,0.0,0.0,0.0,0.0,0.0,0.0,0.0,547.0,9260.0,0.0,0.0,0.0,0.0,0.0,0.0,0.0,0.0,0.0,0.0
20200415,2,21대국회의원선거_지역구,제주특별자치도,제주시,제주시을,191862,122883,121412,1471,67206,49862.0,0.0,3244.0,0.0,0.0,627.0,0.0,0.0,473.0,0.0,0.0,0.0,0.0,0.0,0.0,0.0,0.0,0.0,0.0,0.0,0.0
20200415,2,21대국회의원선거_지역구,제주특별자치도,서귀포시,서귀포시,152676,97530,96143,1387,53345,41689.0,0.0,0.0,0.0,0.0,1109.0,0.0,0.0,0.0,0.0,0.0,0.0,0.0,0.0,0.0,0.0,0.0,0.0,0.0,0.0,0.0
