sg_id,sg_typecode,election_name,sido,sigungu,sgg_name,total_voters,total_voted,valid_votes,invalid_votes,party_더불어민주당,party_국민의힘,party_정의당,party_기본소득당,party_녹색당,party_독도당,party_진보당,party_통일한국당,party_한류연합당
20220601,8,8회지방선거_광역의원비례,서울특별시,종로구,서울특별시,129816,70639,70053,586,28921,36605,3450,170,610.0,35.0,178.0,39.0,45.0
20220601,8,8회지방선거_광역의원비례,서울특별시,중구,서울특별시,112039,60315,59710,605,25028,31924,2261,100,167.0,37.0,135.0,39.0,19.0
20220601,8,8회지방선거_광역의원비례,서울특별시,용산구,서울특별시,199061,104770,103915,855,36114,61630,4635,238,928.0,62.0,195.0,69.0,44.0
20220601,8,8회지방선거_광역의원비례,서울특별시,성동구,서울특별시,251990,139755,138372,1383,56117,75209,5903,274,327.0,107.0,304.0,73.0,58.0
20220601,8,8회지방선거_광역의원비례,서울특별시,광진구,서울특별시,305462,156989,155523,1466,66403,81566,6248,376,386.0,108.0,295.0,88.0,53.0
20220601,8,8회지방선거_광역의원비례,서울특별시,동대문구,서울특별시,302024,156947,155048,1899,65611,81574,6125,323,313.0,119.0,787.0,102.0,94.0
20220601,8,8회지방선거_광역의원비례,서울특별시,중랑구,서울특별시,348762,177680,176077,1603,81241,87489,5689,272,692.0,137.0,382.0,91.0,84.0
20220601,8,8회지방선거_광역의원비례,서울특별시,성북구,서울특별시,379123,202197,199577,2620,89109,99638,8741,417,568.0,155.0,741.0,123.0,85.0
20220601,8,8회지방선거_광역의원비례,서울특별시,강북구,서울특별시,268130,133368,132002,1366,61886,64376,4405,292,274.0,113.0,468.0,115.0,73.0
20220601,8,8회지방선거_광역의원비례,서울특별시,도봉구,서울특별시,280913,148546,147202,1344,65079,76007,4895,296,272.0,105.0,407.0,76.0,65.0
20220601,8,8회지방선거_광역의원비례,서울특별시,노원구,서울특별시,441748,245086,242734,2352,105274,121290,13130,472,465.0,159.0,1679.0,145.0,120.0
20220601,8,8회지방선거_광역의원비례,서울특별시,은평구,서울특별시,418387,215937,214005,1932,98827,103436,8931,533,1375.0,152.0,529.0,125.0,97.0
20220601,8,8회지방선거_광역의원비례,서울특별시,서대문구,서울특별시,271718,146945,145638,1307,63144,73613,6652,364,969.0,88.0,640.0,105.0,63.0
20220601,8,8회지방선거_광역의원비례,서울특별시,마포구,서울특별시,324528,174994,173671,1323,72249,88515,10201,443,1600.0,94.0,427.0,88.0,54.0
20220601,8,8회지방선거_광역의원비례,서울특별시,양천구,서울특별시,378444,209676,208286,1390,86707,112853,7250,379,371.0,146.0,399.0,97.0,84.0
20220601,8,8회지방선거_광역의원비례,서울특별시,강서구,서울특별시,504606,260902,258316,2586,114067,130979,10765,536,557.0,192.0,972.0,143.0,105.0
20220601,8,8회지방선거_광역의원비례,서울특별시,구로구,서울특별시,353697,188070,186401,1669,81272,95028,7791,409,328.0,149.0,1218.0,123.0,83.0
20220601,8,8회지방선거_광역의원비례,서울특별시,금천구,서울특별시,212879,105819,104553,1266,48986,50846,3738,266,218.0,94.0,294.0,71.0,40.0
20220601,8,8회지방선거_광역의원비례,서울특별시,영등포구,서울특별시,340017,181080,179533,1547,72110,97937,7823,391,451.0,131.0,487.0,121.0,82.0
20220601,8,8회지방선거_광역의원비례,서울특별시,동작구,서울특별시,344280,187352,185880,1472,77202,98608,8390,439,468.0,143.0,444.0,99.0,87.0
20220601,8,8회지방선거_광역의원비례,서울특별시,관악구,서울특별시,450180,226760,224628,2132,104328,106468,11128,564,1199.0,173.0,559.0,114.0,95.0
20220601,8,8회지방선거_광역의원비례,서울특별시,서초구,서울특별시,342589,191827,190754,1073,53095,131110,5329,285,453.0,97.0,281.0,65.0,39.0
20220601,8,8회지방선거_광역의원비례,서울특별시,강남구,서울특별시,450895,241459,240254,1205,61839,171063,5821,305,751.0,91.0,239.0,79.0,66.0
20220601,8,8회지방선거_광역의원비례,서울특별시,송파구,서울특별시,569507,313235,311228,2007,111022,188134,9907,461,578.0,157.0,744.0,130.0,95.0
20220601,8,8회지방선거_광역의원비례,서울특별시,강동구,서울특별시,397544,214049,212309,1740,84005,118503,8191,422,386.0,130.0,454.0,120.0,98.0
20220601,8,8회지방선거_광역의원비례,부산광역시,중구,부산광역시,38236,19125,18832,293,6040,12159,465,49,0.0,0.0,94.0,0.0,25.0
20220601,8,8회지방선거_광역의원비례,부산광역시,서구,부산광역시,93426,47042,45996,1046,14267,29964,1228,249,0.0,0.0,207.0,0.0,81.0
20220601,8,8회지방선거_광역의원비례,부산광역시,동구,부산광역시,80869,40825,39908,917,12885,25689,955,116,0.0,0.0,197.0,0.0,66.0
20220601,8,8회지방선거_광역의원비례,부산광역시,영도구,부산광역시,99395,50227,48442,1785,17876,28811,1088,143,0.0,0.0,463.0,0.0,61.0
20220601,8,8회지방선거_광역의원비례,부산광역시,부산진구,부산광역시,313025,149106,147100,2006,49634,92389,3696,435,0.0,0.0,785.0,0.0,161.0
20220601,8,8회지방선거_광역의원비례,부산광역시,동래구,부산광역시,234034,116790,115307,1483,36637,73939,3529,366,0.0,0.0,696.0,0.0,140.0
20220601,8,8회지방선거_광역의원비례,부산광역시,남구,부산광역시,227019,118489,116997,1492,39775,72905,3081,305,0.0,0.0,832.0,0.0,99.0
20220601,8,8회지방선거_광역의원비례,부산광역시,북구,부산광역시,245787,125970,124461,1509,44720,75316,3298,291,0.0,0.0,677.0,0.0,159.0
20220601,8,8회지방선거_광역의원비례,부산광역시,해운대구,부산광역시,337958,164719,162578,2141,51596,105573,4014,439,0.0,0.0,815.0,0.0,141.0
20220601,8,8회지방선거_광역의원비례,부산광역시,기장군,부산광역시,143871,64245,62640,1605,21451,38759,1734,242,0.0,0.0,388.0,0.0,66.0
20220601,8,8회지방선거_광역의원비례,부산광역시,사하구,부산광역시,268863,126514,124072,2442,42750,77004,3220,350,0.0,0.0,601.0,0.0,147.0
20220601,8,8회지방선거_광역의원비례,부산광역시,금정구,부산광역시,200445,102859,101392,1467,31612,66001,2644,314,0.0,0.0,735.0,0.0,86.0
20220601,8,8회지방선거_광역의원비례,부산광역시,강서구,부산광역시,112859,51485,50663,822,18995,29935,1334,144,0.0,0.0,208.0,0.0,47.0
20220601,8,8회지방선거_광역의원비례,부산광역시,연제구,부산광역시,180173,92055,90454,1601,29832,56842,2490,300,0.0,0.0,908.0,0.0,82.0
20220601,8,8회지방선거_광역의원비례,부산광역시,수영구,부산광역시,156247,74908,74012,896,22587,48777,2093,212,0.0,0.0,288.0,0.0,55.0
20220601,8,8회지방선거_광역의원비례,부산광역시,사상구,부산광역시,184625,87668,86163,1505,29704,53644,2106,262,0.0,0.0,352.0,0.0,95.0
20220601,8,8회지방선거_광역의원비례,대구광역시,중구,대구광역시,68825,29533,28739,794,5857,21723,820,114,116.0,0.0,109.0,0.0,0.0
20220601,8,8회지방선거_광역의원비례,대구광역시,동구,대구광역시,297073,130980,127688,3292,25149,97352,3646,461,596.0,0.0,484.0,0.0,0.0
20220601,8,8회지방선거_광역의원비례,대구광역시,서구,대구광역시,148238,66432,65276,1156,9397,53512,1586,356,175.0,0.0,250.0,0.0,0.0
20220601,8,8회지방선거_광역의원비례,대구광역시,남구,대구광역시,129053,54690,53863,827,9156,42699,1408,240,172.0,0.0,188.0,0.0,0.0
20220601,8,8회지방선거_광역의원비례,대구광역시,북구,대구광역시,373423,160395,157697,2698,31781,119292,5062,649,445.0,0.0,468.0,0.0,0.0
20220601,8,8회지방선거_광역의원비례,대구광역시,수성구,대구광역시,349048,157495,155457,2038,31215,118019,4769,477,503.0,0.0,474.0,0.0,0.0
20220601,8,8회지방선거_광역의원비례,대구광역시,달서구,대구광역시,464339,192181,189279,2902,36947,145301,5220,709,532.0,0.0,570.0,0.0,0.0
20220601,8,8회지방선거_광역의원비례,대구광역시,달성군,대구광역시,214580,91324,89808,1516,17426,68612,2636,392,229.0,0.0,513.0,0.0,0.0
20220601,8,8회지방선거_광역의원비례,인천광역시,중구,인천광역시,124974,57357,55797,1560,23959,29506,1918,186,0.0,0.0,228.0,0.0,0.0
20220601,8,8회지방선거_광역의원비례,인천광역시,동구,인천광역시,52728,28940,27696,1244,11252,14700,1475,132,0.0,0.0,137.0,0.0,0.0
20220601,8,8회지방선거_광역의원비례,인천광역시,미추홀구,인천광역시,358612,160318,158106,2212,65306,85197,6434,579,0.0,0.0,590.0,0.0,0.0
20220601,8,8회지방선거_광역의원비례,인천광역시,연수구,인천광역시,317883,164253,162755,1498,64063,88371,9364,417,0.0,0.0,540.0,0.0,0.0
20220601,8,8회지방선거_광역의원비례,인천광역시,남동구,인천광역시,441226,212051,207899,4152,91723,104821,9572,672,0.0,0.0,1111.0,0.0,0.0
20220601,8,8회지방선거_광역의원비례,인천광역시,부평구,인천광역시,426463,202578,199597,2981,91805,98023,8215,619,0.0,0.0,935.0,0.0,0.0
20220601,8,8회지방선거_광역의원비례,인천광역시,계양구,인천광역시,258156,144676,142588,2088,70660,65139,5772,417,0.0,0.0,600.0,0.0,0.0
20220601,8,8회지방선거_광역의원비례,인천광역시,서구,인천광역시,472254,218327,213107,5220,98522,104748,8230,651,0.0,0.0,956.0,0.0,0.0
20220601,8,8회지방선거_광역의원비례,인천광역시,강화군,인천광역시,63147,39086,37521,1565,12063,23821,1044,290,0.0,0.0,303.0,0.0,0.0
20220601,8,8회지방선거_광역의원비례,인천광역시,옹진군,인천광역시,18895,12693,12209,484,4018,7728,291,95,0.0,0.0,77.0,0.0,0.0
20220601,8,8회지방선거_광역의원비례,광주광역시,동구,광주광역시,90255,38373,37564,809,25333,6404,3207,210,0.0,0.0,2410.0,0.0,0.0
20220601,8,8회지방선거_광역의원비례,광주광역시,서구,광주광역시,246841,97926,96048,1878,64615,13455,10406,552,0.0,0.0,7020.0,0.0,0.0
20220601,8,8회지방선거_광역의원비례,광주광역시,남구,광주광역시,180158,71498,70108,1390,49132,10518,5971,366,0.0,0.0,4121.0,0.0,0.0
20220601,8,8회지방선거_광역의원비례,광주광역시,북구,광주광역시,363222,137856,133787,4069,93941,18623,11571,810,0.0,0.0,8842.0,0.0,0.0
20220601,8,8회지방선거_광역의원비례,광주광역시,광산구,광주광역시,326410,108831,106571,2260,71777,13669,10865,729,0.0,0.0,9531.0,0.0,0.0
20220601,8,8회지방선거_광역의원비례,대전광역시,동구,대전광역시,191882,94035,92573,1462,38565,50295,2626,310,258.0,0.0,519.0,0.0,0.0
20220601,8,8회지방선거_광역의원비례,대전광역시,중구,대전광역시,199894,100331,98976,1355,39909,55017,2843,289,306.0,0.0,612.0,0.0,0.0
20220601,8,8회지방선거_광역의원비례,대전광역시,서구,대전광역시,399035,192506,190488,2018,80040,100499,7517,560,676.0,0.0,1196.0,0.0,0.0
20220601,8,8회지방선거_광역의원비례,대전광역시,유성구,대전광역시,289980,149543,147844,1699,65021,73054,7344,502,706.0,0.0,1217.0,0.0,0.0
20220601,8,8회지방선거_광역의원비례,대전광역시,대덕구,대전광역시,152766,76116,75118,998,31786,39959,2255,214,259.0,0.0,645.0,0.0,0.0
20220601,8,8회지방선거_광역의원비례,울산광역시,중구,울산광역시,181055,98382,97172,1210,32144,59643,3456,409,0.0,0.0,1520.0,0.0,0.0
20220601,8,8회지방선거_광역의원비례,울산광역시,남구,울산광역시,267930,134749,133283,1466,43168,83060,4959,557,0.0,0.0,1539.0,0.0,0.0
20220601,8,8회지방선거_광역의원비례,울산광역시,동구,울산광역시,127369,70815,68700,2115,23280,34561,2775,641,0.0,0.0,7443.0,0.0,0.0
20220601,8,8회지방선거_광역의원비례,울산광역시,북구,울산광역시,175784,88507,86606,1901,34755,43354,5234,387,0.0,0.0,2876.0,0.0,0.0
20220601,8,8회지방선거_광역의원비례,울산광역시,울주군,울산광역시,189051,99378,97385,1993,33650,59135,3204,407,0.0,0.0,989.0,0.0,0.0
20220601,8,8회지방선거_광역의원비례,세종특별자치시,세종특별자치시,세종특별자치시,292259,149743,147882,1861,67727,71729,7373,1053,0.0,0.0,0.0,0.0,0.0
20220601,8,8회지방선거_광역의원비례,경기도,수원시장안구,경기도,199204,106076,104845,1231,48342,51040,4325,258,250.0,0.0,630.0,0.0,0.0
20220601,8,8회지방선거_광역의원비례,경기도,수원시권선구,경기도,352407,173785,171243,2542,80195,82027,7037,444,398.0,0.0,1142.0,0.0,0.0
20220601,8,8회지방선거_광역의원비례,경기도,수원시팔달구,경기도,164086,79244,78130,1114,34165,39950,3231,221,235.0,0.0,328.0,0.0,0.0
20220601,8,8회지방선거_광역의원비례,경기도,수원시영통구,경기도,296856,160499,157952,2547,71495,77112,8130,352,420.0,0.0,443.0,0.0,0.0
20220601,8,8회지방선거_광역의원비례,경기도,성남시수정구,경기도,208907,106901,105638,1263,50139,50765,3321,360,221.0,0.0,832.0,0.0,0.0
20220601,8,8회지방선거_광역의원비례,경기도,성남시중원구,경기도,185468,94468,92662,1806,46110,42382,2815,239,166.0,0.0,950.0,0.0,0.0
20220601,8,8회지방선거_광역의원비례,경기도,성남시분당구,경기도,404133,250603,248217,2386,93712,143484,9391,456,671.0,0.0,503.0,0.0,0.0
20220601,8,8회지방선거_광역의원비례,경기도,의정부시,경기도,400177,187846,185475,2371,86066,91570,6089,354,331.0,0.0,1065.0,0.0,0.0
20220601,8,8회지방선거_광역의원비례,경기도,안양시만안구,경기도,208936,111021,109648,1373,51014,54288,3593,251,225.0,0.0,277.0,0.0,0.0
20220601,8,8회지방선거_광역의원비례,경기도,안양시동안구,경기도,265101,155826,154390,1436,70098,76647,6574,291,462.0,0.0,318.0,0.0,0.0
20220601,8,8회지방선거_광역의원비례,경기도,부천시,경기도,702974,347428,341828,5600,168036,156635,14641,868,686.0,0.0,962.0,0.0,0.0
20220601,8,8회지방선거_광역의원비례,경기도,광명시,경기도,247233,139579,138025,1554,67133,65045,4817,352,304.0,0.0,374.0,0.0,0.0
20220601,8,8회지방선거_광역의원비례,경기도,평택시,경기도,478356,208666,206500,2166,90703,107203,6560,537,421.0,0.0,1076.0,0.0,0.0
20220601,8,8회지방선거_광역의원비례,경기도,양주시,경기도,197751,95153,93702,1451,42477,48008,2442,208,172.0,0.0,395.0,0.0,0.0
20220601,8,8회지방선거_광역의원비례,경기도,동두천시,경기도,81074,39745,38904,841,16674,21019,825,133,66.0,0.0,187.0,0.0,0.0
20220601,8,8회지방선거_광역의원비례,경기도,안산시상록구,경기도,305390,138929,137187,1742,67733,63788,4129,460,337.0,0.0,740.0,0.0,0.0
20220601,8,8회지방선거_광역의원비례,경기도,안산시단원구,경기도,266229,121608,118996,2612,57346,56594,3829,343,236.0,0.0,648.0,0.0,0.0
20220601,8,8회지방선거_광역의원비례,경기도,고양시덕양구,경기도,461775,241011,236806,4205,107506,111512,15501,569,699.0,0.0,1019.0,0.0,0.0
20220601,8,8회지방선거_광역의원비례,경기도,고양시일산동구,경기도,229024,117245,115947,1298,50064,60335,4625,279,297.0,0.0,347.0,0.0,0.0
20220601,8,8회지방선거_광역의원비례,경기도,고양시일산서구,경기도,233891,125029,123882,1147,55737,62327,4849,306,324.0,0.0,339.0,0.0,0.0
20220601,8,8회지방선거_광역의원비례,경기도,과천시,경기도,65220,42664,42077,587,15702,23926,1900,83,373.0,0.0,93.0,0.0,0.0
20220601,8,8회지방선거_광역의원비례,경기도,의왕시,경기도,138928,80557,79429,1128,35646,40213,2819,184,359.0,0.0,208.0,0.0,0.0
20220601,8,8회지방선거_광역의원비례,경기도,구리시,경기도,164045,88167,86857,1310,39349,44180,2729,169,171.0,0.0,259.0,0.0,0.0
20220601,8,8회지방선거_광역의원비례,경기도,남양주시,경기도,610260,299250,294826,4424,137554,145899,9479,543,553.0,0.0,798.0,0.0,0.0
20220601,8,8회지방선거_광역의원비례,경기도,오산시,경기도,190375,83211,81962,1249,39217,39384,2750,187,151.0,0.0,273.0,0.0,0.0
20220601,8,8회지방선거_광역의원비례,경기도,화성시,경기도,711229,336688,330867,5821,159649,156098,12050,729,651.0,0.0,1690.0,0.0,0.0
20220601,8,8회지방선거_광역의원비례,경기도,시흥시,경기도,431352,195099,192798,2301,97864,87278,6284,451,365.0,0.0,556.0,0.0,0.0
20220601,8,8회지방선거_광역의원비례,경기도,군포시,경기도,231192,128232,127167,1065,60471,61203,4557,278,323.0,0.0,335.0,0.0,0.0
20220601,8,8회지방선거_광역의원비례,경기도,하남시,경기도,266856,139686,138325,1361,61355,71756,4404,229,236.0,0.0,345.0,0.0,0.0
20220601,8,8회지방선거_광역의원비례,경기도,파주시,경기도,403729,187089,183511,3578,85979,88778,7050,462,485.0,0.0,757.0,0.0,0.0
20220601,8,8회지방선거_광역의원비례,경기도,여주시,경기도,98333,50659,49854,805,17227,30937,1274,122,105.0,0.0,189.0,0.0,0.0
20220601,8,8회지방선거_광역의원비례,경기도,이천시,경기도,188563,88727,86603,2124,34818,48818,2257,230,150.0,0.0,330.0,0.0,0.0
20220601,8,8회지방선거_광역의원비례,경기도,용인시처인구,경기도,222743,105109,103911,1198,44310,55816,2933,247,198.0,0.0,407.0,0.0,0.0
20220601,8,8회지방선거_광역의원비례,경기도,용인시수지구,경기도,231983,135883,135021,862,55635,74233,4312,260,323.0,0.0,258.0,0.0,0.0
20220601,8,8회지방선거_광역의원비례,경기도,용인시기흥구,경기도,434819,241209,238708,2501,108354,120925,7765,444,460.0,0.0,760.0,0.0,0.0
20220601,8,8회지방선거_광역의원비례,경기도,안성시,경기도,163518,81746,80267,1479,34938,42006,2588,175,150.0,0.0,410.0,0.0,0.0
20220601,8,8회지방선거_광역의원비례,경기도,김포시,경기도,392604,195815,193216,2599,87079,99004,5791,392,330.0,0.0,620.0,0.0,0.0
20220601,8,8회지방선거_광역의원비례,경기도,광주시,경기도,329651,152111,150881,1230,68439,77086,4211,300,316.0,0.0,529.0,0.0,0.0
20220601,8,8회지방선거_광역의원비례,경기도,포천시,경기도,131980,67743,64899,2844,26047,36730,1488,217,138.0,0.0,279.0,0.0,0.0
20220601,8,8회지방선거_광역의원비례,경기도,연천군,경기도,37898,22795,22038,757,8077,13103,518,166,70.0,0.0,104.0,0.0,0.0
20220601,8,8회지방선거_광역의원비례,경기도,양평군,경기도,107165,63419,61620,1799,22769,36345,2007,147,220.0,0.0,132.0,0.0,0.0
20220601,8,8회지방선거_광역의원비례,경기도,가평군,경기도,55791,33166,32141,1025,10718,20187,813,191,110.0,0.0,122.0,0.0,0.0
20220601,8,8회지방선거_광역의원비례,강원도,춘천시,강원도,244406,137711,134384,3327,54327,71315,7136,562,0.0,0.0,1044.0,0.0,0.0
20220601,8,8회지방선거_광역의원비례,강원도,원주시,강원도,304060,157504,154112,3392,64654,82611,5243,621,0.0,0.0,983.0,0.0,0.0
20220601,8,8회지방선거_광역의원비례,강원도,강릉시,강원도,185804,101921,98501,3420,34624,59565,3283,486,0.0,0.0,543.0,0.0,0.0
20220601,8,8회지방선거_광역의원비례,강원도,동해시,강원도,76886,42042,40963,1079,14617,24671,1233,209,0.0,0.0,233.0,0.0,0.0
20220601,8,8회지방선거_광역의원비례,강원도,삼척시,강원도,57023,37546,36224,1322,12732,21988,1047,191,0.0,0.0,266.0,0.0,0.0
20220601,8,8회지방선거_광역의원비례,강원도,태백시,강원도,35236,22535,21871,664,8171,12835,617,102,0.0,0.0,146.0,0.0,0.0
20220601,8,8회지방선거_광역의원비례,강원도,정선군,강원도,32001,22082,21151,931,8706,11551,554,130,0.0,0.0,210.0,0.0,0.0
20220601,8,8회지방선거_광역의원비례,강원도,속초시,강원도,71621,37091,36109,982,13666,20945,1261,112,0.0,0.0,125.0,0.0,0.0
20220601,8,8회지방선거_광역의원비례,강원도,고성군,강원도,24776,16777,15918,859,6022,9310,400,58,0.0,0.0,128.0,0.0,0.0
20220601,8,8회지방선거_광역의원비례,강원도,양양군,강원도,25359,16672,16057,615,5661,9828,394,69,0.0,0.0,105.0,0.0,0.0
20220601,8,8회지방선거_광역의원비례,강원도,인제군,강원도,27939,18536,17811,725,7420,9741,452,92,0.0,0.0,106.0,0.0,0.0
20220601,8,8회지방선거_광역의원비례,강원도,홍천군,강원도,60743,36937,35326,1611,12671,20786,1072,235,0.0,0.0,562.0,0.0,0.0
20220601,8,8회지방선거_광역의원비례,강원도,횡성군,강원도,41777,27741,26701,1040,9710,15957,754,109,0.0,0.0,171.0,0.0,0.0
20220601,8,8회지방선거_광역의원비례,강원도,영월군,강원도,34371,22804,21928,876,7935,13071,569,210,0.0,0.0,143.0,0.0,0.0
20220601,8,8회지방선거_광역의원비례,강원도,평창군,강원도,37372,25363,24372,991,9232,14243,657,113,0.0,0.0,127.0,0.0,0.0
20220601,8,8회지방선거_광역의원비례,강원도,화천군,강원도,21055,13833,13281,552,5055,7623,402,94,0.0,0.0,107.0,0.0,0.0
20220601,8,8회지방선거_광역의원비례,강원도,양구군,강원도,18552,12802,12218,584,4529,7045,410,101,0.0,0.0,133.0,0.0,0.0
20220601,8,8회지방선거_광역의원비례,강원도,철원군,강원도,37099,22453,21255,1198,7972,12318,639,200,0.0,0.0,126.0,0.0,0.0
20220601,8,8회지방선거_광역의원비례,충청북도,청주시상당구,충청북도,163058,79601,77972,1629,30717,42790,3717,303,0.0,0.0,445.0,0.0,0.0
20220601,8,8회지방선거_광역의원비례,충청북도,청주시서원구,충청북도,165453,80303,79067,1236,31282,43372,3610,368,0.0,0.0,435.0,0.0,0.0
20220601,8,8회지방선거_광역의원비례,충청북도,청주시흥덕구,충청북도,223618,98267,96184,2083,39434,51391,4389,371,0.0,0.0,599.0,0.0,0.0
20220601,8,8회지방선거_광역의원비례,충청북도,청주시청원구,충청북도,160395,72659,71340,1319,30145,37466,3047,329,0.0,0.0,353.0,0.0,0.0
20220601,8,8회지방선거_광역의원비례,충청북도,충주시,충청북도,181044,89716,87642,2074,32198,51644,2882,478,0.0,0.0,440.0,0.0,0.0
20220601,8,8회지방선거_광역의원비례,충청북도,제천시,충청북도,115563,62795,61507,1288,22235,36524,2071,312,0.0,0.0,365.0,0.0,0.0
20220601,8,8회지방선거_광역의원비례,충청북도,단양군,충청북도,25692,17423,16758,665,5833,10293,362,108,0.0,0.0,162.0,0.0,0.0
20220601,8,8회지방선거_광역의원비례,충청북도,영동군,충청북도,41123,27148,26109,1039,9433,15622,720,160,0.0,0.0,174.0,0.0,0.0
20220601,8,8회지방선거_광역의원비례,충청북도,보은군,충청북도,28963,19543,18752,791,6542,11310,554,194,0.0,0.0,152.0,0.0,0.0
20220601,8,8회지방선거_광역의원비례,충청북도,옥천군,충청북도,44686,28843,27640,1203,10934,15277,749,251,0.0,0.0,429.0,0.0,0.0
20220601,8,8회지방선거_광역의원비례,충청북도,음성군,충청북도,81419,40610,39575,1035,16313,21715,1151,197,0.0,0.0,199.0,0.0,0.0
20220601,8,8회지방선거_광역의원비례,충청북도,진천군,충청북도,71725,34548,33305,1243,14790,17060,1012,211,0.0,0.0,232.0,0.0,0.0
20220601,8,8회지방선거_광역의원비례,충청북도,괴산군,충청북도,34674,23717,22464,1253,7714,13638,676,195,0.0,0.0,241.0,0.0,0.0
20220601,8,8회지방선거_광역의원비례,충청북도,증평군,충청북도,31366,17040,16699,341,7020,9007,457,117,0.0,0.0,98.0,0.0,0.0
20220601,8,8회지방선거_광역의원비례,충청남도,천안시서북구,충청남도,290313,122355,120778,1577,53993,61060,4706,403,231.0,0.0,385.0,0.0,0.0
20220601,8,8회지방선거_광역의원비례,충청남도,천안시동남구,충청남도,257709,109089,107516,1573,43215,59862,3576,273,186.0,0.0,404.0,0.0,0.0
20220601,8,8회지방선거_광역의원비례,충청남도,공주시,충청남도,91847,51462,49924,1538,19058,28845,1397,167,155.0,0.0,302.0,0.0,0.0
20220601,8,8회지방선거_광역의원비례,충청남도,보령시,충청남도,86264,52532,50856,1676,18375,30456,1420,184,121.0,0.0,300.0,0.0,0.0
20220601,8,8회지방선거_광역의원비례,충청남도,아산시,충청남도,268765,119323,117612,1711,51153,61388,4158,284,217.0,0.0,412.0,0.0,0.0
20220601,8,8회지방선거_광역의원비례,충청남도,서산시,충청남도,148744,72233,70650,1583,27817,39426,2772,220,126.0,0.0,289.0,0.0,0.0
20220601,8,8회지방선거_광역의원비례,충청남도,태안군,충청남도,55435,34710,32870,1840,12307,19120,1006,162,89.0,0.0,186.0,0.0,0.0
20220601,8,8회지방선거_광역의원비례,충청남도,금산군,충청남도,44747,28673,27409,1264,10620,15574,830,125,71.0,0.0,189.0,0.0,0.0
20220601,8,8회지방선거_광역의원비례,충청남도,논산시,충청남도,99942,53816,51841,1975,21159,28407,1529,146,154.0,0.0,446.0,0.0,0.0
20220601,8,8회지방선거_광역의원비례,충청남도,계룡시,충청남도,34875,19305,19002,303,7674,10632,491,39,32.0,0.0,134.0,0.0,0.0
20220601,8,8회지방선거_광역의원비례,충청남도,당진시,충청남도,140008,64866,63385,1481,24906,34905,2721,171,156.0,0.0,526.0,0.0,0.0
20220601,8,8회지방선거_광역의원비례,충청남도,부여군,충청남도,57322,36439,34820,1619,13557,19661,879,167,125.0,0.0,431.0,0.0,0.0
20220601,8,8회지방선거_광역의원비례,충청남도,서천군,충청남도,45864,29279,28056,1223,11480,15220,807,133,115.0,0.0,301.0,0.0,0.0
20220601,8,8회지방선거_광역의원비례,충청남도,홍성군,충청남도,84260,45715,44643,1072,16332,26034,1531,148,400.0,0.0,198.0,0.0,0.0
20220601,8,8회지방선거_광역의원비례,충청남도,청양군,충청남도,27932,19683,18704,979,7173,10673,493,167,75.0,0.0,123.0,0.0,0.0
20220601,8,8회지방선거_광역의원비례,충청남도,예산군,충청남도,69069,38760,37496,1264,11037,24887,971,172,97.0,0.0,332.0,0.0,0.0
20220601,8,8회지방선거_광역의원비례,전라북도,전주시완산구,전라북도,311508,125296,122985,2311,85268,22789,12433,1031,0.0,0.0,1289.0,0.0,175.0
20220601,8,8회지방선거_광역의원비례,전라북도,전주시덕진구,전라북도,238934,96926,95536,1390,64858,18474,9525,688,0.0,0.0,1856.0,0.0,135.0
20220601,8,8회지방선거_광역의원비례,전라북도,군산시,전라북도,224926,87123,85012,2111,61970,14939,6536,565,0.0,0.0,851.0,0.0,151.0
20220601,8,8회지방선거_광역의원비례,전라북도,익산시,전라북도,239077,107234,102974,4260,74858,16692,8797,656,0.0,0.0,1712.0,0.0,259.0
20220601,8,8회지방선거_광역의원비례,전라북도,정읍시,전라북도,93307,54283,52412,1871,38028,7226,5444,883,0.0,0.0,626.0,0.0,205.0
20220601,8,8회지방선거_광역의원비례,전라북도,남원시,전라북도,69007,44510,42712,1798,31848,6689,2850,550,0.0,0.0,632.0,0.0,143.0
20220601,8,8회지방선거_광역의원비례,전라북도,김제시,전라북도,72358,42666,41023,1643,30627,6504,2781,374,0.0,0.0,609.0,0.0,128.0
20220601,8,8회지방선거_광역의원비례,전라북도,완주군,전라북도,78284,41409,39984,1425,28098,6054,4016,489,0.0,0.0,1159.0,0.0,168.0
20220601,8,8회지방선거_광역의원비례,전라북도,진안군,전라북도,22634,16615,15527,1088,11401,2252,1200,223,0.0,0.0,270.0,0.0,181.0
20220601,8,8회지방선거_광역의원비례,전라북도,무주군,전라북도,21279,16263,15157,1106,10565,2878,859,461,0.0,0.0,266.0,0.0,128.0
20220601,8,8회지방선거_광역의원비례,전라북도,장수군,전라북도,19380,14589,13805,784,10356,1803,1035,303,0.0,0.0,234.0,0.0,74.0
20220601,8,8회지방선거_광역의원비례,전라북도,임실군,전라북도,24346,17636,16631,1005,12292,2190,1233,419,0.0,0.0,268.0,0.0,229.0
20220601,8,8회지방선거_광역의원비례,전라북도,순창군,전라북도,23898,18588,17771,817,12749,2527,995,490,0.0,0.0,932.0,0.0,78.0
20220601,8,8회지방선거_광역의원비례,전라북도,고창군,전라북도,47581,34659,33093,1566,25352,3728,2053,939,0.0,0.0,742.0,0.0,279.0
20220601,8,8회지방선거_광역의원비례,전라북도,부안군,전라북도,45614,27490,26592,898,20191,3803,1754,461,0.0,0.0,265.0,0.0,118.0
20220601,8,8회지방선거_광역의원비례,전라남도,목포시,전라남도,183412,96967,93637,3330,66130,10348,12802,1482,0.0,0.0,2875.0,0.0,0.0
20220601,8,8회지방선거_광역의원비례,전라남도,여수시,전라남도,236881,109130,106281,2849,83198,12221,5360,837,0.0,0.0,4665.0,0.0,0.0
20220601,8,8회지방선거_광역의원비례,전라남도,순천시,전라남도,235432,128153,125222,2931,91126,16375,8492,1285,0.0,0.0,7944.0,0.0,0.0
20220601,8,8회지방선거_광역의원비례,전라남도,나주시,전라남도,98951,53038,50929,2109,35524,6254,3721,602,0.0,0.0,4828.0,0.0,0.0
20220601,8,8회지방선거_광역의원비례,전라남도,광양시,전라남도,126604,69102,67300,1802,48115,10605,3842,498,0.0,0.0,4240.0,0.0,0.0
20220601,8,8회지방선거_광역의원비례,전라남도,담양군,전라남도,41720,26614,25656,958,18956,2807,2116,545,0.0,0.0,1232.0,0.0,0.0
20220601,8,8회지방선거_광역의원비례,전라남도,장성군,전라남도,38470,26500,25318,1182,18967,3016,1924,570,0.0,0.0,841.0,0.0,0.0
20220601,8,8회지방선거_광역의원비례,전라남도,곡성군,전라남도,25196,18644,17630,1014,12829,2184,1552,441,0.0,0.0,624.0,0.0,0.0
20220601,8,8회지방선거_광역의원비례,전라남도,구례군,전라남도,22848,17417,16416,1001,11713,2060,1002,262,0.0,0.0,1379.0,0.0,0.0
20220601,8,8회지방선거_광역의원비례,전라남도,고흥군,전라남도,57371,44654,40866,3788,31643,4714,2173,1185,0.0,0.0,1151.0,0.0,0.0
20220601,8,8회지방선거_광역의원비례,전라남도,보성군,전라남도,35731,23550,22491,1059,16416,2665,1332,511,0.0,0.0,1567.0,0.0,0.0
20220601,8,8회지방선거_광역의원비례,전라남도,화순군,전라남도,55284,32431,31406,1025,22876,3028,1978,503,0.0,0.0,3021.0,0.0,0.0
20220601,8,8회지방선거_광역의원비례,전라남도,장흥군,전라남도,32510,23256,22087,1169,16319,2214,1185,528,0.0,0.0,1841.0,0.0,0.0
20220601,8,8회지방선거_광역의원비례,전라남도,강진군,전라남도,30148,21943,20794,1149,14716,2729,1317,410,0.0,0.0,1622.0,0.0,0.0
20220601,8,8회지방선거_광역의원비례,전라남도,완도군,전라남도,42697,29794,28349,1445,22634,2587,1418,590,0.0,0.0,1120.0,0.0,0.0
20220601,8,8회지방선거_광역의원비례,전라남도,해남군,전라남도,59423,35245,33174,2071,24088,3331,2071,576,0.0,0.0,3108.0,0.0,0.0
20220601,8,8회지방선거_광역의원비례,전라남도,진도군,전라남도,26748,20410,19153,1257,14456,2159,1271,592,0.0,0.0,675.0,0.0,0.0
20220601,8,8회지방선거_광역의원비례,전라남도,영암군,전라남도,46851,28692,27212,1480,19731,3013,3086,414,0.0,0.0,968.0,0.0,0.0
20220601,8,8회지방선거_광역의원비례,전라남도,무안군,전라남도,74895,41334,39836,1498,29283,4538,4000,512,0.0,0.0,1503.0,0.0,0.0
20220601,8,8회지방선거_광역의원비례,전라남도,영광군,전라남도,45299,31817,30223,1594,22094,3452,1909,779,0.0,0.0,1989.0,0.0,0.0
20220601,8,8회지방선거_광역의원비례,전라남도,함평군,전라남도,28381,18223,17107,1116,13066,1912,1246,229,0.0,0.0,654.0,0.0,0.0
20220601,8,8회지방선거_광역의원비례,전라남도,신안군,전라남도,35246,26405,24447,1958,18858,2610,1837,404,0.0,0.0,738.0,0.0,0.0
20220601,8,8회지방선거_광역의원비례,경상북도,포항시북구,경상북도,230960,105783,102694,3089,20881,76415,4261,514,0.0,0.0,623.0,0.0,0.0
20220601,8,8회지방선거_광역의원비례,경상북도,포항시남구,경상북도,196727,90440,88259,2181,18528,65359,3279,615,0.0,0.0,478.0,0.0,0.0
20220601,8,8회지방선거_광역의원비례,경상북도,울릉군,경상북도,8339,6796,6458,338,1331,4793,205,58,0.0,0.0,71.0,0.0,0.0
20220601,8,8회지방선거_광역의원비례,경상북도,경주시,경상북도,220490,109637,106850,2787,20749,80397,3728,825,0.0,0.0,1151.0,0.0,0.0
20220601,8,8회지방선거_광역의원비례,경상북도,김천시,경상북도,120471,67275,64774,2501,12455,49160,2111,520,0.0,0.0,528.0,0.0,0.0
20220601,8,8회지방선거_광역의원비례,경상북도,안동시,경상북도,135862,74546,72514,2032,16425,52658,2270,720,0.0,0.0,441.0,0.0,0.0
20220601,8,8회지방선거_광역의원비례,경상북도,구미시,경상북도,337510,144566,142327,2239,32195,105353,3700,623,0.0,0.0,456.0,0.0,0.0
20220601,8,8회지방선거_광역의원비례,경상북도,영주시,경상북도,89061,56293,54318,1975,11620,40080,1541,596,0.0,0.0,481.0,0.0,0.0
20220601,8,8회지방선거_광역의원비례,경상북도,영천시,경상북도,90932,51699,49758,1941,9772,37733,1314,328,0.0,0.0,611.0,0.0,0.0
20220601,8,8회지방선거_광역의원비례,경상북도,상주시,경상북도,84980,54358,51924,2434,9485,39926,1245,427,0.0,0.0,841.0,0.0,0.0
20220601,8,8회지방선거_광역의원비례,경상북도,문경시,경상북도,64160,40382,38949,1433,6185,30764,1113,386,0.0,0.0,501.0,0.0,0.0
20220601,8,8회지방선거_광역의원비례,경상북도,예천군,경상북도,47561,29495,28436,1059,5587,21013,1127,392,0.0,0.0,317.0,0.0,0.0
20220601,8,8회지방선거_광역의원비례,경상북도,경산시,경상북도,230676,100051,97191,2860,18085,73760,3723,763,0.0,0.0,860.0,0.0,0.0
20220601,8,8회지방선거_광역의원비례,경상북도,청도군,경상북도,38574,27312,25387,1925,3971,19784,824,553,0.0,0.0,255.0,0.0,0.0
20220601,8,8회지방선거_광역의원비례,경상북도,고령군,경상북도,27757,17416,16818,598,2542,13241,517,289,0.0,0.0,229.0,0.0,0.0
20220601,8,8회지방선거_광역의원비례,경상북도,성주군,경상북도,39451,26634,25511,1123,3931,20024,789,479,0.0,0.0,288.0,0.0,0.0
20220601,8,8회지방선거_광역의원비례,경상북도,칠곡군,경상북도,96081,41969,41027,942,8239,31013,1205,354,0.0,0.0,216.0,0.0,0.0
20220601,8,8회지방선거_광역의원비례,경상북도,군위군,경상북도,22054,17843,16720,1123,2244,13334,580,334,0.0,0.0,228.0,0.0,0.0
20220601,8,8회지방선거_광역의원비례,경상북도,의성군,경상북도,47168,34923,32918,2005,5004,25699,903,828,0.0,0.0,484.0,0.0,0.0
20220601,8,8회지방선거_광역의원비례,경상북도,청송군,경상북도,22790,16844,16134,710,2894,12188,600,239,0.0,0.0,213.0,0.0,0.0
20220601,8,8회지방선거_광역의원비례,경상북도,영양군,경상북도,14920,11531,10851,680,2138,8074,345,174,0.0,0.0,120.0,0.0,0.0
20220601,8,8회지방선거_광역의원비례,경상북도,영덕군,경상북도,32124,21559,20367,1192,2862,16498,553,230,0.0,0.0,224.0,0.0,0.0
20220601,8,8회지방선거_광역의원비례,경상북도,봉화군,경상북도,27996,18883,18184,699,3349,13578,726,317,0.0,0.0,214.0,0.0,0.0
20220601,8,8회지방선거_광역의원비례,경상북도,울진군,경상북도,42063,28311,26988,1323,4732,20737,816,369,0.0,0.0,334.0,0.0,0.0
20220601,8,8회지방선거_광역의원비례,경상남도,창원시의창구,경상남도,185184,94811,93265,1546,29012,58226,4431,293,327.0,0.0,976.0,0.0,0.0
20220601,8,8회지방선거_광역의원비례,경상남도,창원시성산구,경상남도,212811,112809,111778,1031,37236,63183,9415,301,423.0,0.0,1220.0,0.0,0.0
20220601,8,8회지방선거_광역의원비례,경상남도,창원시마산합포구,경상남도,156850,83914,82427,1487,22385,56557,2476,222,316.0,0.0,471.0,0.0,0.0
20220601,8,8회지방선거_광역의원비례,경상남도,창원시마산회원구,경상남도,159983,85593,84600,993,24405,56123,3048,221,265.0,0.0,538.0,0.0,0.0
20220601,8,8회지방선거_광역의원비례,경상남도,창원시진해구,경상남도,159730,75200,74206,994,24119,46131,2918,246,264.0,0.0,528.0,0.0,0.0
20220601,8,8회지방선거_광역의원비례,경상남도,진주시,경상남도,292168,155165,153049,2116,42457,100950,6327,526,1316.0,0.0,1473.0,0.0,0.0
20220601,8,8회지방선거_광역의원비례,경상남도,통영시,경상남도,106064,61241,59895,1346,17386,39810,1723,331,293.0,0.0,352.0,0.0,0.0
20220601,8,8회지방선거_광역의원비례,경상남도,고성군,경상남도,44745,30306,29312,994,8260,19548,991,179,115.0,0.0,219.0,0.0,0.0
20220601,8,8회지방선거_광역의원비례,경상남도,사천시,경상남도,93946,55530,54121,1409,14028,36976,2070,363,162.0,0.0,522.0,0.0,0.0
20220601,8,8회지방선거_광역의원비례,경상남도,김해시,경상남도,444484,203354,200091,3263,81017,108160,8453,577,668.0,0.0,1216.0,0.0,0.0
20220601,8,8회지방선거_광역의원비례,경상남도,밀양시,경상남도,92419,50562,49111,1451,12416,34229,1609,274,234.0,0.0,349.0,0.0,0.0
20220601,8,8회지방선거_광역의원비례,경상남도,거제시,경상남도,193369,99262,97201,2061,37783,52717,5262,351,390.0,0.0,698.0,0.0,0.0
20220601,8,8회지방선거_광역의원비례,경상남도,의령군,경상남도,24291,18229,17317,912,3955,11615,764,317,307.0,0.0,359.0,0.0,0.0
20220601,8,8회지방선거_광역의원비례,경상남도,함안군,경상남도,54125,32070,31052,1018,8666,20517,1251,249,110.0,0.0,259.0,0.0,0.0
20220601,8,8회지방선거_광역의원비례,경상남도,창녕군,경상남도,53616,34389,33197,1192,7021,23990,1177,578,187.0,0.0,244.0,0.0,0.0
20220601,8,8회지방선거_광역의원비례,경상남도,양산시,경상남도,294411,138376,136456,1920,48961,80860,4634,440,463.0,0.0,1098.0,0.0,0.0
20220601,8,8회지방선거_광역의원비례,경상남도,하동군,경상남도,39428,29111,27671,1440,8863,16596,1177,476,252.0,0.0,307.0,0.0,0.0
20220601,8,8회지방선거_광역의원비례,경상남도,남해군,경상남도,38538,27219,26049,1170,8765,15968,924,89,85.0,0.0,218.0,0.0,0.0
20220601,8,8회지방선거_광역의원비례,경상남도,함양군,경상남도,34399,26018,24316,1702,6515,15665,1073,489,246.0,0.0,328.0,0.0,0.0
20220601,8,8회지방선거_광역의원비례,경상남도,산청군,경상남도,31488,21928,21056,872,4878,14326,905,212,451.0,0.0,284.0,0.0,0.0
20220601,8,8회지방선거_광역의원비례,경상남도,거창군,경상남도,52803,34752,33233,1519,8100,22929,1253,416,156.0,0.0,379.0,0.0,0.0
20220601,8,8회지방선거_광역의원비례,경상남도,합천군,경상남도,39435,27363,25918,1445,5245,18769,922,367,344.0,0.0,271.0,0.0,0.0
20220601,8,8회지방선거_광역의원비례,제주특별자치도,제주시,제주특별자치도,409110,216395,213354,3041,98838,92593,12565,773,6061.0,0.0,2524.0,0.0,0.0
20220601,8,8회지방선거_광역의원비례,제주특별자치도,서귀포시,제주특별자치도,155974,83710,82062,1648,34839,38108,5488,387,2320.0,0.0,920.0,0.0,0.0
