sg_id,sg_typecode,election_name,sido,sigungu,sgg_name,total_voters,total_voted,valid_votes,invalid_votes,party_더불어민주당,party_국민의힘,party_코리아당,party_무소속,party_국민대통합당,party_정의당,party_진보당,party_한류연합당,party_우리공화당
20220601,4,8회지방선거_기초단체장,서울특별시,종로구,종로구,129816,70651,69768,883,32857.0,35925.0,114.0,872.0,0.0,0.0,0.0,0.0,0.0
20220601,4,8회지방선거_기초단체장,서울특별시,중구,중구,112039,60323,59641,682,29576.0,30065.0,0.0,0.0,0.0,0.0,0.0,0.0,0.0
20220601,4,8회지방선거_기초단체장,서울특별시,용산구,용산구,199061,104784,103475,1309,38636.0,62788.0,0.0,2051.0,0.0,0.0,0.0,0.0,0.0
20220601,4,8회지방선거_기초단체장,서울특별시,성동구,성동구,251990,139767,138494,1273,79786.0,58708.0,0.0,0.0,0.0,0.0,0.0,0.0,0.0
20220601,4,8회지방선거_기초단체장,서울특별시,광진구,광진구,305462,156994,155061,1933,75657.0,79404.0,0.0,0.0,0.0,0.0,0.0,0.0,0.0
20220601,4,8회지방선거_기초단체장,서울특별시,동대문구,동대문구,302024,156962,154177,2785,72377.0,81800.0,0.0,0.0,0.0,0.0,0.0,0.0,0.0
20220601,4,8회지방선거_기초단체장,서울특별시,중랑구,중랑구,348762,177697,175663,2034,93147.0,82516.0,0.0,0.0,0.0,0.0,0.0,0.0,0.0
20220601,4,8회지방선거_기초단체장,서울특별시,성북구,성북구,379123,202231,199415,2816,100227.0,99188.0,0.0,0.0,0.0,0.0,0.0,0.0,0.0
20220601,4,8회지방선거_기초단체장,서울특별시,강북구,강북구,268130,133385,131007,2378,65172.0,64733.0,0.0,0.0,1102.0,0.0,0.0,0.0,0.0
20220601,4,8회지방선거_기초단체장,서울특별시,도봉구,도봉구,280913,148582,146711,1871,71554.0,74020.0,0.0,1137.0,0.0,0.0,0.0,0.0,0.0
20220601,4,8회지방선거_기초단체장,서울특별시,노원구,노원구,441748,245144,242310,2834,129060.0,113250.0,0.0,0.0,0.0,0.0,0.0,0.0,0.0
20220601,4,8회지방선거_기초단체장,서울특별시,은평구,은평구,418387,215973,213122,2851,110333.0,102789.0,0.0,0.0,0.0,0.0,0.0,0.0,0.0
20220601,4,8회지방선거_기초단체장,서울특별시,서대문구,서대문구,271718,146967,145115,1852,67750.0,77365.0,0.0,0.0,0.0,0.0,0.0,0.0,0.0
20220601,4,8회지방선거_기초단체장,서울특별시,마포구,마포구,324528,175026,173009,2017,80926.0,84323.0,0.0,0.0,0.0,7760.0,0.0,0.0,0.0
20220601,4,8회지방선거_기초단체장,서울특별시,양천구,양천구,378444,209686,207767,1919,91367.0,112913.0,0.0,1054.0,0.0,0.0,0.0,0.0,0.0
20220601,4,8회지방선거_기초단체장,서울특별시,강서구,강서구,504606,260942,257529,3413,125408.0,132121.0,0.0,0.0,0.0,0.0,0.0,0.0,0.0
20220601,4,8회지방선거_기초단체장,서울특별시,구로구,구로구,353697,188093,185015,3078,88331.0,96684.0,0.0,0.0,0.0,0.0,0.0,0.0,0.0
20220601,4,8회지방선거_기초단체장,서울특별시,금천구,금천구,212879,105830,104259,1571,55247.0,49012.0,0.0,0.0,0.0,0.0,0.0,0.0,0.0
20220601,4,8회지방선거_기초단체장,서울특별시,영등포구,영등포구,340017,181105,179180,1925,86008.0,93172.0,0.0,0.0,0.0,0.0,0.0,0.0,0.0
20220601,4,8회지방선거_기초단체장,서울특별시,동작구,동작구,344280,187379,185256,2123,86070.0,99186.0,0.0,0.0,0.0,0.0,0.0,0.0,0.0
20220601,4,8회지방선거_기초단체장,서울특별시,관악구,관악구,450180,226792,223564,3228,118349.0,105215.0,0.0,0.0,0.0,0.0,0.0,0.0,0.0
20220601,4,8회지방선거_기초단체장,서울특별시,서초구,서초구,342589,191853,190198,1655,55390.0,134808.0,0.0,0.0,0.0,0.0,0.0,0.0,0.0
20220601,4,8회지방선거_기초단체장,서울특별시,강남구,강남구,450895,241547,239287,2260,70831.0,168456.0,0.0,0.0,0.0,0.0,0.0,0.0,0.0
20220601,4,8회지방선거_기초단체장,서울특별시,송파구,송파구,569507,313300,310486,2814,129533.0,180953.0,0.0,0.0,0.0,0.0,0.0,0.0,0.0
20220601,4,8회지방선거_기초단체장,서울특별시,강동구,강동구,397544,214077,211732,2345,84509.0,114743.0,0.0,12480.0,0.0,0.0,0.0,0.0,0.0
20220601,4,8회지방선거_기초단체장,부산광역시,중구,중구,38236,19130,18740,390,5610.0,12160.0,0.0,970.0,0.0,0.0,0.0,0.0,0.0
20220601,4,8회지방선거_기초단체장,부산광역시,서구,서구,93426,47052,45962,1090,13900.0,30076.0,0.0,1986.0,0.0,0.0,0.0,0.0,0.0
20220601,4,8회지방선거_기초단체장,부산광역시,동구,동구,80869,40831,39893,938,15924.0,23969.0,0.0,0.0,0.0,0.0,0.0,0.0,0.0
20220601,4,8회지방선거_기초단체장,부산광역시,영도구,영도구,99395,50233,49192,1041,22778.0,26414.0,0.0,0.0,0.0,0.0,0.0,0.0,0.0
20220601,4,8회지방선거_기초단체장,부산광역시,부산진구,부산진구,313025,149114,146454,2660,55332.0,91122.0,0.0,0.0,0.0,0.0,0.0,0.0,0.0
20220601,4,8회지방선거_기초단체장,부산광역시,동래구,동래구,234034,116806,114917,1889,39551.0,69165.0,0.0,6201.0,0.0,0.0,0.0,0.0,0.0
20220601,4,8회지방선거_기초단체장,부산광역시,남구,남구,227019,118507,116450,2057,49001.0,67449.0,0.0,0.0,0.0,0.0,0.0,0.0,0.0
20220601,4,8회지방선거_기초단체장,부산광역시,북구,북구,245787,125978,123675,2303,53140.0,70535.0,0.0,0.0,0.0,0.0,0.0,0.0,0.0
20220601,4,8회지방선거_기초단체장,부산광역시,해운대구,해운대구,337958,164767,162308,2459,62763.0,99545.0,0.0,0.0,0.0,0.0,0.0,0.0,0.0
20220601,4,8회지방선거_기초단체장,부산광역시,기장군,기장군,143871,64264,63383,881,19461.0,35415.0,0.0,903.0,0.0,0.0,0.0,0.0,0.0
20220601,4,8회지방선거_기초단체장,부산광역시,사하구,사하구,268863,126538,124021,2517,49373.0,74648.0,0.0,0.0,0.0,0.0,0.0,0.0,0.0
20220601,4,8회지방선거_기초단체장,부산광역시,금정구,금정구,200445,102868,100958,1910,38327.0,62631.0,0.0,0.0,0.0,0.0,0.0,0.0,0.0
20220601,4,8회지방선거_기초단체장,부산광역시,강서구,강서구,112859,51488,50667,821,20515.0,30152.0,0.0,0.0,0.0,0.0,0.0,0.0,0.0
20220601,4,8회지방선거_기초단체장,부산광역시,연제구,연제구,180173,92059,90684,1375,35803.0,54881.0,0.0,0.0,0.0,0.0,0.0,0.0,0.0
20220601,4,8회지방선거_기초단체장,부산광역시,수영구,수영구,156247,74916,73658,1258,19441.0,51528.0,0.0,2689.0,0.0,0.0,0.0,0.0,0.0
20220601,4,8회지방선거_기초단체장,부산광역시,사상구,사상구,184625,87671,86061,1610,31876.0,54185.0,0.0,0.0,0.0,0.0,0.0,0.0,0.0
20220601,4,8회지방선거_기초단체장,대구광역시,동구,동구,297073,131010,128124,2886,28767.0,99357.0,0.0,0.0,0.0,0.0,0.0,0.0,0.0
20220601,4,8회지방선거_기초단체장,대구광역시,서구,서구,148238,66444,64470,1974,0.0,43750.0,0.0,20720.0,0.0,0.0,0.0,0.0,0.0
20220601,4,8회지방선거_기초단체장,대구광역시,남구,남구,129053,54691,53514,1177,9866.0,43648.0,0.0,0.0,0.0,0.0,0.0,0.0,0.0
20220601,4,8회지방선거_기초단체장,대구광역시,북구,북구,373423,160421,156163,4258,0.0,121281.0,0.0,34882.0,0.0,0.0,0.0,0.0,0.0
20220601,4,8회지방선거_기초단체장,대구광역시,수성구,수성구,349048,157518,154795,2723,38287.0,116508.0,0.0,0.0,0.0,0.0,0.0,0.0,0.0
20220601,4,8회지방선거_기초단체장,대구광역시,달성군,달성군,214580,91327,89574,1753,14410.0,62115.0,0.0,13049.0,0.0,0.0,0.0,0.0,0.0
20220601,4,8회지방선거_기초단체장,인천광역시,중구,중구,124974,57362,56372,990,24499.0,31873.0,0.0,0.0,0.0,0.0,0.0,0.0,0.0
20220601,4,8회지방선거_기초단체장,인천광역시,동구,동구,52728,28942,28253,689,12729.0,13705.0,0.0,1819.0,0.0,0.0,0.0,0.0,0.0
20220601,4,8회지방선거_기초단체장,인천광역시,미추홀구,미추홀구,358612,160328,156649,3679,70909.0,85740.0,0.0,0.0,0.0,0.0,0.0,0.0,0.0
20220601,4,8회지방선거_기초단체장,인천광역시,연수구,연수구,317883,164270,162065,2205,73215.0,88850.0,0.0,0.0,0.0,0.0,0.0,0.0,0.0
20220601,4,8회지방선거_기초단체장,인천광역시,남동구,남동구,441226,212064,208688,3376,102160.0,106528.0,0.0,0.0,0.0,0.0,0.0,0.0,0.0
20220601,4,8회지방선거_기초단체장,인천광역시,부평구,부평구,426463,202617,198641,3976,101876.0,96765.0,0.0,0.0,0.0,0.0,0.0,0.0,0.0
20220601,4,8회지방선거_기초단체장,인천광역시,계양구,계양구,258156,144718,141939,2779,73079.0,64489.0,0.0,0.0,0.0,4371.0,0.0,0.0,0.0
20220601,4,8회지방선거_기초단체장,인천광역시,서구,서구,472254,218374,214511,3863,104736.0,109775.0,0.0,0.0,0.0,0.0,0.0,0.0,0.0
20220601,4,8회지방선거_기초단체장,인천광역시,강화군,강화군,63147,39088,38010,1078,13438.0,0.0,0.0,6581.0,0.0,0.0,0.0,0.0,0.0
20220601,4,8회지방선거_기초단체장,인천광역시,옹진군,옹진군,18895,12693,12254,439,5457.0,6797.0,0.0,0.0,0.0,0.0,0.0,0.0,0.0
20220601,4,8회지방선거_기초단체장,광주광역시,동구,동구,90255,38372,37683,689,30297.0,7386.0,0.0,0.0,0.0,0.0,0.0,0.0,0.0
20220601,4,8회지방선거_기초단체장,광주광역시,서구,서구,246841,97938,95826,2112,62304.0,0.0,0.0,33522.0,0.0,0.0,0.0,0.0,0.0
20220601,4,8회지방선거_기초단체장,광주광역시,남구,남구,180158,71499,70208,1291,59023.0,11185.0,0.0,0.0,0.0,0.0,0.0,0.0,0.0
20220601,4,8회지방선거_기초단체장,광주광역시,북구,북구,363222,137861,134668,3193,113490.0,21178.0,0.0,0.0,0.0,0.0,0.0,0.0,0.0
20220601,4,8회지방선거_기초단체장,대전광역시,동구,동구,191882,94038,92278,1760,44663.0,47615.0,0.0,0.0,0.0,0.0,0.0,0.0,0.0
20220601,4,8회지방선거_기초단체장,대전광역시,중구,중구,199894,100340,98641,1699,42669.0,55972.0,0.0,0.0,0.0,0.0,0.0,0.0,0.0
20220601,4,8회지방선거_기초단체장,대전광역시,서구,서구,399035,192560,189708,2852,88685.0,101023.0,0.0,0.0,0.0,0.0,0.0,0.0,0.0
20220601,4,8회지방선거_기초단체장,대전광역시,유성구,유성구,289980,149571,147568,2003,75498.0,72070.0,0.0,0.0,0.0,0.0,0.0,0.0,0.0
20220601,4,8회지방선거_기초단체장,대전광역시,대덕구,대덕구,152766,76134,74710,1424,34840.0,39870.0,0.0,0.0,0.0,0.0,0.0,0.0,0.0
20220601,4,8회지방선거_기초단체장,울산광역시,중구,중구,181055,98388,95665,2723,38822.0,56843.0,0.0,0.0,0.0,0.0,0.0,0.0,0.0
20220601,4,8회지방선거_기초단체장,울산광역시,남구,남구,267930,134763,132752,2011,44914.0,87838.0,0.0,0.0,0.0,0.0,0.0,0.0,0.0
20220601,4,8회지방선거_기초단체장,울산광역시,동구,동구,127369,70832,66932,3900,0.0,30233.0,0.0,0.0,0.0,0.0,36699.0,0.0,0.0
20220601,4,8회지방선거_기초단체장,울산광역시,북구,북구,175784,88504,87063,1441,34843.0,44062.0,0.0,0.0,0.0,8158.0,0.0,0.0,0.0
20220601,4,8회지방선거_기초단체장,울산광역시,울주군,울주군,189051,99381,97297,2084,40081.0,57216.0,0.0,0.0,0.0,0.0,0.0,0.0,0.0
20220601,4,8회지방선거_기초단체장,경기도,수원시장안구,수원시,199204,106097,104934,1163,53790.0,51144.0,0.0,0.0,0.0,0.0,0.0,0.0,0.0
20220601,4,8회지방선거_기초단체장,경기도,수원시권선구,수원시,352407,173839,171752,2087,87838.0,83914.0,0.0,0.0,0.0,0.0,0.0,0.0,0.0
20220601,4,8회지방선거_기초단체장,경기도,수원시팔달구,수원시,164086,79284,78302,982,37328.0,40974.0,0.0,0.0,0.0,0.0,0.0,0.0,0.0
20220601,4,8회지방선거_기초단체장,경기도,수원시영통구,수원시,296856,160552,158996,1556,79500.0,79496.0,0.0,0.0,0.0,0.0,0.0,0.0,0.0
20220601,4,8회지방선거_기초단체장,경기도,성남시수정구,성남시,208907,106912,105447,1465,49980.0,53757.0,0.0,0.0,0.0,0.0,1710.0,0.0,0.0
20220601,4,8회지방선거_기초단체장,경기도,성남시중원구,성남시,185468,94481,93342,1139,43386.0,48512.0,0.0,0.0,0.0,0.0,1444.0,0.0,0.0
20220601,4,8회지방선거_기초단체장,경기도,성남시분당구,성남시,404133,250629,247993,2636,98247.0,147753.0,0.0,0.0,0.0,0.0,1993.0,0.0,0.0
20220601,4,8회지방선거_기초단체장,경기도,의정부시,의정부시,400177,187914,185757,2157,85326.0,97594.0,0.0,2837.0,0.0,0.0,0.0,0.0,0.0
20220601,4,8회지방선거_기초단체장,경기도,안양시만안구,안양시,208936,111040,109676,1364,55970.0,53706.0,0.0,0.0,0.0,0.0,0.0,0.0,0.0
20220601,4,8회지방선거_기초단체장,경기도,안양시동안구,안양시,265101,155856,154339,1517,77742.0,76597.0,0.0,0.0,0.0,0.0,0.0,0.0,0.0
20220601,4,8회지방선거_기초단체장,경기도,부천시,부천시,702974,347476,342900,4576,180005.0,162895.0,0.0,0.0,0.0,0.0,0.0,0.0,0.0
20220601,4,8회지방선거_기초단체장,경기도,광명시,광명시,247233,139606,138014,1592,73759.0,64255.0,0.0,0.0,0.0,0.0,0.0,0.0,0.0
20220601,4,8회지방선거_기초단체장,경기도,평택시,평택시,478356,208206,205725,2481,107159.0,98566.0,0.0,0.0,0.0,0.0,0.0,0.0,0.0
20220601,4,8회지방선거_기초단체장,경기도,양주시,양주시,197751,95179,93850,1329,43728.0,48002.0,0.0,2120.0,0.0,0.0,0.0,0.0,0.0
20220601,4,8회지방선거_기초단체장,경기도,동두천시,동두천시,81074,39747,39040,707,16792.0,21063.0,0.0,1185.0,0.0,0.0,0.0,0.0,0.0
20220601,4,8회지방선거_기초단체장,경기도,안산시상록구,안산시,305390,138969,137240,1729,64688.0,63244.0,0.0,8698.0,0.0,0.0,0.0,0.0,0.0
20220601,4,8회지방선거_기초단체장,경기도,안산시단원구,안산시,266229,121617,120223,1394,54907.0,56532.0,0.0,8221.0,0.0,0.0,0.0,0.0,0.0
20220601,4,8회지방선거_기초단체장,경기도,고양시덕양구,고양시,461775,241094,238510,2584,110861.0,118607.0,0.0,0.0,0.0,9042.0,0.0,0.0,0.0
20220601,4,8회지방선거_기초단체장,경기도,고양시일산동구,고양시,229024,117263,116105,1158,49242.0,64212.0,0.0,0.0,0.0,2651.0,0.0,0.0,0.0
20220601,4,8회지방선거_기초단체장,경기도,고양시일산서구,고양시,233891,125055,123801,1254,54487.0,66667.0,0.0,0.0,0.0,2647.0,0.0,0.0,0.0
20220601,4,8회지방선거_기초단체장,경기도,과천시,과천시,65220,42667,42130,537,18384.0,23746.0,0.0,0.0,0.0,0.0,0.0,0.0,0.0
20220601,4,8회지방선거_기초단체장,경기도,의왕시,의왕시,138928,80580,79677,903,35302.0,44375.0,0.0,0.0,0.0,0.0,0.0,0.0,0.0
20220601,4,8회지방선거_기초단체장,경기도,구리시,구리시,164045,88188,87201,987,37986.0,47168.0,0.0,2047.0,0.0,0.0,0.0,0.0,0.0
20220601,4,8회지방선거_기초단체장,경기도,남양주시,남양주시,610260,299347,296230,3117,137915.0,158315.0,0.0,0.0,0.0,0.0,0.0,0.0,0.0
20220601,4,8회지방선거_기초단체장,경기도,오산시,오산시,190375,83196,82111,1085,38968.0,40723.0,0.0,1711.0,0.0,0.0,0.0,0.0,0.0
20220601,4,8회지방선거_기초단체장,경기도,화성시,화성시,711229,336736,333017,3719,176631.0,156386.0,0.0,0.0,0.0,0.0,0.0,0.0,0.0
20220601,4,8회지방선거_기초단체장,경기도,시흥시,시흥시,431352,195137,191685,3452,106468.0,85217.0,0.0,0.0,0.0,0.0,0.0,0.0,0.0
20220601,4,8회지방선거_기초단체장,경기도,군포시,군포시,231192,128262,126776,1486,62821.0,63955.0,0.0,0.0,0.0,0.0,0.0,0.0,0.0
20220601,4,8회지방선거_기초단체장,경기도,하남시,하남시,266856,139746,138316,1430,60823.0,77493.0,0.0,0.0,0.0,0.0,0.0,0.0,0.0
20220601,4,8회지방선거_기초단체장,경기도,파주시,파주시,403729,187107,184493,2614,92512.0,91981.0,0.0,0.0,0.0,0.0,0.0,0.0,0.0
20220601,4,8회지방선거_기초단체장,경기도,여주시,여주시,98333,50666,49827,839,16603.0,33224.0,0.0,0.0,0.0,0.0,0.0,0.0,0.0
20220601,4,8회지방선거_기초단체장,경기도,이천시,이천시,188563,88734,87440,1294,39711.0,47729.0,0.0,0.0,0.0,0.0,0.0,0.0,0.0
20220601,4,8회지방선거_기초단체장,경기도,용인시처인구,용인시,222743,105130,103647,1483,43377.0,60270.0,0.0,0.0,0.0,0.0,0.0,0.0,0.0
20220601,4,8회지방선거_기초단체장,경기도,용인시수지구,용인시,231983,135905,134912,993,57578.0,77334.0,0.0,0.0,0.0,0.0,0.0,0.0,0.0
20220601,4,8회지방선거_기초단체장,경기도,용인시기흥구,용인시,434819,241265,239090,2175,112207.0,126883.0,0.0,0.0,0.0,0.0,0.0,0.0,0.0
20220601,4,8회지방선거_기초단체장,경기도,안성시,안성시,163518,81762,80427,1335,40497.0,39930.0,0.0,0.0,0.0,0.0,0.0,0.0,0.0
20220601,4,8회지방선거_기초단체장,경기도,김포시,김포시,392604,195837,193750,2087,86798.0,101566.0,0.0,1250.0,0.0,0.0,0.0,0.0,0.0
20220601,4,8회지방선거_기초단체장,경기도,광주시,광주시,329651,152139,150430,1709,69369.0,81061.0,0.0,0.0,0.0,0.0,0.0,0.0,0.0
20220601,4,8회지방선거_기초단체장,경기도,포천시,포천시,131980,67775,66601,1174,31743.0,34858.0,0.0,0.0,0.0,0.0,0.0,0.0,0.0
20220601,4,8회지방선거_기초단체장,경기도,연천군,연천군,37898,22797,22288,509,6000.0,10580.0,0.0,5708.0,0.0,0.0,0.0,0.0,0.0
20220601,4,8회지방선거_기초단체장,경기도,양평군,양평군,107165,63427,62423,1004,28298.0,34125.0,0.0,0.0,0.0,0.0,0.0,0.0,0.0
20220601,4,8회지방선거_기초단체장,경기도,가평군,가평군,55791,33162,32431,731,7302.0,16975.0,0.0,181.0,0.0,0.0,0.0,0.0,0.0
20220601,4,8회지방선거_기초단체장,강원도,춘천시,춘천시,244406,137766,135356,2410,61751.0,60702.0,0.0,12903.0,0.0,0.0,0.0,0.0,0.0
20220601,4,8회지방선거_기초단체장,강원도,원주시,원주시,304060,157537,154107,3430,71581.0,82526.0,0.0,0.0,0.0,0.0,0.0,0.0,0.0
20220601,4,8회지방선거_기초단체장,강원도,강릉시,강릉시,185804,101939,99907,2032,29661.0,43887.0,0.0,24091.0,0.0,2268.0,0.0,0.0,0.0
20220601,4,8회지방선거_기초단체장,강원도,동해시,동해시,76886,42045,41162,883,10284.0,23502.0,0.0,7376.0,0.0,0.0,0.0,0.0,0.0
20220601,4,8회지방선거_기초단체장,강원도,삼척시,삼척시,57023,37548,36701,847,17107.0,18031.0,0.0,1563.0,0.0,0.0,0.0,0.0,0.0
20220601,4,8회지방선거_기초단체장,강원도,태백시,태백시,35236,22538,21922,616,9715.0,11847.0,0.0,360.0,0.0,0.0,0.0,0.0,0.0
20220601,4,8회지방선거_기초단체장,강원도,정선군,정선군,32001,22082,21370,712,10901.0,10469.0,0.0,0.0,0.0,0.0,0.0,0.0,0.0
20220601,4,8회지방선거_기초단체장,강원도,속초시,속초시,71621,37093,36454,639,15696.0,20758.0,0.0,0.0,0.0,0.0,0.0,0.0,0.0
20220601,4,8회지방선거_기초단체장,강원도,고성군,고성군,24776,16777,16322,455,9149.0,7173.0,0.0,0.0,0.0,0.0,0.0,0.0,0.0
20220601,4,8회지방선거_기초단체장,강원도,양양군,양양군,25359,16671,16328,343,6938.0,9390.0,0.0,0.0,0.0,0.0,0.0,0.0,0.0
20220601,4,8회지방선거_기초단체장,강원도,인제군,인제군,27939,18541,18053,488,9280.0,8484.0,0.0,289.0,0.0,0.0,0.0,0.0,0.0
20220601,4,8회지방선거_기초단체장,강원도,홍천군,홍천군,60743,36938,36051,887,14839.0,21212.0,0.0,0.0,0.0,0.0,0.0,0.0,0.0
20220601,4,8회지방선거_기초단체장,강원도,횡성군,횡성군,41777,27752,27128,624,13169.0,13659.0,0.0,300.0,0.0,0.0,0.0,0.0,0.0
20220601,4,8회지방선거_기초단체장,강원도,영월군,영월군,34371,22805,22304,501,4749.0,11950.0,0.0,5605.0,0.0,0.0,0.0,0.0,0.0
20220601,4,8회지방선거_기초단체장,강원도,평창군,평창군,37372,25364,24806,558,9707.0,14660.0,0.0,439.0,0.0,0.0,0.0,0.0,0.0
20220601,4,8회지방선거_기초단체장,강원도,화천군,화천군,21055,13837,13515,322,5793.0,7722.0,0.0,0.0,0.0,0.0,0.0,0.0,0.0
20220601,4,8회지방선거_기초단체장,강원도,양구군,양구군,18552,12805,12528,277,4604.0,5201.0,0.0,2052.0,0.0,0.0,0.0,0.0,0.0
20220601,4,8회지방선거_기초단체장,강원도,철원군,철원군,37099,22456,21861,595,7663.0,8032.0,0.0,6166.0,0.0,0.0,0.0,0.0,0.0
20220601,4,8회지방선거_기초단체장,충청북도,청주시상당구,청주시,163058,79614,77940,1674,31291.0,46649.0,0.0,0.0,0.0,0.0,0.0,0.0,0.0
20220601,4,8회지방선거_기초단체장,충청북도,청주시서원구,청주시,165453,80315,78634,1681,32222.0,46412.0,0.0,0.0,0.0,0.0,0.0,0.0,0.0
20220601,4,8회지방선거_기초단체장,충청북도,청주시흥덕구,청주시,223618,98307,96497,1810,40616.0,55881.0,0.0,0.0,0.0,0.0,0.0,0.0,0.0
20220601,4,8회지방선거_기초단체장,충청북도,청주시청원구,청주시,160395,72668,71183,1485,30762.0,40421.0,0.0,0.0,0.0,0.0,0.0,0.0,0.0
20220601,4,8회지방선거_기초단체장,충청북도,충주시,충주시,181044,89734,87600,2134,33957.0,50830.0,0.0,1485.0,0.0,0.0,0.0,0.0,0.0
20220601,4,8회지방선거_기초단체장,충청북도,제천시,제천시,115563,62806,61560,1246,28670.0,31295.0,0.0,1595.0,0.0,0.0,0.0,0.0,0.0
20220601,4,8회지방선거_기초단체장,충청북도,단양군,단양군,25692,17427,16965,462,7689.0,9276.0,0.0,0.0,0.0,0.0,0.0,0.0,0.0
20220601,4,8회지방선거_기초단체장,충청북도,영동군,영동군,41123,27150,26425,725,10483.0,13165.0,0.0,2777.0,0.0,0.0,0.0,0.0,0.0
20220601,4,8회지방선거_기초단체장,충청북도,보은군,보은군,28963,19544,18831,713,6113.0,11023.0,0.0,1695.0,0.0,0.0,0.0,0.0,0.0
20220601,4,8회지방선거_기초단체장,충청북도,옥천군,옥천군,44686,28845,28033,812,15747.0,12286.0,0.0,0.0,0.0,0.0,0.0,0.0,0.0
20220601,4,8회지방선거_기초단체장,충청북도,음성군,음성군,81419,40617,39366,1251,21590.0,17776.0,0.0,0.0,0.0,0.0,0.0,0.0,0.0
20220601,4,8회지방선거_기초단체장,충청북도,진천군,진천군,71725,34555,33644,911,19334.0,14310.0,0.0,0.0,0.0,0.0,0.0,0.0,0.0
20220601,4,8회지방선거_기초단체장,충청북도,괴산군,괴산군,34674,23720,22929,791,10365.0,12564.0,0.0,0.0,0.0,0.0,0.0,0.0,0.0
20220601,4,8회지방선거_기초단체장,충청북도,증평군,증평군,31366,17041,16720,321,7220.0,6919.0,0.0,526.0,0.0,0.0,0.0,0.0,0.0
20220601,4,8회지방선거_기초단체장,충청남도,천안시서북구,천안시,290313,122389,120464,1925,53296.0,62372.0,0.0,3104.0,0.0,1692.0,0.0,0.0,0.0
20220601,4,8회지방선거_기초단체장,충청남도,천안시동남구,천안시,257709,109112,107139,1973,41740.0,61797.0,0.0,2042.0,0.0,1560.0,0.0,0.0,0.0
20220601,4,8회지방선거_기초단체장,충청남도,공주시,공주시,91847,51464,49790,1674,22327.0,27463.0,0.0,0.0,0.0,0.0,0.0,0.0,0.0
20220601,4,8회지방선거_기초단체장,충청남도,보령시,보령시,86264,52544,51093,1451,20338.0,28004.0,0.0,2751.0,0.0,0.0,0.0,0.0,0.0
20220601,4,8회지방선거_기초단체장,충청남도,아산시,아산시,268765,119339,117314,2025,58000.0,59314.0,0.0,0.0,0.0,0.0,0.0,0.0,0.0
20220601,4,8회지방선거_기초단체장,충청남도,서산시,서산시,148744,72245,70972,1273,30866.0,40106.0,0.0,0.0,0.0,0.0,0.0,0.0,0.0
20220601,4,8회지방선거_기초단체장,충청남도,태안군,태안군,55435,34717,33860,857,17486.0,16374.0,0.0,0.0,0.0,0.0,0.0,0.0,0.0
20220601,4,8회지방선거_기초단체장,충청남도,금산군,금산군,44747,28679,28078,601,12222.0,15856.0,0.0,0.0,0.0,0.0,0.0,0.0,0.0
20220601,4,8회지방선거_기초단체장,충청남도,논산시,논산시,99942,53818,52589,1229,18748.0,33841.0,0.0,0.0,0.0,0.0,0.0,0.0,0.0
20220601,4,8회지방선거_기초단체장,충청남도,계룡시,계룡시,34875,19309,19011,298,8603.0,10408.0,0.0,0.0,0.0,0.0,0.0,0.0,0.0
20220601,4,8회지방선거_기초단체장,충청남도,당진시,당진시,140008,64881,63900,981,26830.0,37070.0,0.0,0.0,0.0,0.0,0.0,0.0,0.0
20220601,4,8회지방선거_기초단체장,충청남도,부여군,부여군,57322,36440,35350,1090,21926.0,13424.0,0.0,0.0,0.0,0.0,0.0,0.0,0.0
20220601,4,8회지방선거_기초단체장,충청남도,서천군,서천군,45864,29283,28102,1181,13543.0,14559.0,0.0,0.0,0.0,0.0,0.0,0.0,0.0
20220601,4,8회지방선거_기초단체장,충청남도,홍성군,홍성군,84260,45721,44809,912,20761.0,23070.0,0.0,292.0,0.0,0.0,0.0,0.0,0.0
20220601,4,8회지방선거_기초단체장,충청남도,청양군,청양군,27932,19684,19086,598,9522.0,5293.0,0.0,4271.0,0.0,0.0,0.0,0.0,0.0
20220601,4,8회지방선거_기초단체장,충청남도,예산군,예산군,69069,38764,37561,1203,15414.0,22147.0,0.0,0.0,0.0,0.0,0.0,0.0,0.0
20220601,4,8회지방선거_기초단체장,전라북도,전주시완산구,전주시,311508,125311,121494,3817,91223.0,18611.0,0.0,0.0,0.0,11660.0,0.0,0.0,0.0
20220601,4,8회지방선거_기초단체장,전라북도,전주시덕진구,전주시,238934,96937,94803,2134,69116.0,15004.0,0.0,0.0,0.0,10683.0,0.0,0.0,0.0
20220601,4,8회지방선거_기초단체장,전라북도,군산시,군산시,224926,87120,83295,3825,56843.0,11569.0,0.0,3230.0,0.0,0.0,0.0,0.0,0.0
20220601,4,8회지방선거_기초단체장,전라북도,익산시,익산시,239077,107254,103671,3583,72544.0,9697.0,0.0,17239.0,0.0,0.0,0.0,0.0,0.0
20220601,4,8회지방선거_기초단체장,전라북도,정읍시,정읍시,93307,54283,52187,2096,25964.0,0.0,0.0,2332.0,0.0,0.0,0.0,0.0,0.0
20220601,4,8회지방선거_기초단체장,전라북도,남원시,남원시,69007,44519,43385,1134,16127.0,0.0,0.0,1027.0,0.0,0.0,0.0,0.0,0.0
20220601,4,8회지방선거_기초단체장,전라북도,김제시,김제시,72358,42669,41211,1458,22531.0,0.0,0.0,17096.0,0.0,0.0,0.0,0.0,0.0
20220601,4,8회지방선거_기초단체장,전라북도,완주군,완주군,78284,41416,39932,1484,16329.0,0.0,0.0,14306.0,0.0,0.0,0.0,0.0,0.0
20220601,4,8회지방선거_기초단체장,전라북도,진안군,진안군,22634,16616,15912,704,9818.0,0.0,0.0,3213.0,0.0,0.0,0.0,0.0,0.0
20220601,4,8회지방선거_기초단체장,전라북도,무주군,무주군,21279,16267,15672,595,5721.0,837.0,0.0,9114.0,0.0,0.0,0.0,0.0,0.0
20220601,4,8회지방선거_기초단체장,전라북도,장수군,장수군,19380,14591,13947,644,7479.0,0.0,0.0,424.0,0.0,0.0,0.0,0.0,0.0
20220601,4,8회지방선거_기초단체장,전라북도,임실군,임실군,24346,17638,17068,570,7364.0,0.0,0.0,1776.0,0.0,0.0,0.0,0.0,0.0
20220601,4,8회지방선거_기초단체장,전라북도,순창군,순창군,23898,18592,17914,678,8534.0,0.0,0.0,9380.0,0.0,0.0,0.0,0.0,0.0
20220601,4,8회지방선거_기초단체장,전라북도,고창군,고창군,47581,34665,33352,1313,16584.0,0.0,0.0,999.0,0.0,0.0,0.0,0.0,0.0
20220601,4,8회지방선거_기초단체장,전라북도,부안군,부안군,45614,27494,26604,890,15351.0,1394.0,0.0,9859.0,0.0,0.0,0.0,0.0,0.0
20220601,4,8회지방선거_기초단체장,전라남도,목포시,목포시,183412,96976,94374,2602,35554.0,0.0,0.0,54161.0,0.0,4659.0,0.0,0.0,0.0
20220601,4,8회지방선거_기초단체장,전라남도,여수시,여수시,236881,109139,105941,3198,76504.0,6278.0,0.0,19876.0,0.0,0.0,0.0,0.0,0.0
20220601,4,8회지방선거_기초단체장,전라남도,순천시,순천시,235432,128166,125236,2930,52478.0,0.0,0.0,2903.0,0.0,0.0,0.0,0.0,0.0
20220601,4,8회지방선거_기초단체장,전라남도,나주시,나주시,98951,53041,51670,1371,30391.0,2556.0,0.0,17214.0,0.0,0.0,0.0,0.0,0.0
20220601,4,8회지방선거_기초단체장,전라남도,광양시,광양시,126604,69113,67784,1329,27670.0,0.0,0.0,37005.0,0.0,0.0,0.0,0.0,0.0
20220601,4,8회지방선거_기초단체장,전라남도,담양군,담양군,41720,26614,25825,789,14653.0,0.0,0.0,11172.0,0.0,0.0,0.0,0.0,0.0
20220601,4,8회지방선거_기초단체장,전라남도,장성군,장성군,38470,26504,25848,656,13967.0,0.0,0.0,11881.0,0.0,0.0,0.0,0.0,0.0
20220601,4,8회지방선거_기초단체장,전라남도,곡성군,곡성군,25196,18644,17875,769,9580.0,0.0,0.0,8295.0,0.0,0.0,0.0,0.0,0.0
20220601,4,8회지방선거_기초단체장,전라남도,구례군,구례군,22848,17418,16782,636,9184.0,0.0,0.0,5439.0,0.0,0.0,0.0,0.0,0.0
20220601,4,8회지방선거_기초단체장,전라남도,고흥군,고흥군,57371,44667,42526,2141,22529.0,0.0,0.0,19997.0,0.0,0.0,0.0,0.0,0.0
20220601,4,8회지방선거_기초단체장,전라남도,화순군,화순군,55284,32432,31227,1205,23564.0,0.0,0.0,7663.0,0.0,0.0,0.0,0.0,0.0
20220601,4,8회지방선거_기초단체장,전라남도,장흥군,장흥군,32510,23259,22507,752,10162.0,0.0,0.0,2706.0,0.0,0.0,0.0,0.0,0.0
20220601,4,8회지방선거_기초단체장,전라남도,강진군,강진군,30148,21947,21245,702,0.0,0.0,0.0,11659.0,0.0,0.0,0.0,0.0,0.0
20220601,4,8회지방선거_기초단체장,전라남도,완도군,완도군,42697,29801,28436,1365,17734.0,0.0,0.0,10702.0,0.0,0.0,0.0,0.0,0.0
20220601,4,8회지방선거_기초단체장,전라남도,진도군,진도군,26748,20415,19696,719,8237.0,0.0,0.0,11459.0,0.0,0.0,0.0,0.0,0.0
20220601,4,8회지방선거_기초단체장,전라남도,영암군,영암군,46851,28692,27958,734,13689.0,1178.0,0.0,5835.0,0.0,2984.0,0.0,0.0,0.0
20220601,4,8회지방선거_기초단체장,전라남도,무안군,무안군,74895,41337,40267,1070,15112.0,0.0,0.0,454.0,0.0,0.0,0.0,369.0,0.0
20220601,4,8회지방선거_기초단체장,전라남도,영광군,영광군,45299,31822,30737,1085,15022.0,0.0,0.0,15715.0,0.0,0.0,0.0,0.0,0.0
20220601,4,8회지방선거_기초단체장,전라남도,함평군,함평군,28381,18227,17423,804,13965.0,2171.0,0.0,1287.0,0.0,0.0,0.0,0.0,0.0
20220601,4,8회지방선거_기초단체장,전라남도,신안군,신안군,35246,26416,25075,1341,17349.0,0.0,0.0,7726.0,0.0,0.0,0.0,0.0,0.0
20220601,4,8회지방선거_기초단체장,경상북도,포항시북구,포항시,230960,105792,103473,2319,23630.0,79843.0,0.0,0.0,0.0,0.0,0.0,0.0,0.0
20220601,4,8회지방선거_기초단체장,경상북도,포항시남구,포항시,196727,90447,87789,2658,19969.0,67820.0,0.0,0.0,0.0,0.0,0.0,0.0,0.0
20220601,4,8회지방선거_기초단체장,경상북도,울릉군,울릉군,8339,6796,6640,156,0.0,2011.0,0.0,4629.0,0.0,0.0,0.0,0.0,0.0
20220601,4,8회지방선거_기초단체장,경상북도,경주시,경주시,220490,109649,106394,3255,22483.0,83911.0,0.0,0.0,0.0,0.0,0.0,0.0,0.0
20220601,4,8회지방선거_기초단체장,경상북도,김천시,김천시,120471,67279,64460,2819,0.0,48387.0,0.0,7364.0,0.0,0.0,0.0,0.0,0.0
20220601,4,8회지방선거_기초단체장,경상북도,안동시,안동시,135862,74554,72327,2227,12779.0,46315.0,0.0,13233.0,0.0,0.0,0.0,0.0,0.0
20220601,4,8회지방선거_기초단체장,경상북도,구미시,구미시,337510,144577,141905,2672,38196.0,99751.0,0.0,2406.0,0.0,0.0,0.0,0.0,0.0
20220601,4,8회지방선거_기초단체장,경상북도,영주시,영주시,89061,56300,54410,1890,0.0,28410.0,0.0,26000.0,0.0,0.0,0.0,0.0,0.0
20220601,4,8회지방선거_기초단체장,경상북도,영천시,영천시,90932,51711,50303,1408,0.0,22034.0,0.0,26881.0,0.0,0.0,0.0,0.0,0.0
20220601,4,8회지방선거_기초단체장,경상북도,상주시,상주시,84980,54372,51632,2740,6788.0,35136.0,0.0,9708.0,0.0,0.0,0.0,0.0,0.0
20220601,4,8회지방선거_기초단체장,경상북도,문경시,문경시,64160,40384,39113,1271,0.0,21394.0,0.0,15407.0,0.0,0.0,0.0,0.0,0.0
20220601,4,8회지방선거_기초단체장,경상북도,경산시,경산시,230676,100057,97033,3024,0.0,52273.0,0.0,44760.0,0.0,0.0,0.0,0.0,0.0
20220601,4,8회지방선거_기초단체장,경상북도,청도군,청도군,38574,27320,26507,813,0.0,14878.0,0.0,11629.0,0.0,0.0,0.0,0.0,0.0
20220601,4,8회지방선거_기초단체장,경상북도,고령군,고령군,27757,17421,16892,529,0.0,7113.0,0.0,4261.0,0.0,0.0,0.0,0.0,0.0
20220601,4,8회지방선거_기초단체장,경상북도,성주군,성주군,39451,26638,25659,979,0.0,13112.0,0.0,12547.0,0.0,0.0,0.0,0.0,0.0
20220601,4,8회지방선거_기초단체장,경상북도,칠곡군,칠곡군,96081,41975,41070,905,10014.0,25869.0,0.0,5187.0,0.0,0.0,0.0,0.0,0.0
20220601,4,8회지방선거_기초단체장,경상북도,군위군,군위군,22054,17851,17347,504,0.0,8728.0,0.0,8619.0,0.0,0.0,0.0,0.0,0.0
20220601,4,8회지방선거_기초단체장,경상북도,의성군,의성군,47168,34935,33473,1462,0.0,9614.0,0.0,23859.0,0.0,0.0,0.0,0.0,0.0
20220601,4,8회지방선거_기초단체장,경상북도,청송군,청송군,22790,16847,16382,465,0.0,10401.0,0.0,5981.0,0.0,0.0,0.0,0.0,0.0
20220601,4,8회지방선거_기초단체장,경상북도,영양군,영양군,14920,11531,11044,487,2043.0,9001.0,0.0,0.0,0.0,0.0,0.0,0.0,0.0
20220601,4,8회지방선거_기초단체장,경상북도,영덕군,영덕군,32124,21566,20444,1122,0.0,16475.0,0.0,3969.0,0.0,0.0,0.0,0.0,0.0
20220601,4,8회지방선거_기초단체장,경상북도,봉화군,봉화군,27996,18883,18222,661,2695.0,13375.0,0.0,2152.0,0.0,0.0,0.0,0.0,0.0
20220601,4,8회지방선거_기초단체장,경상북도,울진군,울진군,42063,28317,27234,1083,0.0,16326.0,0.0,10908.0,0.0,0.0,0.0,0.0,0.0
20220601,4,8회지방선거_기초단체장,경상남도,창원시의창구,창원시,185184,94824,93100,1724,37023.0,56077.0,0.0,0.0,0.0,0.0,0.0,0.0,0.0
20220601,4,8회지방선거_기초단체장,경상남도,창원시성산구,창원시,212811,112826,110971,1855,50545.0,60426.0,0.0,0.0,0.0,0.0,0.0,0.0,0.0
20220601,4,8회지방선거_기초단체장,경상남도,창원시마산합포구,창원시,156850,83921,82328,1593,30758.0,51570.0,0.0,0.0,0.0,0.0,0.0,0.0,0.0
20220601,4,8회지방선거_기초단체장,경상남도,창원시마산회원구,창원시,159983,85597,84103,1494,31380.0,52723.0,0.0,0.0,0.0,0.0,0.0,0.0,0.0
20220601,4,8회지방선거_기초단체장,경상남도,창원시진해구,창원시,159730,75213,73967,1246,30102.0,43865.0,0.0,0.0,0.0,0.0,0.0,0.0,0.0
20220601,4,8회지방선거_기초단체장,경상남도,진주시,진주시,292168,155189,152346,2843,42152.0,110194.0,0.0,0.0,0.0,0.0,0.0,0.0,0.0
20220601,4,8회지방선거_기초단체장,경상남도,통영시,통영시,106064,61241,60008,1233,21686.0,23365.0,0.0,13805.0,0.0,0.0,0.0,0.0,1152.0
20220601,4,8회지방선거_기초단체장,경상남도,고성군,고성군,44745,30309,29540,769,12634.0,16906.0,0.0,0.0,0.0,0.0,0.0,0.0,0.0
20220601,4,8회지방선거_기초단체장,경상남도,사천시,사천시,93946,55533,54454,1079,12183.0,34307.0,0.0,7964.0,0.0,0.0,0.0,0.0,0.0
20220601,4,8회지방선거_기초단체장,경상남도,김해시,김해시,444484,203400,200269,3131,85534.0,114735.0,0.0,0.0,0.0,0.0,0.0,0.0,0.0
20220601,4,8회지방선거_기초단체장,경상남도,밀양시,밀양시,92419,50566,48936,1630,0.0,38595.0,0.0,10341.0,0.0,0.0,0.0,0.0,0.0
20220601,4,8회지방선거_기초단체장,경상남도,거제시,거제시,193369,99295,97584,1711,44403.0,44790.0,0.0,1135.0,0.0,0.0,0.0,0.0,0.0
20220601,4,8회지방선거_기초단체장,경상남도,의령군,의령군,24291,18230,17402,828,0.0,0.0,0.0,3168.0,0.0,0.0,0.0,0.0,0.0
20220601,4,8회지방선거_기초단체장,경상남도,함안군,함안군,54125,32075,31136,939,10142.0,20994.0,0.0,0.0,0.0,0.0,0.0,0.0,0.0
20220601,4,8회지방선거_기초단체장,경상남도,창녕군,창녕군,53616,34390,33408,982,3593.0,16568.0,0.0,800.0,0.0,0.0,0.0,0.0,0.0
20220601,4,8회지방선거_기초단체장,경상남도,양산시,양산시,294411,138399,136730,1669,48818.0,81804.0,0.0,6108.0,0.0,0.0,0.0,0.0,0.0
20220601,4,8회지방선거_기초단체장,경상남도,하동군,하동군,39428,29112,28121,991,4322.0,10772.0,0.0,13027.0,0.0,0.0,0.0,0.0,0.0
20220601,4,8회지방선거_기초단체장,경상남도,남해군,남해군,38538,27220,26369,851,14804.0,11565.0,0.0,0.0,0.0,0.0,0.0,0.0,0.0
20220601,4,8회지방선거_기초단체장,경상남도,함양군,함양군,34399,26020,25207,813,0.0,10311.0,0.0,14896.0,0.0,0.0,0.0,0.0,0.0
20220601,4,8회지방선거_기초단체장,경상남도,산청군,산청군,31488,21927,21108,819,0.0,10895.0,0.0,9052.0,0.0,0.0,0.0,0.0,0.0
20220601,4,8회지방선거_기초단체장,경상남도,거창군,거창군,52803,34765,33423,1342,0.0,20203.0,0.0,13220.0,0.0,0.0,0.0,0.0,0.0
20220601,4,8회지방선거_기초단체장,경상남도,합천군,합천군,39435,27366,26159,1207,3008.0,16549.0,0.0,4453.0,0.0,0.0,0.0,0.0,0.0
