election_name,sido,sigungu_norm,sg_id,sg_typecode,total_voters,total_voted,valid_votes,invalid_votes,party_더불어민주당,party_국민의힘,party_통일한국당,party_우리공화당,party_한국복지당,party_충청의미래당,party_기타,sigungu_elec,sgg_name,ratio_더불어민주당,ratio_국민의힘,ratio_통일한국당,ratio_우리공화당,ratio_한국복지당,ratio_충청의미래당,ratio_기타,year,adm_cd,sigungu_pop,total_pop,male_pop,female_pop,age_0_9,age_10_19,age_20_29,age_30_39,age_40_49,age_50_59,age_60_69,age_70_79,age_80_89,age_90plus,age_0_14,age_15_64,age_65plus,ratio_20s,ratio_30s,ratio_40s,ratio_50s,ratio_60s,ratio_70plus,ratio_elderly,ratio_working,ratio_female,pop_year
8회지방선거_기초의원비례,강원도,강릉시,20220601,9,185804,101925,98537,3388,37399,61138.0,0.0,0.0,0.0,0.0,0.0,강릉시,강릉시,0.37954270984503286,0.6204572901549672,0.0,0.0,0.0,0.0,0.0,2022,32030,강릉시,215128,107563,107565,13793,18792,28759,21081,30545,35509,35562,20066,10951,1719,20578,145962,48588,0.1336832025584768,0.0979928228775426,0.1419852366962924,0.165059871332416,0.1653062362872336,0.1521698709605444,0.2258562344278755,0.6784890855676621,0.500004648395374,2022
8회지방선거_기초의원비례,강원도,고성군,20220601,9,24776,16780,15786,994,6361,9425.0,0.0,0.0,0.0,0.0,0.0,고성군,고성군,0.40295198276954264,0.5970480172304574,0.0,0.0,0.0,0.0,0.0,2022,32600,고성군,27127,14275,12852,1446,1501,3307,2531,3008,4407,5512,3279,2005,287,2037,17001,8089,0.1219080620783721,0.0933018763593467,0.1108858333026136,0.1624580676079183,0.203192391344417,0.2053673461864563,0.2981899952077266,0.6267187672798319,0.4737715191506617,2022
8회지방선거_기초의원비례,강원도,동해시,20220601,9,76886,42040,40628,1412,15555,25073.0,0.0,0.0,0.0,0.0,0.0,동해시,동해시,0.38286403465590235,0.6171359653440976,0.0,0.0,0.0,0.0,0.0,2022,32040,동해시,86772,44153,42619,6735,7707,7787,8540,13808,15278,14790,8147,4273,576,10020,57089,19663,0.0897409302539989,0.0984188447886414,0.1591296731664592,0.176070621859586,0.1704466878716636,0.149771815793113,0.2266053565666343,0.6579196054026645,0.4911607430968515,2022
8회지방선거_기초의원비례,강원도,삼척시,20220601,9,57023,37542,35882,1660,13567,22315.0,0.0,0.0,0.0,0.0,0.0,삼척시,삼척시,0.37810044033219997,0.6218995596678,0.0,0.0,0.0,0.0,0.0,2022,32070,삼척시,64289,33295,30994,3826,5312,8386,5264,8147,10412,11696,6948,4101,643,5597,41776,16916,0.1304422218419947,0.0818802594534057,0.1267246340742584,0.1619561666848138,0.1819284792110625,0.1818662601689247,0.2631243292009519,0.6498156760876667,0.482104248005102,2022
8회지방선거_기초의원비례,강원도,속초시,20220601,9,71621,37089,35869,1220,14631,21238.0,0.0,0.0,0.0,0.0,0.0,속초시,속초시,0.40790097298502886,0.5920990270149712,0.0,0.0,0.0,0.0,0.0,2022,32060,속초시,80903,40449,40454,6113,6392,7848,9279,11948,14870,14044,6944,3587,593,8850,54736,17317,0.0970050554367576,0.1146929038478177,0.1476830278234429,0.1838003535097586,0.173590596146002,0.1374979914218261,0.2140464506878607,0.6765632918433185,0.5000309012026748,2022
8회지방선거_기초의원비례,강원도,양구군,20220601,9,18552,12801,12260,541,4734,7526.0,0.0,0.0,0.0,0.0,0.0,양구군,양구군,0.3861337683523654,0.6138662316476345,0.0,0.0,0.0,0.0,0.0,2022,32580,양구군,20824,10970,9854,1721,1800,2345,2572,2448,3172,3662,1855,1270,160,2360,13606,4858,0.1126104494813676,0.1235113330772186,0.1175566653860929,0.1523242412600845,0.1758547829427583,0.1577506723011909,0.2332885132539377,0.6533807145601229,0.4732039953899347,2022
8회지방선거_기초의원비례,강원도,양양군,20220601,9,25359,16673,16035,638,5990,10045.0,0.0,0.0,0.0,0.0,0.0,양양군,양양군,0.37355784222014343,0.6264421577798566,0.0,0.0,0.0,0.0,0.0,2022,32610,양양군,26566,13501,13065,1312,1528,1944,2167,3285,4668,5833,3618,2058,305,1953,15934,8679,0.0731762403071595,0.0815704283670857,0.1236542949634871,0.1757133177745991,0.219566363020402,0.2251373936610705,0.3266957765565008,0.5997892042460288,0.4917940224346909,2022
8회지방선거_기초의원비례,강원도,영월군,20220601,9,34371,22802,21942,860,8441,13501.0,0.0,0.0,0.0,0.0,0.0,영월군,영월군,0.38469601677148846,0.6153039832285115,0.0,0.0,0.0,0.0,0.0,2022,32530,영월군,35654,18364,17290,1694,2410,2504,2501,4073,6543,8217,4717,2858,348,2571,21460,11623,0.0702305491669938,0.0701464071352443,0.1142368317720311,0.183513771245863,0.230465024962136,0.2222191058506759,0.325994278341841,0.6018960004487575,0.4849385763168228,2022
8회지방선거_기초의원비례,강원도,원주시,20220601,9,304060,157497,153214,4283,68319,83448.0,0.0,0.0,1447.0,0.0,0.0,원주시,원주시,0.44590572663072564,0.5446499667132246,0.0,0.0,0.009444306656049709,0.0,0.0,2022,32020,원주시,361810,180022,181788,29855,35354,47204,45656,56032,60870,51331,23104,13832,2076,43676,258000,60134,0.1304662668251292,0.1261877781155855,0.1548658135485476,0.1682374727066692,0.1418728061689837,0.1078245487963295,0.1662032558525192,0.7130814515906139,0.5024405074486609,2022
8회지방선거_기초의원비례,강원도,인제군,20220601,9,27939,18534,17565,969,7729,9836.0,0.0,0.0,0.0,0.0,0.0,인제군,인제군,0.4400227725590663,0.5599772274409337,0.0,0.0,0.0,0.0,0.0,2022,32590,인제군,30905,16830,14075,2641,2022,3611,4085,3909,4795,5639,2644,1584,242,3514,20459,6932,0.1168419349619802,0.1321792590195761,0.1264843876395405,0.1551528878822197,0.1824623847273904,0.1446367901634039,0.2243002750364018,0.6619964407053874,0.4554279242840964,2022
8회지방선거_기초의원비례,강원도,정선군,20220601,9,32001,22083,20991,1092,9349,11642.0,0.0,0.0,0.0,0.0,0.0,정선군,정선군,0.445381353913582,0.554618646086418,0.0,0.0,0.0,0.0,0.0,2022,32550,정선군,33354,17386,15968,1690,2164,2036,2564,4324,6268,7627,4261,2357,288,2635,20396,10323,0.0610421538646039,0.0768723391497271,0.1296396234334712,0.1879234874377885,0.2286682257000659,0.2070516279906458,0.3094981111710739,0.6115008694609342,0.4787431792288781,2022
8회지방선거_기초의원비례,강원도,철원군,20220601,9,37099,22453,21162,1291,8498,12664.0,0.0,0.0,0.0,0.0,0.0,철원군,철원군,0.4015688498251583,0.5984311501748417,0.0,0.0,0.0,0.0,0.0,2022,32560,철원군,41145,21372,19773,3285,3161,4559,4690,5139,6485,7110,4263,2434,323,4588,26348,10209,0.1108032567748207,0.1139871187264552,0.124899744804958,0.1576133187507595,0.1728034998177178,0.1706161137440758,0.2481224936201239,0.6403694252035484,0.4805687203791469,2022
8회지방선거_기초의원비례,강원도,춘천시,20220601,9,244406,137707,133208,4499,58041,71608.0,0.0,0.0,0.0,0.0,3559.0,춘천시,춘천시,0.43571707404960663,0.5375653113927091,0.0,0.0,0.0,0.0,0.026717614557684222,2022,32010,춘천시,293124,144265,148859,22681,28368,43522,35008,41053,46234,42287,21174,13380,2030,32978,204990,55156,0.1484764127127086,0.1194306846249368,0.1400533562587846,0.1577284698625837,0.1442631787229977,0.1248072488093776,0.188166100353434,0.6993286117820444,0.5078362740683123,2022
8회지방선거_기초의원비례,강원도,태백시,20220601,9,35236,22536,21703,833,8738,12965.0,0.0,0.0,0.0,0.0,0.0,태백시,태백시,0.40261714970280604,0.597382850297194,0.0,0.0,0.0,0.0,0.0,2022,32050,태백시,39113,19680,19433,2388,3289,2867,3058,5866,6969,7759,4819,2251,205,3774,24426,10913,0.0733004371947945,0.0781837240815074,0.1499757114003017,0.1781760539973921,0.1983739421675657,0.1859995397949531,0.279012093165955,0.6244982486641271,0.4968424820392197,2022
8회지방선거_기초의원비례,강원도,평창군,20220601,9,37372,25363,24579,784,9791,14788.0,0.0,0.0,0.0,0.0,0.0,평창군,평창군,0.39834818340860084,0.6016518165913992,0.0,0.0,0.0,0.0,0.0,2022,32540,평창군,38699,19891,18808,1805,2347,2628,2806,4631,7306,9288,4981,2781,360,2777,23663,12259,0.0679087314917698,0.0725083335486705,0.1196671748623995,0.1887904080208791,0.2400062017106385,0.2098762241918395,0.31677821132329,0.6114628284968604,0.4860073903718442,2022
8회지방선거_기초의원비례,강원도,홍천군,20220601,9,60743,36932,35950,982,13928,22022.0,0.0,0.0,0.0,0.0,0.0,홍천군,홍천군,0.3874269819193324,0.6125730180806676,0.0,0.0,0.0,0.0,0.0,2022,32510,홍천군,65215,33446,31769,3762,4442,5543,5705,7459,11245,14752,7346,4725,671,5529,40287,19399,0.0849957831787165,0.0874798742620562,0.1143755271026604,0.1724296557540443,0.2262056275396764,0.1953844974315725,0.2974622402821437,0.6177566510772061,0.4871425285593805,2022
8회지방선거_기초의원비례,강원도,화천군,20220601,9,21055,13832,13289,543,5428,7861.0,0.0,0.0,0.0,0.0,0.0,화천군,화천군,0.408458123259839,0.591541876740161,0.0,0.0,0.0,0.0,0.0,2022,32570,화천군,22545,12130,10415,1760,1503,2935,2674,2479,3465,4073,2128,1499,195,2396,14502,5647,0.1301840762918607,0.1186072299844755,0.1099578620536704,0.1536926147704591,0.1806609004213794,0.1695276114437791,0.2504768241295187,0.6432468396540253,0.4619649589709469,2022
8회지방선거_기초의원비례,강원도,횡성군,20220601,9,41777,27739,26624,1115,10402,16222.0,0.0,0.0,0.0,0.0,0.0,횡성군,횡성군,0.3907001201923077,0.6092998798076923,0.0,0.0,0.0,0.0,0.0,2022,32520,횡성군,44864,22926,21938,2198,3253,3510,3459,4617,7807,10748,5617,3396,515,3302,27225,14337,0.0782364479315263,0.0770996790299572,0.1029110199714693,0.1740148002853067,0.2395684736091298,0.2123751783166904,0.3195657988587732,0.6068339871611983,0.4889889443651926,2022
8회지방선거_기초의원비례,경기도,가평군,20220601,9,55791,33164,31841,1323,11375,20466.0,0.0,0.0,0.0,0.0,0.0,가평군,가평군,0.3572438051568732,0.6427561948431267,0.0,0.0,0.0,0.0,0.0,2022,31570,가평군,59755,30570,29185,3300,4626,5542,5313,7236,10550,12676,6681,3730,506,4923,38100,16732,0.0927453769559032,0.0889130616684796,0.1210944690820851,0.1765542632415697,0.2121328759099656,0.1826960087022006,0.280010041000753,0.6376035478202661,0.4884110116308259,2022
8회지방선거_기초의원비례,경기도,고양시덕양구,20220601,9,461775,241007,236456,4551,106322,111507.0,0.0,0.0,0.0,0.0,18627.0,고양시덕양구,고양시,0.44964813749703963,0.4715761071827317,0.0,0.0,0.0,0.0,0.07877575532022871,2022,31101,고양시 덕양구,473370,232645,240725,39853,38763,56982,69048,76091,82714,63936,30802,17141,2335,55882,340752,76736,0.1203751822041954,0.1458647569554471,0.1607431818661934,0.1747343515643154,0.1350655935103618,0.1062128990007816,0.1621057523712951,0.7198428290766208,0.5085345501404821,2022
8회지방선거_기초의원비례,경기도,고양시일산동구,20220601,9,229024,117242,115379,1863,49567,60430.0,0.0,0.0,0.0,0.0,5382.0,고양시일산동구,고양시,0.42960157394326526,0.5237521559382556,0.0,0.0,0.0,0.0,0.0466462701184791,2022,31103,고양시 일산동구,290321,140807,149514,21113,26672,37824,37603,47121,56018,38098,16044,10613,1817,31642,215318,43361,0.1302833759872692,0.1295221496205923,0.1623065503356629,0.1929519394050034,0.1312271589034207,0.098077645089401,0.149355368712563,0.7416549267879348,0.5149954705308951,2022
8회지방선거_기초의원비례,경기도,고양시일산서구,20220601,9,233891,125015,123084,1931,55324,62219.0,0.0,0.0,0.0,0.0,5541.0,고양시일산서구,고양시,0.4494816548048487,0.5055003087322479,0.0,0.0,0.0,0.0,0.04501803646290338,2022,31104,고양시 일산서구,280551,135901,144650,21650,29113,34538,33381,45803,55238,36243,15721,10215,1483,33392,205596,41563,0.1231077415514469,0.1189837141910027,0.1632608687903447,0.1968911178359728,0.1291850679555588,0.0977326760553339,0.1481477521021133,0.7328293251494381,0.5155925304133652,2022
8회지방선거_기초의원비례,경기도,과천시,20220601,9,65220,42658,41940,718,17252,24688.0,0.0,0.0,0.0,0.0,0.0,과천시,과천시,0.41134954697186454,0.5886504530281355,0.0,0.0,0.0,0.0,0.0,2022,31110,과천시,73406,36168,37238,7681,6839,8597,10898,11212,12643,9672,4142,2141,365,10568,52191,10647,0.1171157671035065,0.1484619785848568,0.1527395580742718,0.172233877339727,0.1317603465656758,0.0905648039669781,0.145042639566248,0.7109909271721657,0.5072882325695447,2022
8회지방선거_기초의원비례,경기도,광명시,20220601,9,247233,139566,136412,3154,70550,65862.0,0.0,0.0,0.0,0.0,0.0,광명시,광명시,0.5171832390112306,0.4828167609887693,0.0,0.0,0.0,0.0,0.0,2022,31060,광명시,284031,139684,144347,23082,27819,32959,38239,48121,48851,40156,18230,8247,1113,34184,205013,44834,0.1160401505469473,0.1346296707049582,0.1694216476370537,0.1719917896285968,0.1413789339895997,0.0971372843105154,0.157848967190201,0.7217979727564949,0.5082086110318944,2022
8회지방선거_기초의원비례,경기도,구리시,20220601,9,164045,88172,85996,2176,41213,44783.0,0.0,0.0,0.0,0.0,0.0,구리시,구리시,0.4792432206149123,0.5207567793850877,0.0,0.0,0.0,0.0,0.0,2022,31120,구리시,184114,90974,93140,14401,16038,23160,23997,29944,33701,26278,11896,5674,706,20839,134398,28877,0.1257916290993623,0.1303377255396113,0.1626383653605918,0.1830442008755445,0.1427267888373507,0.0992645860716729,0.1568430428973353,0.7299716480006953,0.5058822251431179,2022
8회지방선거_기초의원비례,경기도,군포시,20220601,9,231192,128222,125165,3057,63192,61973.0,0.0,0.0,0.0,0.0,0.0,군포시,군포시,0.5048695721647425,0.49513042783525746,0.0,0.0,0.0,0.0,0.0,2022,31160,군포시,267750,132765,134985,19749,23806,34240,38030,41780,47901,38619,15830,8656,1408,29210,197360,41180,0.1278804855275443,0.1420354808590102,0.1560410830999066,0.1789019607843137,0.144235294117647,0.0967096171802054,0.1538001867413632,0.7371055088702148,0.5041456582633054,2022
8회지방선거_기초의원비례,경기도,김포시,20220601,9,392604,195779,191534,4245,90973,100561.0,0.0,0.0,0.0,0.0,0.0,김포시,김포시,0.4749705013209143,0.5250294986790857,0.0,0.0,0.0,0.0,0.0,2022,31230,김포시,491249,251461,239788,56161,49043,51365,78562,94252,70940,55646,27730,12288,1676,78148,347415,65686,0.1045600092824616,0.1599229718533778,0.1918619681668563,0.1444074186410557,0.1132745308387396,0.0848734552131403,0.1337122314752803,0.7072075464784661,0.4881190597843456,2022
8회지방선거_기초의원비례,경기도,남양주시,20220601,9,610260,299214,291405,7809,143773,146236.0,0.0,1396.0,0.0,0.0,0.0,남양주시,남양주시,0.49337863111477154,0.5018307853331274,0.0,0.004790583552101027,0.0,0.0,0.0,2022,31130,남양주시,719886,357413,362473,67543,75295,80080,88703,128812,121640,92056,47893,22808,3343,99268,506832,113786,0.1112398351961282,0.1232181206468802,0.1789338867542916,0.1689711982174955,0.1278758025576271,0.102855174291485,0.1580611374578752,0.7040448070944566,0.5035144453427348,2022
8회지방선거_기초의원비례,경기도,동두천시,20220601,9,81074,39738,38487,1251,17318,21169.0,0.0,0.0,0.0,0.0,0.0,동두천시,동두천시,0.44997011978070517,0.5500298802192948,0.0,0.0,0.0,0.0,0.0,2022,31080,동두천시,94142,47054,47088,6313,8441,10904,10518,13563,16247,14401,8527,5276,722,9557,63817,20768,0.1158250302734167,0.1117248411973401,0.1440695969917783,0.1725797199974506,0.1529710437424316,0.1542882029274925,0.2206029189947101,0.6778802234921714,0.5001805782753712,2022
8회지방선거_기초의원비례,경기도,부천시,20220601,9,702974,347411,340458,6953,168109,156068.0,0.0,0.0,0.0,0.0,16281.0,부천시,부천시,0.49377309389117013,0.45840602952493403,0.0,0.0,0.0,0.0,0.04782087658389581,6066.0,93156.0,부천시,810142.0,400250.0,409892.0,57519.0,65128.0,104664.0,115219.0,124281.0,145590.0,126840.0,50845.0,22983.0,3554.0,82943.0,598167.0,129032.0,0.1291921663115849,0.14222074648641844,0.15340643985869143,0.17970923615859935,0.1565651453695772,0.09551658844992607,0.15927084387675247,0.7383483389331746,0.5059508086236734,2022
8회지방선거_기초의원비례,경기도,성남시분당구,20220601,9,404133,250551,246798,3753,93353,143236.0,0.0,0.0,0.0,0.0,10209.0,성남시분당구,성남시,0.3782567119668717,0.5803774746959052,0.0,0.0,0.0,0.0,0.04136581333722315,2022,31023,성남시 분당구,459088,222850,236238,40454,48574,54208,65386,80560,77687,54582,26339,13907,2342,60502,332914,65672,0.1180775798975359,0.1424258529955041,0.1754783396647266,0.1692202802077161,0.1188922385250758,0.0927665284215662,0.1430488272400934,0.7251638030181577,0.514581082493988,2022
8회지방선거_기초의원비례,경기도,성남시수정구,20220601,9,208907,106894,104582,2312,50172,50425.0,0.0,0.0,0.0,0.0,3985.0,성남시수정구,성남시,0.47973838710294314,0.48215754145072764,0.0,0.0,0.0,0.0,0.0381040714463292,2022,31021,성남시 수정구,242193,122391,119802,15751,17069,35261,35172,35845,41776,36897,17846,7268,877,21983,178290,41920,0.1455905001383194,0.1452230246126023,0.1480018002171821,0.1724905344085089,0.152345443509928,0.1073152403248648,0.1730851015512421,0.7361484435966358,0.4946550891231373,2022
8회지방선거_기초의원비례,경기도,성남시중원구,20220601,9,185468,94462,92305,2157,46309,42447.0,0.0,0.0,0.0,0.0,3549.0,성남시중원구,성남시,0.5016954661177617,0.45985591246411356,0.0,0.0,0.0,0.0,0.0384486214181247,2022,31022,성남시 중원구,203409,102340,101069,12819,14547,27437,30140,29986,35261,32044,15418,6364,783,18358,149053,35998,0.1348858703400537,0.1481743678991588,0.1474172725887251,0.1733502450727352,0.1575348190099749,0.1109341277917889,0.1769734869155249,0.7327748526368056,0.4968757527936325,2022
8회지방선거_기초의원비례,경기도,수원시권선구,20220601,9,352407,173770,169935,3835,79769,81260.0,0.0,0.0,0.0,0.0,8906.0,수원시권선구,수원시,0.4694088916350369,0.47818283461323446,0.0,0.0,0.0,0.0,0.0524082737517286,2022,31012,수원시 권선구,371343,187584,183759,32301,31760,50132,58765,61838,64315,47343,19113,8269,1115,45251,279052,47040,0.1350018715850305,0.1582499198853889,0.1665252879413372,0.173195670848784,0.1274912951099118,0.076740372108805,0.1266753378951535,0.751466972583299,0.4948497750058571,2022
8회지방선거_기초의원비례,경기도,수원시영통구,20220601,9,296856,160482,158204,2278,71563,77331.0,0.0,0.0,0.0,0.0,9310.0,수원시영통구,수원시,0.4523463376400091,0.48880559277894364,0.0,0.0,0.0,0.0,0.058848069581047255,2022,31014,수원시 영통구,363819,182734,181085,35579,41002,58900,60471,65535,55927,31802,12189,5795,811,51812,281436,30571,0.1618936888947526,0.1662117701384479,0.1801307793160885,0.1537220431038511,0.0874115975251429,0.0516603036125106,0.0840280469134377,0.773560479249297,0.4977337632174241,2022
8회지방선거_기초의원비례,경기도,수원시장안구,20220601,9,199204,106066,103673,2393,47978,50388.0,0.0,0.0,0.0,0.0,5307.0,수원시장안구,수원시,0.462782016532752,0.4860281847732775,0.0,0.0,0.0,0.0,0.051189798693970466,2022,31011,수원시 장안구,276081,139587,136494,18683,27473,43962,33981,42927,49752,35370,16495,8496,1294,28822,206828,40431,0.1592358764275701,0.1230834429026264,0.1554869766481576,0.1802079824399361,0.1281145750703597,0.0952075658955161,0.1464461516728786,0.749156950315306,0.4943983830832256,2022
8회지방선거_기초의원비례,경기도,수원시팔달구,20220601,9,164086,79242,77169,2073,33856,39459.0,0.0,0.0,0.0,0.0,3854.0,수원시팔달구,수원시,0.43872539491246487,0.5113322707304747,0.0,0.0,0.0,0.0,0.049942334357060476,2022,31013,수원시 팔달구,205106,103974,101132,13436,13580,30585,33343,30836,36177,28494,13236,5952,726,18584,154777,31745,0.149118017025343,0.1625647226312248,0.1503417744970893,0.1763819683480736,0.1389232884459742,0.0970912601289089,0.1547736292453658,0.754619562567648,0.493071875030472,2022
8회지방선거_기초의원비례,경기도,시흥시,20220601,9,431352,195091,190512,4579,102103,88409.0,0.0,0.0,0.0,0.0,0.0,시흥시,시흥시,0.5359399932812631,0.4640600067187369,0.0,0.0,0.0,0.0,0.0,2022,31150,시흥시,557663,294555,263108,53768,51268,71380,90807,101731,98259,61420,22240,10904,1616,74747,425094,57822,0.1279984506772011,0.1628349020824404,0.1824237935814282,0.176197811222907,0.1101382017454986,0.062331551492568,0.1036862764788053,0.7622775762422825,0.471804656217106,2022
8회지방선거_기초의원비례,경기도,안산시단원구,20220601,9,266229,121588,118918,2670,60715,58203.0,0.0,0.0,0.0,0.0,0.0,안산시단원구,안산시,0.5105618997964985,0.4894381002035016,0.0,0.0,0.0,0.0,0.0,2022,31092,안산시 단원구,352941,185123,167818,24977,29036,50368,55071,57901,69012,45184,15341,7538,1171,36063,276117,40761,0.1427094046880356,0.156034578017289,0.164052915359791,0.1955340977670489,0.128021397344032,0.068141700737517,0.1154895577447788,0.7823318911659456,0.4754845710756188,2022
8회지방선거_기초의원비례,경기도,안산시상록구,20220601,9,305390,138911,135597,3314,70984,64613.0,0.0,0.0,0.0,0.0,0.0,안산시상록구,안산시,0.5234924076491367,0.4765075923508632,0.0,0.0,0.0,0.0,0.0,2022,31091,안산시 상록구,362147,184512,177635,24916,32449,58127,47897,55745,70751,46496,17801,9469,1395,36942,279302,45903,0.160506645091634,0.1322584475364976,0.1539292055436052,0.1953654179104065,0.1283898527393572,0.0791529406566946,0.1267523961264348,0.7712393033768056,0.4905052368237207,2022
8회지방선거_기초의원비례,경기도,안성시,20220601,9,163518,81737,79071,2666,36993,42078.0,0.0,0.0,0.0,0.0,0.0,안성시,안성시,0.4678453541753614,0.5321546458246386,0.0,0.0,0.0,0.0,0.0,2022,31220,안성시,208619,109080,99539,14878,19558,29558,27616,32581,33432,28631,14503,8356,1281,22113,150182,36324,0.1416841227309113,0.1323752870064567,0.1561746533153739,0.1602538599072951,0.1372406156677963,0.1157133338765884,0.1741164515216735,0.7198864916426596,0.477132955291704,2022
8회지방선거_기초의원비례,경기도,안양시동안구,20220601,9,265101,155813,152708,3105,74830,77878.0,0.0,0.0,0.0,0.0,0.0,안양시동안구,안양시,0.4900201692118291,0.5099798307881709,0.0,0.0,0.0,0.0,0.0,2022,31042,안양시 동안구,304493,149215,155278,25558,30639,37694,44792,50090,52974,40703,16194,7672,1167,38048,225050,41395,0.1237926651844213,0.1471035458943227,0.1645029606591941,0.1739744427622309,0.133674665755863,0.0822120705566302,0.1359472959969523,0.7390974505161039,0.5099558938957546,2022
8회지방선거_기초의원비례,경기도,안양시만안구,20220601,9,208936,111004,108319,2685,53476,54843.0,0.0,0.0,0.0,0.0,0.0,안양시만안구,안양시,0.49368993436054615,0.5063100656394538,0.0,0.0,0.0,0.0,0.0,2022,31041,안양시 만안구,236296,117602,118694,15767,16965,31628,33427,33340,42097,38051,17395,8036,1167,22038,171798,42460,0.1338490706571418,0.1414624030876528,0.1410942208078003,0.1781536716660459,0.1610310796627958,0.1125622101093543,0.1796898804888783,0.7270457392423063,0.5023106612045909,2022
8회지방선거_기초의원비례,경기도,양주시,20220601,9,197751,95151,92170,2981,43872,48298.0,0.0,0.0,0.0,0.0,0.0,양주시,양주시,0.4759900184441792,0.5240099815558208,0.0,0.0,0.0,0.0,0.0,2022,31260,양주시,242995,124291,118704,21544,23952,28130,30734,40173,40217,32457,17261,9566,1593,31326,169060,42609,0.1157636988415399,0.1264799687236363,0.1653243893907282,0.1655054630753719,0.1335706496018436,0.1169571390357826,0.1753492870223667,0.695734480133336,0.4885038786806313,2022
8회지방선거_기초의원비례,경기도,양평군,20220601,9,107165,63419,61429,1990,24698,36731.0,0.0,0.0,0.0,0.0,0.0,양평군,양평군,0.4020576600628368,0.5979423399371633,0.0,0.0,0.0,0.0,0.0,2022,31580,양평군,116950,58451,58499,7348,9514,9596,10221,15275,20082,24263,13456,7065,1064,11101,73193,32656,0.0820521590423257,0.0873963232150491,0.1306113723813595,0.1717144078666096,0.20746472851646,0.1845660538691748,0.2792304403591278,0.6258486532706284,0.5002052159042326,2022
8회지방선거_기초의원비례,경기도,여주시,20220601,9,98333,50658,49111,1547,18061,31050.0,0.0,0.0,0.0,0.0,0.0,여주시,여주시,0.3677587505854086,0.6322412494145915,0.0,0.0,0.0,0.0,0.0,2022,31280,여주시,113831,58240,55591,7380,9354,12674,12366,15763,19545,20038,10546,6071,966,10983,76327,26521,0.1113404959984538,0.1086347304337131,0.1384772162240514,0.1717019089703156,0.1760328908645272,0.154465830924792,0.2329857420210663,0.670529117727157,0.4883643295763017,2022
8회지방선거_기초의원비례,경기도,연천군,20220601,9,37898,22792,21862,930,8564,13298.0,0.0,0.0,0.0,0.0,0.0,연천군,연천군,0.39172994236574876,0.6082700576342512,0.0,0.0,0.0,0.0,0.0,2022,31550,연천군,41288,21840,19448,2573,2710,4772,4290,4577,6589,7940,4719,2987,385,3704,25787,11797,0.1155783762836659,0.103904282115869,0.1108554543693082,0.159586320480527,0.1923076923076923,0.1959649292772718,0.2857246657624491,0.6245640379771362,0.4710327455919395,2022
8회지방선거_기초의원비례,경기도,오산시,20220601,9,190375,83165,81131,2034,40970,40161.0,0.0,0.0,0.0,0.0,0.0,오산시,오산시,0.5049857637647754,0.4950142362352245,0.0,0.0,0.0,0.0,0.0,2022,31140,오산시,242596,126049,116547,23845,25241,30437,39849,46917,37552,25031,10917,5072,677,34411,181548,26637,0.1254637339445003,0.1642607462612738,0.1933956042144141,0.154792329634454,0.1031797721314448,0.0686985770581543,0.1097998318191561,0.7483552902768389,0.4804160002638131,2022
8회지방선거_기초의원비례,경기도,용인시기흥구,20220601,9,434819,241179,237035,4144,107722,120435.0,0.0,0.0,0.0,0.0,8878.0,용인시기흥구,용인시,0.4544560929820491,0.5080895226443353,0.0,0.0,0.0,0.0,0.03745438437361571,2022,31192,용인시 기흥구,431163,212735,218428,40915,47526,55290,53906,78382,71002,45675,27541,13976,2111,60507,307204,63452,0.128234565581926,0.1250246426525467,0.1817920368862819,0.1646755403408919,0.1059344145949443,0.1011867901466498,0.1471647613547544,0.7125008407493222,0.5066019115740451,2022
8회지방선거_기초의원비례,경기도,용인시수지구,20220601,9,231983,135860,134338,1522,55581,74037.0,0.0,0.0,0.0,0.0,4720.0,용인시수지구,용인시,0.41373996933109025,0.5511247748217184,0.0,0.0,0.0,0.0,0.03513525584719141,2022,31193,용인시 수지구,364474,177700,186774,37041,42387,43361,47955,67771,58073,36167,23583,11144,1421,54798,257450,52226,0.118968705586681,0.1315731712001404,0.1859419327578922,0.1593337247650038,0.09923067214671,0.0991785422279778,0.1432914281951524,0.7063603988213151,0.5124480758572628,2022
8회지방선거_기초의원비례,경기도,용인시처인구,20220601,9,222743,105101,101923,3178,43563,54928.0,0.0,0.0,0.0,0.0,3432.0,용인시처인구,용인시,0.4274108886119914,0.5389166331446288,0.0,0.0,0.0,0.0,0.03367247824337981,2022,31191,용인시 처인구,268863,139323,129540,21216,25418,39358,35580,43435,44511,35188,16926,8463,1304,30943,196550,41370,0.1463868215410822,0.132335055399962,0.1615506782264573,0.1655527164392274,0.1308770637834138,0.0992810464809215,0.153870186674998,0.7310414597769124,0.4818067194072817,2022
8회지방선거_기초의원비례,경기도,의왕시,20220601,9,138928,80551,78638,1913,37752,40886.0,0.0,0.0,0.0,0.0,0.0,의왕시,의왕시,0.48007324703069765,0.5199267529693024,0.0,0.0,0.0,0.0,0.0,2022,31170,의왕시,157318,77880,79438,13093,13699,20220,21717,22877,28271,23800,9487,4720,785,18302,114252,24764,0.1285294753302228,0.1380452332218817,0.1454188331913703,0.1797060730494921,0.151285930408472,0.0952974230539417,0.1574136462451849,0.7262487445810397,0.5049517537726135,2022
8회지방선거_기초의원비례,경기도,의정부시,20220601,9,400177,187842,183414,4428,90611,92803.0,0.0,0.0,0.0,0.0,0.0,의정부시,의정부시,0.4940244474249512,0.5059755525750488,0.0,0.0,0.0,0.0,0.0,2022,31030,의정부시,455128,223559,231569,35383,39359,59699,59806,71069,80218,63184,32088,16300,2090,50932,327162,77034,0.1311696929215517,0.131404791619061,0.1561516760120229,0.1762537132411102,0.1388268794712696,0.1109094584380657,0.1692578791021426,0.7188351408834438,0.5087997222759312,2022
8회지방선거_기초의원비례,경기도,이천시,20220601,9,188563,88718,86253,2465,36826,49427.0,0.0,0.0,0.0,0.0,0.0,이천시,이천시,0.42695326539366746,0.5730467346063325,0.0,0.0,0.0,0.0,0.0,2022,31210,이천시,227193,118763,108430,19043,21660,32120,33787,35427,35919,29369,13657,7447,1000,27628,165575,33990,0.1413775952604173,0.1487149692111992,0.1559335014723165,0.1580990611506516,0.1292689475467994,0.0972917299388625,0.1496084826557156,0.7287856580088296,0.47725942260545,2022
8회지방선거_기초의원비례,경기도,파주시,20220601,9,403729,187068,183266,3802,86225,88850.0,0.0,0.0,0.0,0.0,8191.0,파주시,파주시,0.47049098032368253,0.4848144227516288,0.0,0.0,0.0,0.0,0.044694596924688704,2022,31200,파주시,490765,251118,239647,47884,49917,57464,73047,83755,78541,56883,29477,16831,2489,68701,349583,72481,0.1170906645746946,0.1488431326602345,0.1706621295324646,0.1600379000132446,0.1159067985695801,0.0994304809837702,0.1476898311819302,0.7123225983923059,0.4883131437653459,2022
8회지방선거_기초의원비례,경기도,포천시,20220601,9,131980,67744,65613,2131,27668,37945.0,0.0,0.0,0.0,0.0,0.0,포천시,포천시,0.4216847271120052,0.5783152728879948,0.0,0.0,0.0,0.0,0.0,2022,31270,포천시,163542,89523,74019,8729,12466,26648,20452,20590,28433,26601,12174,7363,1126,12939,118876,31727,0.1629428526005552,0.1250565603942718,0.125900380330435,0.1738574800357094,0.1626554646512822,0.1263467488473909,0.1939990950336916,0.7268836139951816,0.4525993322816157,2022
8회지방선거_기초의원비례,경기도,하남시,20220601,9,266856,139669,135739,3930,63936,71803.0,0.0,0.0,0.0,0.0,0.0,하남시,하남시,0.47102159290992274,0.5289784070900773,0.0,0.0,0.0,0.0,0.0,2022,31180,하남시,315203,157092,158111,35291,28195,34328,51601,57690,45724,39360,18522,6997,1106,47896,223554,43753,0.1089075928845854,0.163707198218291,0.1830249077578576,0.1450620711097293,0.1248719079450386,0.0844693737051995,0.1388089580365669,0.7092381734945417,0.5016164186254572,2022
8회지방선거_기초의원비례,경기도,화성시,20220601,9,711229,336654,330124,6530,164069,157567.0,0.0,0.0,0.0,0.0,8488.0,화성시,화성시,0.49699203935490904,0.4772964098338806,0.0,0.0,0.0,0.0,0.025711550811210335,2022,31240,화성시,931472,492101,439371,109888,102175,116215,165864,181157,130916,83359,35424,16548,2326,154889,689106,87477,0.1247648882628785,0.1780665441365924,0.1944846436607863,0.1405474345981414,0.0894916862772042,0.0582926808320593,0.0939126457907484,0.7398032361681296,0.4716953381314736,2022
8회지방선거_기초의원비례,경상남도,거제시,20220601,9,193369,99229,96826,2403,38079,52791.0,0.0,0.0,0.0,0.0,5956.0,거제시,거제시,0.3932724681387231,0.5452151281680541,0.0,0.0,0.0,0.0,0.061512403693222896,2022,38090,거제시,236686,125420,111266,25206,26645,19777,31871,47518,40966,29853,12045,5270,795,37196,169104,30386,0.0835579628706387,0.1346551971810753,0.2007638812604041,0.1730816355846987,0.1261291331130696,0.0765148762495458,0.128381061828752,0.7144655788682052,0.4700996256643823,2022
8회지방선거_기초의원비례,경상남도,거창군,20220601,9,52803,34746,33251,1495,9261,23990.0,0.0,0.0,0.0,0.0,0.0,거창군,거창군,0.27851793931009594,0.7214820606899041,0.0,0.0,0.0,0.0,0.0,2022,38590,거창군,58702,28951,29751,3707,5594,5063,4664,7021,9772,10781,6801,5005,776,5761,35506,17435,0.0862491908282511,0.0794521481380532,0.1196041020748867,0.1664679227283567,0.1836564341930428,0.2143368198698511,0.2970086198085244,0.6048516234540561,0.5068140778849102,2022
8회지방선거_기초의원비례,경상남도,고성군,20220601,9,44745,30304,29266,1038,9098,20168.0,0.0,0.0,0.0,0.0,0.0,고성군,고성군,0.3108726850269938,0.6891273149730062,0.0,0.0,0.0,0.0,0.0,2022,38540,고성군,48298,24498,23800,2322,3892,3216,3652,5773,8290,9929,6618,4287,662,3834,28336,16128,0.0665866081411238,0.0756138970557787,0.1195287589548221,0.1716427181249741,0.2055778707192844,0.2394923185225061,0.3339268706778748,0.5866909602882107,0.4927740279100583,2022
8회지방선거_기초의원비례,경상남도,김해시,20220601,9,444484,203341,200391,2950,82540,108609.0,0.0,0.0,0.0,0.0,9242.0,김해시,김해시,0.41189474577201574,0.5419854185068191,0.0,0.0,0.0,0.0,0.046119835721165126,2022,38070,김해시,547313,280568,266745,49740,58076,66393,72330,97169,100037,65937,28387,13611,1853,73706,403628,69979,0.1213071861987564,0.1321547268199366,0.1775382642107898,0.1827784101601825,0.1204740249180998,0.0801205160484037,0.127859195743569,0.7374719767299516,0.4873719425630307,2022
8회지방선거_기초의원비례,경상남도,남해군,20220601,9,38538,27217,25908,1309,9665,16243.0,0.0,0.0,0.0,0.0,0.0,남해군,남해군,0.3730507951211981,0.6269492048788019,0.0,0.0,0.0,0.0,0.0,2022,38550,남해군,40491,20138,20353,1615,2648,2772,2564,4123,6568,8531,6323,4730,824,2635,22001,15855,0.0684596577017114,0.0633227136894618,0.1018250969351213,0.1622088859252673,0.2106887950408733,0.2933244424686967,0.391568496702971,0.5433553135264627,0.5026549109678694,2022
8회지방선거_기초의원비례,경상남도,밀양시,20220601,9,92419,50560,48989,1571,13768,35221.0,0.0,0.0,0.0,0.0,0.0,밀양시,밀양시,0.2810426830512972,0.7189573169487028,0.0,0.0,0.0,0.0,0.0,2022,38080,밀양시,101574,49645,51929,5495,7080,9323,9042,12159,17070,21343,12670,7155,896,8274,62560,30740,0.0917852993876385,0.0890188434048083,0.119705830232146,0.1680548171776242,0.2101226691869966,0.2039990548762478,0.3026365014669108,0.6159056451454112,0.5112430346348475,2022
8회지방선거_기초의원비례,경상남도,양산시,20220601,9,294411,138370,136102,2268,51285,81820.0,0.0,0.0,0.0,0.0,2997.0,양산시,양산시,0.37681297850141804,0.6011667719798387,0.0,0.0,0.0,0.0,0.022020249518743297,2022,38100,양산시,352842,177197,175645,34630,34562,37535,47247,61481,59268,47558,22826,10464,1295,49118,249149,54575,0.1063790591822969,0.1339041270597037,0.1742451295480696,0.1679732004693319,0.1347855414038011,0.098018376497129,0.1546726296756055,0.7061205865514877,0.4978007153343423,2022
8회지방선거_기초의원비례,경상남도,진주시,20220601,9,292168,155162,152508,2654,43417,101266.0,0.0,0.0,0.0,0.0,7825.0,진주시,진주시,0.2846867049597398,0.6640045112387547,0.0,0.0,0.0,0.0,0.0513087838015055,2022,38030,진주시,351119,174881,176238,28584,35199,47968,41378,52441,56749,50045,26572,13717,1891,42247,245125,63747,0.1366146520125655,0.1178460863695784,0.1493539227441409,0.1616232673253227,0.1425300254329728,0.1201302122642181,0.1815538321765555,0.6981251370617939,0.5019323932911633,2022
8회지방선거_기초의원비례,경상남도,창원시마산합포구,20220601,9,156850,83913,82521,1392,22662,56623.0,0.0,0.0,0.0,0.0,3236.0,창원시마산합포구,창원시,0.2746210055622205,0.6861647338253293,0.0,0.0,0.0,0.0,0.03921426061245016,2022,38113,창원시 마산합포구,179191,89165,90026,13902,14326,19183,20700,26445,28134,31274,17630,8102,1142,19651,118164,41376,0.1070533676356513,0.1155191946024074,0.1475799565826408,0.1570056531857068,0.1745288546857822,0.1499740500359951,0.2309044539067252,0.6594304401448734,0.5024024644094849,2022
8회지방선거_기초의원비례,경상남도,창원시마산회원구,20220601,9,159983,85591,83853,1738,24643,55524.0,0.0,0.0,0.0,0.0,3686.0,창원시마산회원구,창원시,0.29388334347012035,0.6621587778612572,0.0,0.0,0.0,0.0,0.04395787866862247,2022,38114,창원시 마산회원구,183667,91474,92193,12726,16901,20072,19757,28489,32586,31405,16264,6410,798,19466,126633,37568,0.1092847381402211,0.1075696777319823,0.1551122411756058,0.1774189157551438,0.1709888003833024,0.1277965012767672,0.2045440933864004,0.6894706180206569,0.5019573467198789,2022
8회지방선거_기초의원비례,경상남도,창원시성산구,20220601,9,212811,112812,110961,1851,37271,62483.0,0.0,0.0,0.0,0.0,11207.0,창원시성산구,창원시,0.3358927911608583,0.563107758581844,0.0,0.0,0.0,0.0,0.1009994502572976,2022,38112,창원시 성산구,246438,126896,119542,19654,23654,32500,35397,39623,50082,33924,9857,3692,511,29270,191160,26008,0.1318790121653316,0.1436345044189613,0.1607828338162134,0.2032235288388966,0.1376573418060526,0.0570528895706019,0.1055356722583367,0.775692060477686,0.4850794114544023,2022
8회지방선거_기초의원비례,경상남도,창원시의창구,20220601,9,185184,94810,93023,1787,29036,58175.0,0.0,0.0,0.0,0.0,5812.0,창원시의창구,창원시,0.31213785837911057,0.625382969803167,0.0,0.0,0.0,0.0,0.0624791718177225,2022,38111,창원시 의창구,215053,109515,105538,18007,18564,26104,28060,33483,40264,33109,13076,5730,778,25795,156348,32910,0.1213840309133097,0.1304794632020943,0.1556965027225846,0.1872282646603395,0.1539573965487577,0.0910659232840276,0.1530320432637535,0.7270207809237723,0.4907534421747197,2022
8회지방선거_기초의원비례,경상남도,창원시진해구,20220601,9,159730,75199,73617,1582,24262,45701.0,0.0,0.0,0.0,0.0,3654.0,창원시진해구,창원시,0.32957061548283684,0.6207941100561012,0.0,0.0,0.0,0.0,0.04963527446106198,2022,38115,창원시 진해구,192402,99257,93145,19185,20291,19028,25389,36053,29982,25435,12700,5988,771,28178,133464,30760,0.0988971008617374,0.1319580877537655,0.1873837070300724,0.1558299809773287,0.1321971705075831,0.1011372023159842,0.1598735979875469,0.6936726229457074,0.4841165892246442,2022
8회지방선거_기초의원비례,경상남도,통영시,20220601,9,106064,61240,59616,1624,19089,40527.0,0.0,0.0,0.0,0.0,0.0,통영시,통영시,0.32019927536231885,0.6798007246376812,0.0,0.0,0.0,0.0,0.0,2022,38050,통영시,123006,63463,59543,8881,12022,10061,13005,20605,21087,21322,11514,5213,619,14259,82039,26708,0.0817927580768417,0.1057265499243939,0.1675121538786725,0.1714306619189307,0.1733411378306749,0.1410175113409102,0.2171276197909045,0.6669512056322456,0.4840658179275807,2022
8회지방선거_기초의원비례,경상남도,하동군,20220601,9,39428,29113,27467,1646,9996,17471.0,0.0,0.0,0.0,0.0,0.0,하동군,하동군,0.36392762223759423,0.6360723777624058,0.0,0.0,0.0,0.0,0.0,2022,38560,하동군,39542,19615,19927,1629,2265,2339,2419,3979,7141,9029,5933,4278,726,2618,21869,15055,0.0591522937635931,0.0611754590056142,0.1006271812250265,0.1805927874159122,0.2283394871276111,0.2765919781498154,0.3807344089828536,0.5530575084720044,0.5039451722219412,2022
8회지방선거_기초의원비례,경상남도,합천군,20220601,9,39435,27360,25871,1489,6258,19613.0,0.0,0.0,0.0,0.0,0.0,합천군,합천군,0.2418924664682463,0.7581075335317538,0.0,0.0,0.0,0.0,0.0,2022,38600,합천군,40082,19467,20615,1495,1975,2389,2357,3619,6567,9254,6605,5297,699,2316,20939,16827,0.0596028142308268,0.0588044508757048,0.0902899056933286,0.1638391297839429,0.2308767027593433,0.314380519934135,0.4198143805199341,0.5224040716531111,0.5143206426825009,2022
8회지방선거_기초의원비례,경상북도,경산시,20220601,9,230676,100037,96993,3044,20968,76025.0,0.0,0.0,0.0,0.0,0.0,경산시,경산시,0.21618054911179158,0.7838194508882085,0.0,0.0,0.0,0.0,0.0,2022,37100,경산시,295543,148992,146551,21079,28028,53262,35327,42102,46331,38610,20855,10905,1467,29969,215769,49805,0.1802174302893318,0.1195325214943341,0.1424564276602727,0.156765682151159,0.1306408881279543,0.1124269564834897,0.1685203168405274,0.7300765032499501,0.4958703132877449,2022
8회지방선거_기초의원비례,경상북도,구미시,20220601,9,337510,144565,142030,2535,35118,106912.0,0.0,0.0,0.0,0.0,0.0,구미시,구미시,0.24725762162923326,0.7527423783707667,0.0,0.0,0.0,0.0,0.0,2022,37050,구미시,409171,211489,197682,40660,43552,52580,62227,72035,69542,45676,17360,9076,1297,58359,305596,45216,0.1285037307140535,0.1520806704287449,0.1760510886646414,0.1699582815008883,0.1116305896556696,0.0677785082520511,0.1105063653093694,0.7468662246346882,0.4831280809246012,2022
8회지방선거_기초의원비례,경상북도,김천시,20220601,9,120471,67271,64383,2888,14216,50167.0,0.0,0.0,0.0,0.0,0.0,김천시,김천시,0.22080362828697017,0.7791963717130298,0.0,0.0,0.0,0.0,0.0,2022,37030,김천시,137698,69099,68599,10481,11632,13842,14721,18672,22753,23236,13654,8609,1257,15018,88654,34026,0.1005243358654446,0.1069078708477973,0.1356010980551642,0.1652384203111156,0.1687460965300875,0.1708085810977646,0.247105985562608,0.6438292495170591,0.4981844325988758,2022
8회지방선거_기초의원비례,경상북도,상주시,20220601,9,84980,54363,51767,2596,10640,41127.0,0.0,0.0,0.0,0.0,0.0,상주시,상주시,0.20553634554832229,0.7944636544516777,0.0,0.0,0.0,0.0,0.0,2022,37080,상주시,93208,46019,47189,5137,7067,7784,6986,10516,15395,18814,12121,8693,1290,7766,54623,30819,0.0835121448802677,0.074950648013046,0.1128229336537636,0.1651682259033559,0.20184962664149,0.2371470260063513,0.3306475838983778,0.5860333876920436,0.5062762852973993,2022
8회지방선거_기초의원비례,경상북도,안동시,20220601,9,135862,74543,72339,2204,18326,54013.0,0.0,0.0,0.0,0.0,0.0,안동시,안동시,0.25333499218955197,0.746665007810448,0.0,0.0,0.0,0.0,0.0,2022,37040,안동시,156025,77217,78808,10500,13823,17509,14559,20794,25136,26609,16490,10385,1529,15496,99967,40562,0.112219195641724,0.0933119692356994,0.1332735138599583,0.1611023874379105,0.1705431821823425,0.1820477487582118,0.2599711584681942,0.6407114244512098,0.5050985419003365,2022
8회지방선거_기초의원비례,경상북도,영주시,20220601,9,89061,56293,54399,1894,12980,41419.0,0.0,0.0,0.0,0.0,0.0,영주시,영주시,0.2386073273405761,0.7613926726594239,0.0,0.0,0.0,0.0,0.0,2022,37060,영주시,101521,50654,50867,6153,9064,9913,8067,12894,16794,19010,11876,7448,1134,9414,62667,29440,0.0976448222535239,0.0794613922242688,0.1270082051989243,0.1654239024438293,0.1872518986219599,0.2015149574964785,0.289989263305129,0.6172811536529388,0.5010490440401494,2022
8회지방선거_기초의원비례,경상북도,영천시,20220601,9,90932,51697,49737,1960,11084,38653.0,0.0,0.0,0.0,0.0,0.0,영천시,영천시,0.22285220258560026,0.7771477974143998,0.0,0.0,0.0,0.0,0.0,2022,37070,영천시,99741,51094,48647,5823,6145,9174,10049,12050,17223,19154,12430,7387,895,8192,62024,29525,0.0919782235991217,0.1007509449474138,0.1208129054250508,0.1726772340361536,0.1920373768059273,0.2076578337895148,0.2960166832095126,0.6218505930359631,0.4877332290632739,2022
8회지방선거_기초의원비례,경상북도,의성군,20220601,9,47168,34921,32799,2122,5865,26934.0,0.0,0.0,0.0,0.0,0.0,의성군,의성군,0.17881642733010153,0.8211835726698985,0.0,0.0,0.0,0.0,0.0,2022,37520,의성군,47775,23322,24453,1890,1875,2401,2964,3941,7407,11879,8433,6321,844,2650,23748,21377,0.0502564102564102,0.0620408163265306,0.0824908424908424,0.1550392464678179,0.2486446886446886,0.3264887493458922,0.4474515960230246,0.4970800627943485,0.5118367346938776,2022
8회지방선거_기초의원비례,경상북도,포항시남구,20220601,9,196727,90442,87738,2704,18686,65283.0,0.0,0.0,0.0,0.0,3769.0,포항시남구,포항시,0.2129749937313365,0.7440675647951857,0.0,0.0,0.0,0.0,0.04295744147347785,2022,37011,포항시 남구,227243,118920,108323,17325,20498,24887,26096,35034,39769,38484,18885,7626,894,25801,156658,44784,0.109517124839929,0.114837420734632,0.154169765405315,0.175006490849003,0.1693517512090581,0.1205977741888639,0.1970753774593716,0.6893853716066062,0.4766835502083673,2022
8회지방선거_기초의원비례,경상북도,포항시북구,20220601,9,230960,105680,103652,2028,21387,77462.0,0.0,0.0,0.0,0.0,4803.0,포항시북구,포항시,0.206334658279628,0.7473275961872419,0.0,0.0,0.0,0.0,0.04633774553313009,2022,37012,포항시 북구,269365,133717,135648,22143,23910,28752,30753,40151,47188,45525,21698,10267,1553,32096,183671,53598,0.1067399253800605,0.1141685074155885,0.1490579696694076,0.1751823733595678,0.1690085942865628,0.1244333896385944,0.1989790804298999,0.6818666122176229,0.5035843557997512,2022
8회지방선거_기초의원비례,광주광역시,광산구,20220601,9,326410,108819,104562,4257,74879,0.0,0.0,0.0,0.0,0.0,29683.0,광산구,광산구,0.7161205791779041,0.0,0.0,0.0,0.0,0.0,0.283879420822096,2022,24050,광산구,421755,213534,208221,41007,51274,63422,56123,76874,70609,39041,17744,9442,1412,61257,317133,43365,0.1503764033621415,0.1330701473604343,0.1822716980237341,0.1674171023461488,0.0925679600716055,0.0678071392158954,0.1028203577906604,0.7519365508411281,0.4937013194864317,2022
8회지방선거_기초의원비례,광주광역시,남구,20220601,9,180158,71495,68654,2841,55246,0.0,0.0,0.0,0.0,0.0,13408.0,남구,남구,0.8047018382031637,0.0,0.0,0.0,0.0,0.0,0.19529816179683632,2022,24030,남구,214531,102898,111633,18123,22125,27057,24366,33660,33395,30060,18181,8747,1177,27040,146179,41312,0.1261216327710214,0.1135779910595671,0.1569004013405988,0.1556651486265388,0.1401196097533689,0.1310067076553039,0.192568906125455,0.6813887037304632,0.5203583631270073,2022
8회지방선거_기초의원비례,광주광역시,북구,20220601,9,363222,137849,133816,4033,93657,18510.0,0.0,0.0,0.0,0.0,21649.0,북구,북구,0.6998938841394153,0.13832426615651341,0.0,0.0,0.0,0.0,0.16178184970407125,2022,24040,북구,434712,216165,218547,34555,41362,64844,54659,65443,72147,58524,30949,14325,1885,50180,313258,71274,0.1491654244649331,0.1257361195458142,0.1505433482397541,0.1659650527245624,0.1346270634351018,0.1084833176907929,0.163956826588638,0.7206104271333664,0.5027397449345774,2022
8회지방선거_기초의원비례,광주광역시,서구,20220601,9,246841,97914,93264,4650,66899,0.0,0.0,0.0,0.0,0.0,26365.0,서구,서구,0.7173078572653971,0.0,0.0,0.0,0.0,0.0,0.28269214273460286,2022,24020,서구,286793,141113,145680,21489,27647,40793,34601,45938,50684,37745,20089,9281,1219,32456,208011,46326,0.1422384786239552,0.1206479935005387,0.1601782470283445,0.1767267680870872,0.1316106041639789,0.1066588096641131,0.1615311391840107,0.7253001293615953,0.5079621887563504,2022
8회지방선거_기초의원비례,대구광역시,달서구,20220601,9,464339,192174,188862,3312,40995,147867.0,0.0,0.0,0.0,0.0,0.0,달서구,달서구,0.21706325253359596,0.7829367474664041,0.0,0.0,0.0,0.0,0.0,2022,22070,달서구,545073,269226,275847,39218,51813,76394,63756,82910,100210,80462,36928,16548,1889,58846,397418,88809,0.1401537041827425,0.116967818989383,0.1521080662590148,0.1838469342638509,0.1476169247054981,0.1015735506987137,0.1629304698636696,0.7291096788870481,0.5060734984121393,2022
8회지방선거_기초의원비례,대구광역시,동구,20220601,9,297073,130979,128411,2568,28518,99893.0,0.0,0.0,0.0,0.0,0.0,동구,동구,0.22208377786949715,0.7779162221305028,0.0,0.0,0.0,0.0,0.0,2022,22020,동구,332954,162916,170038,25483,25288,37278,42218,49263,54763,53497,31357,14924,1692,35654,225064,72236,0.1119614120869549,0.126798296461373,0.1479573754933114,0.1644761738858821,0.1606738468377013,0.1440829664157811,0.2169548946701346,0.6759612438955531,0.5106951711047172,2022
8회지방선거_기초의원비례,대구광역시,북구,20220601,9,373423,160393,157100,3293,35825,121275.0,0.0,0.0,0.0,0.0,0.0,북구,북구,0.22803946530872057,0.7719605346912795,0.0,0.0,0.0,0.0,0.0,2022,22050,북구,439303,218472,220831,33407,41659,65899,51937,67518,77575,59425,29806,14411,1619,48770,320060,70473,0.1500080809828296,0.1182259169639178,0.153693464419774,0.1765865473261052,0.1352710999014347,0.1043380081629308,0.1604200290004848,0.7285632012528938,0.5026849349993057,2022
8회지방선거_기초의원비례,대구광역시,수성구,20220601,9,349048,157500,155671,1829,35328,120343.0,0.0,0.0,0.0,0.0,0.0,수성구,수성구,0.22694014941768217,0.7730598505823179,0.0,0.0,0.0,0.0,0.0,2022,22060,수성구,402458,194837,207621,31039,46327,46145,39880,66657,74186,55496,29992,15219,1965,49777,281246,71435,0.1146579270383493,0.0990910852809485,0.1656247359972966,0.1843322781507635,0.1378926496677914,0.1172196850354571,0.1774967822729328,0.6988207465126796,0.515882402635803,2022
8회지방선거_기초의원비례,대전광역시,대덕구,20220601,9,152766,76122,74383,1739,33890,40493.0,0.0,0.0,0.0,0.0,0.0,대덕구,대덕구,0.4556148582337362,0.5443851417662638,0.0,0.0,0.0,0.0,0.0,2022,25050,대덕구,174695,88590,86105,11271,15368,24674,20240,25130,32575,27286,12590,6120,768,16913,127023,30759,0.1412404476373107,0.1158590686625261,0.143850711239589,0.1864678439566101,0.1561922207275537,0.1114971808008243,0.1760725836457826,0.7271129683162082,0.4928876041100203,2022
8회지방선거_기초의원비례,대전광역시,동구,20220601,9,191882,94037,91841,2196,40836,51005.0,0.0,0.0,0.0,0.0,0.0,동구,동구,0.44463801570104855,0.5553619842989514,0.0,0.0,0.0,0.0,0.0,2022,25010,동구,231324,116188,115136,15102,22012,37785,25299,32456,35316,34315,19480,9884,1432,22331,162917,46076,0.1633423250505784,0.1093660839342221,0.1403053725510539,0.1526689837630336,0.1483417198388407,0.1331292905189258,0.19918382874237,0.7042805761615742,0.4977261330428317,2022
8회지방선거_기초의원비례,대전광역시,서구,20220601,9,399035,192502,189129,3373,86519,102610.0,0.0,0.0,0.0,0.0,0.0,서구,서구,0.457460251997314,0.542539748002686,0.0,0.0,0.0,0.0,0.0,2022,25030,서구,474248,232872,241376,38567,48455,75110,63815,74166,76085,60256,27481,12916,1887,56871,349665,67712,0.1583770516691688,0.134560398778698,0.1563865319410941,0.1604329380408562,0.1270558863716873,0.0891601018876199,0.142777618461227,0.7373041109293028,0.5089657731819639,2022
8회지방선거_기초의원비례,대전광역시,중구,20220601,9,199894,100323,97800,2523,42286,55514.0,0.0,0.0,0.0,0.0,0.0,중구,중구,0.4323721881390593,0.5676278118609407,0.0,0.0,0.0,0.0,0.0,2022,25020,중구,224114,109817,114297,14852,20004,27879,24524,33375,37545,34764,20889,10730,1399,22524,152774,48816,0.1243965124891796,0.10942645260894,0.1489197462005943,0.1675263481977922,0.1551174848514595,0.1473268068929205,0.2178177177686356,0.6816798593572914,0.5099949133030511,2022
8회지방선거_기초의원비례,부산광역시,강서구,20220601,9,112859,51484,50313,1171,19894,30419.0,0.0,0.0,0.0,0.0,0.0,강서구,강서구,0.39540476616381454,0.6045952338361855,0.0,0.0,0.0,0.0,0.0,2022,21120,강서구,143734,75952,67782,20887,13271,12977,27424,27734,16815,16604,7130,2704,330,27435,98787,17512,0.0902848317030069,0.1907968886971767,0.1929536504932723,0.1169869341978933,0.115518944717325,0.0707139577274688,0.1218361695910501,0.6872904114544923,0.4715794453643536,2022
8회지방선거_기초의원비례,부산광역시,금정구,20220601,9,200445,102855,100458,2397,34100,66358.0,0.0,0.0,0.0,0.0,0.0,금정구,금정구,0.33944534034123713,0.6605546596587629,0.0,0.0,0.0,0.0,0.0,2022,21110,금정구,227484,110587,116897,12246,17809,36515,23215,29108,36750,39135,22567,10251,1402,18344,157008,52132,0.1605167835979673,0.1020511332665154,0.1279562518682632,0.1615498232842749,0.1720340771219074,0.1504281619806228,0.2291677656450563,0.6901935960331276,0.5138691072778745,2022
8회지방선거_기초의원비례,부산광역시,기장군,20220601,9,143871,64252,62470,1782,22873,39597.0,0.0,0.0,0.0,0.0,0.0,기장군,기장군,0.3661437489995198,0.6338562510004803,0.0,0.0,0.0,0.0,0.0,2022,21510,기장군,174501,86365,88136,19343,17801,15808,23631,32859,25135,22327,13087,5918,844,27173,117121,30207,0.0905897387407522,0.1354204273901009,0.1883026458301098,0.1440392891731279,0.1279476908441785,0.1137471991564518,0.173105025186102,0.6711766694746735,0.5050744694872809,2022
8회지방선거_기초의원비례,부산광역시,남구,20220601,9,227019,118479,115792,2687,42457,73335.0,0.0,0.0,0.0,0.0,0.0,남구,남구,0.36666609092165264,0.6333339090783474,0.0,0.0,0.0,0.0,0.0,2022,21070,남구,258062,126131,131931,17033,22023,37732,26982,38319,40685,40709,25169,10491,1114,25540,176688,55834,0.1462129255760243,0.1045562694236268,0.1484875727538343,0.1576559121451434,0.1577489130519022,0.1425006393812339,0.2163588594988801,0.6846726755585867,0.5112376095666933,2022
8회지방선거_기초의원비례,부산광역시,동구,20220601,9,80869,40823,39700,1123,13611,26089.0,0.0,0.0,0.0,0.0,0.0,동구,동구,0.3428463476070529,0.6571536523929471,0.0,0.0,0.0,0.0,0.0,2022,21030,동구,85918,41697,44221,4319,4563,9773,10777,11212,13584,15575,10694,5274,609,5991,55886,24041,0.1137479922717009,0.125433552922554,0.1304965199376149,0.158104238925487,0.1812774971484438,0.1929397797900323,0.2798133103656975,0.6504574128820503,0.5146884238459927,2022
8회지방선거_기초의원비례,부산광역시,부산진구,20220601,9,313025,149089,145998,3091,52828,93170.0,0.0,0.0,0.0,0.0,0.0,부산진구,부산진구,0.3618405731585364,0.6381594268414635,0.0,0.0,0.0,0.0,0.0,2022,21050,부산진구,350426,167405,183021,21418,24727,52174,47097,47988,54368,56780,32155,14524,1561,30409,245847,74170,0.1488873542488285,0.1343992740264706,0.1369418935809557,0.1551483052056639,0.1620313561208357,0.1376610183034363,0.2116566693110671,0.701566093840069,0.5222814517187652,2022
8회지방선거_기초의원비례,부산광역시,북구,20220601,9,245787,125958,122896,3062,47489,75407.0,0.0,0.0,0.0,0.0,0.0,북구,북구,0.3864161567504231,0.6135838432495769,0.0,0.0,0.0,0.0,0.0,2022,21080,북구,275580,135387,140193,19341,20894,32969,33318,37971,49850,49457,23097,9669,1170,27637,192855,55088,0.1196349517381522,0.1209013716525147,0.1377857609405617,0.1808912112635169,0.1794651280934756,0.1231439146527324,0.1998983961100225,0.6998149357718267,0.5087197909862835,2022
8회지방선거_기초의원비례,부산광역시,사상구,20220601,9,184625,87673,85395,2278,31190,54205.0,0.0,0.0,0.0,0.0,0.0,사상구,사상구,0.3652438667369284,0.6347561332630716,0.0,0.0,0.0,0.0,0.0,2022,21150,사상구,206948,103562,103386,11584,14599,29495,24325,27290,36562,38529,18345,6900,771,16857,147558,42533,0.1425237257668593,0.1175416046543093,0.1318688752730154,0.1766724007963353,0.186177203935288,0.1257127394321278,0.2055250594352204,0.7130196957689855,0.4995747724065948,2022
8회지방선거_기초의원비례,부산광역시,수영구,20220601,9,156247,74909,73313,1596,24070,49243.0,0.0,0.0,0.0,0.0,0.0,수영구,수영구,0.32831830643951276,0.6716816935604872,0.0,0.0,0.0,0.0,0.0,2022,21140,수영구,170007,79729,90278,10316,10519,22167,23024,23597,25955,28499,17832,8086,1111,14485,114859,40663,0.130388748698583,0.1354297175998635,0.1388001670519449,0.1526701841688871,0.1676342738828401,0.1589875711000135,0.239184268883046,0.6756133570970607,0.531025193080285,2022
8회지방선거_기초의원비례,부산광역시,연제구,20220601,9,180173,92050,90289,1761,32295,57994.0,0.0,0.0,0.0,0.0,0.0,연제구,연제구,0.3576847678011718,0.6423152321988282,0.0,0.0,0.0,0.0,0.0,2022,21130,연제구,199751,95333,104418,14481,15305,22904,25097,30062,32179,33257,18960,8174,936,20603,135658,43490,0.114662755130137,0.1256414235723475,0.1504973692246847,0.1610955639771515,0.1664922828922007,0.1405249535671911,0.2177210627230902,0.6791355237270401,0.5227408123113276,2022
8회지방선거_기초의원비례,부산광역시,영도구,20220601,9,99395,50226,48918,1308,19191,29727.0,0.0,0.0,0.0,0.0,0.0,영도구,영도구,0.39230957929596466,0.6076904207040353,0.0,0.0,0.0,0.0,0.0,2022,21040,영도구,109889,55037,54852,5093,7643,13422,10315,13830,17289,21553,14298,6417,659,7675,70519,31695,0.1221414336284796,0.0938674480612254,0.1258542711281384,0.1573314890480394,0.1961342809562376,0.1945053645041815,0.2884274131168725,0.6417293814667528,0.4991582414982391,2022
8회지방선거_기초의원비례,부산광역시,중구,20220601,9,38236,19130,18616,514,6365,12251.0,0.0,0.0,0.0,0.0,0.0,중구,중구,0.34191018478727975,0.6580898152127203,0.0,0.0,0.0,0.0,0.0,2022,21010,중구,41145,20277,20868,1139,1783,6234,5077,5067,6466,7788,5006,2357,362,1777,27885,11483,0.151512942034269,0.1233928788431158,0.1231498359460444,0.1571515372463239,0.1892818082391542,0.1877506379876048,0.2790861587070118,0.6777251184834123,0.5071819176084579,2022
8회지방선거_기초의원비례,부산광역시,해운대구,20220601,9,337958,164713,161105,3608,55085,106020.0,0.0,0.0,0.0,0.0,0.0,해운대구,해운대구,0.3419198659259489,0.6580801340740511,0.0,0.0,0.0,0.0,0.0,2022,21090,해운대구,377199,181375,195824,28282,34536,40886,42104,60191,67171,59919,31840,14100,1670,42240,260482,74477,0.1083937126026315,0.1116227773668541,0.1595735937794108,0.178078414842033,0.1588524890044777,0.1262198468182577,0.1974475011863764,0.6905691690593029,0.5191530200239131,2022
8회지방선거_기초의원비례,서울특별시,강남구,20220601,9,450895,241452,238181,3271,66139,172042.0,0.0,0.0,0.0,0.0,0.0,강남구,강남구,0.27768377830305524,0.7223162216969448,0.0,0.0,0.0,0.0,0.0,2022,11230,강남구,500149,239430,260719,35342,54333,61803,72066,90955,80022,60013,35522,13145,1951,57829,363263,79057,0.1235691763854371,0.144089061459685,0.181855806969523,0.1599963210963133,0.1199902429076135,0.1012058406594834,0.1580668960649726,0.7263095597511942,0.5212826577679851,2022
8회지방선거_기초의원비례,서울특별시,강동구,20220601,9,397544,214029,210425,3604,84337,117743.0,0.0,0.0,0.0,0.0,8345.0,강동구,강동구,0.4007936319353689,0.559548532731377,0.0,0.0,0.0,0.0,0.03965783533325413,2022,11250,강동구,448655,219114,229541,35914,36976,55424,67915,72291,69658,66982,33394,12102,1871,51079,320029,77547,0.1235336728666793,0.151374664274331,0.1611282611360622,0.1552596092766156,0.1492951154004747,0.1055755535990906,0.1728432760138636,0.713307552573804,0.5116202873031617,2022
8회지방선거_기초의원비례,서울특별시,강북구,20220601,9,268130,133364,130146,3218,65541,64605.0,0.0,0.0,0.0,0.0,0.0,강북구,강북구,0.5035959614586695,0.49640403854133053,0.0,0.0,0.0,0.0,0.0,2022,11090,강북구,287788,138515,149273,14484,19194,40055,35696,40896,49177,46274,28997,13380,1379,21655,201430,64703,0.1391823147594757,0.1240357485371176,0.1421046047785175,0.1708792583429469,0.1607919718681807,0.1520424757112874,0.2248286933437113,0.6999249447509973,0.5186908418697096,2022
8회지방선거_기초의원비례,서울특별시,강서구,20220601,9,504606,260886,254944,5942,118431,130477.0,0.0,0.0,0.0,0.0,6036.0,강서구,강서구,0.4645373101543869,0.5117869022216643,0.0,0.0,0.0,0.0,0.02367578762394879,2022,11160,강서구,555999,266085,289914,37720,40315,79873,96385,85671,81572,79061,40874,16382,2424,53586,407294,95119,0.1436567331955633,0.1733546283356624,0.154084809505053,0.1467124940872196,0.1421962989142066,0.1073383225509398,0.171077645823104,0.7325444829936745,0.5214289953758909,2022
8회지방선거_기초의원비례,서울특별시,관악구,20220601,9,450180,226737,221984,4753,104755,105015.0,0.0,0.0,0.0,0.0,12214.0,관악구,관악구,0.47190338042381436,0.4730746360098025,0.0,0.0,0.0,0.0,0.055021983566383166,2022,11210,관악구,496743,248148,248595,20630,26485,115556,88770,63680,67816,61823,37321,15337,1548,29651,385034,82058,0.2326273344566506,0.1787040783664792,0.128195062638024,0.136521299746549,0.1244567110155553,0.1091228260891446,0.1651920610859136,0.7751171128732564,0.500449930849554,2022
8회지방선거_기초의원비례,서울특별시,광진구,20220601,9,305462,156986,153776,3210,71355,82421.0,0.0,0.0,0.0,0.0,0.0,광진구,광진구,0.46401909270627406,0.5359809072937259,0.0,0.0,0.0,0.0,0.0,2022,11050,광진구,346519,165843,180676,18659,24446,66920,55951,49099,54297,45351,22711,10006,1231,27546,265456,53517,0.193120723538969,0.1614658936450815,0.1416920861482343,0.1566927066048326,0.1308759404246232,0.0979686539554829,0.1544417477829498,0.7660647756688667,0.5214028667980688,2022
8회지방선거_기초의원비례,서울특별시,구로구,20220601,9,353697,188047,183681,4366,83865,94409.0,0.0,0.0,0.0,0.0,5407.0,구로구,구로구,0.456579613569177,0.513983482232784,0.0,0.0,0.0,0.0,0.02943690419803899,2022,11170,구로구,424038,210737,213301,28207,28325,53096,66323,64581,71487,65637,34182,13586,1532,39336,306010,78692,0.1252151929779878,0.1564081520995759,0.152300029714318,0.1685863059442786,0.1547903725609497,0.1162631650936944,0.1855777076582759,0.7216570213046944,0.5030233139482783,2022
8회지방선거_기초의원비례,서울특별시,금천구,20220601,9,212879,105817,102536,3281,51775,50761.0,0.0,0.0,0.0,0.0,0.0,금천구,금천구,0.5049446048217211,0.49505539517827885,0.0,0.0,0.0,0.0,0.0,2022,11180,금천구,247185,125201,121984,12854,13496,36859,40692,33410,44229,39275,19178,7700,853,17881,184924,44380,0.1491150352974492,0.1646216396626008,0.135161923255861,0.1789307603616724,0.1588890911665351,0.1121872281894127,0.1795416388534903,0.7481198292776665,0.4934927281186156,2022
8회지방선거_기초의원비례,서울특별시,노원구,20220601,9,441748,245087,240247,4840,105231,119319.0,0.0,0.0,0.0,0.0,15697.0,노원구,노원구,0.438011712945427,0.49665136297227436,0.0,0.0,0.0,0.0,0.06533692408229863,2022,11110,노원구,496423,238120,258303,32215,48168,69746,60586,76763,84127,70550,37836,18047,2428,49920,356706,89797,0.1404971163705146,0.1220451107221059,0.1546322390380784,0.1694663623562969,0.1421167028924929,0.1174623254764585,0.180888073276218,0.7185525247621484,0.5203284295852529,2022
8회지방선거_기초의원비례,서울특별시,도봉구,20220601,9,280913,148551,145488,3063,69168,76320.0,0.0,0.0,0.0,0.0,0.0,도봉구,도봉구,0.4754206532497526,0.5245793467502474,0.0,0.0,0.0,0.0,0.0,2022,11100,도봉구,304137,146600,157537,17448,22459,38668,37323,43106,53293,51021,27824,13388,1708,25883,212439,65815,0.1271400717439837,0.1227177226052732,0.1417321799057661,0.1752269536426018,0.167756635989702,0.1411206134077734,0.216399188523593,0.6984977164896083,0.5179803838401773,2022
8회지방선거_기초의원비례,서울특별시,동대문구,20220601,9,302024,156928,153846,3082,68043,81734.0,0.0,0.0,0.0,0.0,4069.0,동대문구,동대문구,0.4422799422799423,0.5312715312715313,0.0,0.0,0.0,0.0,0.02644852644852645,2022,11060,동대문구,350709,169670,181039,20726,23756,70468,50138,47956,51054,47176,27396,12787,1352,28934,258825,62950,0.2009301158510331,0.1429618287526125,0.1367401463891716,0.1455736807438645,0.1345160802830837,0.1184315201491835,0.1794935402285085,0.7380050127028391,0.5162085945898166,2022
8회지방선거_기초의원비례,서울특별시,마포구,20220601,9,324528,174972,171317,3655,81846,89471.0,0.0,0.0,0.0,0.0,0.0,마포구,마포구,0.4777459329780466,0.5222540670219534,0.0,0.0,0.0,0.0,0.0,2022,11140,마포구,362415,168773,193642,24117,26354,64667,62853,56727,53511,40589,22995,11692,1452,34115,274443,53857,0.1784335637321854,0.1734282521418815,0.1565249782707669,0.1476511733785853,0.1119959162838182,0.0997171750617386,0.1486058799994481,0.7572617027440918,0.534310114095719,2022
8회지방선거_기초의원비례,서울특별시,서대문구,20220601,9,271718,146932,143365,3567,68730,74120.0,515.0,0.0,0.0,0.0,0.0,서대문구,서대문구,0.47940571269138216,0.5170020576849301,0.00359222962368779,0.0,0.0,0.0,0.0,2022,11130,서대문구,318308,146857,171451,20376,23840,62869,45056,44154,47691,39801,22998,12243,1407,28463,235716,54129,0.1975099589077246,0.1415484373625545,0.1387147039973861,0.1498265830579187,0.1250392701408698,0.115133769807859,0.1700522764115259,0.7405280420221924,0.538632393782123,2022
8회지방선거_기초의원비례,서울특별시,서초구,20220601,9,342589,191808,188934,2874,57013,131921.0,0.0,0.0,0.0,0.0,0.0,서초구,서초구,0.3017614616744472,0.6982385383255528,0.0,0.0,0.0,0.0,0.0,2022,11220,서초구,383181,183006,200175,31870,40062,45978,54095,69125,60878,46460,26850,10431,1508,48792,274035,60354,0.1199902917942173,0.141173492422641,0.1803977754638147,0.1588753095795459,0.1212481829735816,0.1012289231459806,0.1575078096252163,0.7151581106578875,0.5224032506830976,2022
8회지방선거_기초의원비례,서울특별시,성북구,20220601,9,379123,202176,198097,4079,93818,99743.0,0.0,0.0,0.0,0.0,4536.0,성북구,성북구,0.47359626849472736,0.5035058582411647,0.0,0.0,0.0,0.0,0.022897873264107988,2022,11080,성북구,436113,207284,228829,29154,37594,75521,58164,64644,67806,56113,32555,15984,1906,42146,318438,75529,0.1731684219456883,0.1333691038790405,0.1482276382497196,0.1554780527065233,0.1286661943120246,0.1156695627050787,0.1731867658152818,0.730173143199125,0.5247011668994045,2022
8회지방선거_기초의원비례,서울특별시,송파구,20220601,9,569507,313233,308435,4798,116144,187702.0,0.0,0.0,0.0,0.0,4589.0,송파구,송파구,0.3765590805193963,0.6085625820675344,0.0,0.0,0.0,0.0,0.014878337413069204,2022,11240,송파구,635758,305954,329804,50507,54225,82564,101969,103174,100135,87863,43305,15509,2266,72299,462646,100813,0.1298670248742446,0.160389645116538,0.1622850204008443,0.1575048996630793,0.1382019573485508,0.0960742924194426,0.1585713431840417,0.7277077126831278,0.5187571371496702,2022
8회지방선거_기초의원비례,서울특별시,양천구,20220601,9,378444,209655,207262,2393,92672,114590.0,0.0,0.0,0.0,0.0,0.0,양천구,양천구,0.4471248950603584,0.5528751049396416,0.0,0.0,0.0,0.0,0.0,2022,11150,양천구,426981,208521,218460,30874,46063,51280,52596,72232,73864,60733,30335,11757,1605,49611,306740,70630,0.1200990207995203,0.1231811251554518,0.1691691199374211,0.17299130406271,0.1422381792164054,0.1023394483595288,0.1654171965497294,0.7183926216857425,0.51163869118298,2022
8회지방선거_기초의원비례,서울특별시,은평구,20220601,9,418387,215926,211739,4187,107000,104739.0,0.0,0.0,0.0,0.0,0.0,은평구,은평구,0.5053391203321069,0.494660879667893,0.0,0.0,0.0,0.0,0.0,2022,11120,은평구,454649,216315,238334,28930,34973,60296,64719,69761,74531,66291,38293,18221,1969,42114,324489,88046,0.1326209889387197,0.1423493728128732,0.1534392465396382,0.1639308565508777,0.1458069851687785,0.1286332973348671,0.1936570849160561,0.7137132161293658,0.5242153837355851,2022
8회지방선거_기초의원비례,서울특별시,중구,20220601,9,112039,60305,58847,1458,26753,32094.0,0.0,0.0,0.0,0.0,0.0,중구,중구,0.454619606776896,0.5453803932231039,0.0,0.0,0.0,0.0,0.0,2022,11020,중구,125257,59795,65462,6793,6709,20791,21260,17137,19653,17991,9953,4908,694,8986,92579,23692,0.1659867312804873,0.1697310329961599,0.1368147089583815,0.1569014106996016,0.1436326911869196,0.1241846763055158,0.1891471135345729,0.7391123849365704,0.5226214902161157,2022
8회지방선거_기초의원비례,서울특별시,중랑구,20220601,9,348762,177674,173070,4604,85854,87216.0,0.0,0.0,0.0,0.0,0.0,중랑구,중랑구,0.496065175940371,0.5039348240596291,0.0,0.0,0.0,0.0,0.0,2022,11070,중랑구,379127,185196,193931,22788,23908,51854,57667,53496,64333,60756,31788,13413,1520,31886,273865,73376,0.136772110664764,0.1521047037008706,0.14110311320481,0.1696872024413982,0.1602523692588499,0.1232331118596143,0.1935393680745502,0.7223568883250204,0.5115198864760357,2022
8회지방선거_기초의원비례,울산광역시,동구,20220601,9,127369,70820,69354,1466,23218,35010.0,0.0,0.0,0.0,0.0,11126.0,동구,동구,0.3347752112351126,0.504801453412925,0.0,0.0,0.0,0.0,0.1604233353519624,2022,26030,동구,154118,81404,72714,14508,15649,16066,21435,26962,24465,24150,9518,2863,332,21104,110349,22665,0.1042447994393905,0.1390817425608949,0.1749438741743339,0.1587420028809094,0.156698114431799,0.0824887423921929,0.1470626403145641,0.7160033221297967,0.4718073164717943,2022
8회지방선거_기초의원비례,울산광역시,북구,20220601,9,175784,88507,86582,1925,41004,45578.0,0.0,0.0,0.0,0.0,0.0,북구,북구,0.473585733755284,0.526414266244716,0.0,0.0,0.0,0.0,0.0,2022,26040,북구,216750,112367,104383,25481,23995,23149,32481,39332,38822,23985,8370,3454,488,35830,159832,21088,0.106800461361015,0.1498546712802768,0.1814625144175317,0.1791095732410611,0.1106574394463667,0.0568027681660899,0.0972918108419838,0.7374025374855825,0.4815824682814302,2022
8회지방선거_기초의원비례,울산광역시,울주군,20220601,9,189051,99370,96646,2724,36642,60004.0,0.0,0.0,0.0,0.0,0.0,울주군,울주군,0.3791362291248474,0.6208637708751527,0.0,0.0,0.0,0.0,0.0,2022,26510,울주군,223854,117193,106661,17505,21217,25996,26287,35604,43222,33240,14610,7266,1067,26015,161006,36833,0.11612926282309,0.1174292172576768,0.1590500951513039,0.1930812047137866,0.1484896405692996,0.1024909092533526,0.1645402807186827,0.7192455797082027,0.476475738651085,2022
8회지방선거_기초의원비례,울산광역시,중구,20220601,9,181055,98376,96253,2123,35479,60774.0,0.0,0.0,0.0,0.0,0.0,중구,중구,0.36860149813512305,0.6313985018648769,0.0,0.0,0.0,0.0,0.0,2022,26010,중구,204622,103223,101399,15952,18158,21861,23966,31784,38861,34154,15498,5748,627,23659,144505,36458,0.1068360195873366,0.11712328097663,0.1553303163882671,0.1899160403084712,0.1669126486888018,0.1068946643078456,0.1781724350265367,0.706204611429856,0.4955430012413132,2022
8회지방선거_기초의원비례,인천광역시,강화군,20220601,9,63147,39085,37608,1477,13063,24545.0,0.0,0.0,0.0,0.0,0.0,강화군,강화군,0.3473463092958945,0.6526536907041055,0.0,0.0,0.0,0.0,0.0,2022,23510,강화군,66420,33292,33128,3301,4445,4490,5070,7017,10897,15064,9596,5955,972,5006,38009,23405,0.0676001204456489,0.0763324299909665,0.1056458897922312,0.1640620295091839,0.2267991568804576,0.2487654320987654,0.3523788015657934,0.5722523336344475,0.4987654320987654,2022
8회지방선거_기초의원비례,인천광역시,계양구,20220601,9,258156,144682,142144,2538,75225,66919.0,0.0,0.0,0.0,0.0,0.0,계양구,계양구,0.5292168505177848,0.4707831494822152,0.0,0.0,0.0,0.0,0.0,2022,23070,계양구,288122,142279,145843,17898,23896,39247,37520,42374,56866,45726,16777,8625,1316,27019,217303,43800,0.1362166026891386,0.130222614031556,0.1470696441090926,0.1973677817035839,0.1587036047229993,0.0927315512178868,0.1520189364227653,0.7542048160154379,0.5061848800161043,2022
8회지방선거_기초의원비례,인천광역시,남동구,20220601,9,441226,212011,207639,4372,99843,107796.0,0.0,0.0,0.0,0.0,0.0,남동구,남동구,0.4808489734587433,0.5191510265412567,0.0,0.0,0.0,0.0,0.0,2022,23050,남동구,511392,255604,255788,39571,46238,64552,69034,85275,88093,73165,33091,14944,2319,58702,372172,80518,0.1262280207746699,0.1349923346473937,0.1667507508916838,0.1722612008009511,0.143070286590326,0.0984645829422439,0.1574486890682685,0.7277626556535887,0.5001799011325949,2022
8회지방선거_기초의원비례,인천광역시,동구,20220601,9,52728,28939,28085,854,12594,15491.0,0.0,0.0,0.0,0.0,0.0,동구,동구,0.4484244258500979,0.5515755741499021,0.0,0.0,0.0,0.0,0.0,2022,23020,동구,58078,29169,28909,3549,4438,5822,6511,9088,9443,9995,6304,2979,401,5318,38421,14339,0.1002444987775061,0.1121078549536829,0.1564792176039119,0.1625916870415648,0.1720961465615207,0.1667412789696614,0.2468921106098695,0.6615413753917145,0.4977616309101553,2022
8회지방선거_기초의원비례,인천광역시,미추홀구,20220601,9,358612,160302,155792,4510,69953,85839.0,0.0,0.0,0.0,0.0,0.0,미추홀구,미추홀구,0.44901535380507346,0.5509846461949266,0.0,0.0,0.0,0.0,0.0,2022,23090,미추홀구,415303,209232,206071,28713,32290,60029,57483,63246,66842,60568,32186,15062,2053,40930,298741,75632,0.1445426592150791,0.1384121954332138,0.1522888108200518,0.1609475491388215,0.14584050681069,0.1187109170894503,0.1821128188334782,0.7193326318374776,0.496194344851831,2022
8회지방선거_기초의원비례,인천광역시,부평구,20220601,9,426463,202579,198052,4527,98268,99784.0,0.0,0.0,0.0,0.0,0.0,부평구,부평구,0.49617272231535153,0.5038272776846485,0.0,0.0,0.0,0.0,0.0,2022,23060,부평구,498254,245816,252438,34334,39473,63750,72615,75365,89421,75752,33461,15729,2195,49905,365922,82427,0.1279467901913482,0.1457389203097215,0.1512581936120934,0.1794687047168713,0.1520349058913726,0.1031301304154106,0.1654316874525844,0.7344085546729179,0.5066452050560557,2022
8회지방선거_기초의원비례,인천광역시,서구,20220601,9,472254,218336,213775,4561,105910,107865.0,0.0,0.0,0.0,0.0,0.0,서구,서구,0.495427435387674,0.504572564612326,0.0,0.0,0.0,0.0,0.0,2022,23080,서구,581069,295063,286006,57984,57015,70181,90196,102596,98180,69776,27419,12227,1971,82039,430034,68996,0.1207791157332433,0.1552242504762773,0.1765642290330408,0.1689644431212128,0.1200821244981232,0.0716214425481311,0.1187397710082623,0.7400738982805829,0.4922066054117497,2022
8회지방선거_기초의원비례,인천광역시,연수구,20220601,9,317883,164247,161229,3018,70605,90624.0,0.0,0.0,0.0,0.0,0.0,연수구,연수구,0.43791749623206744,0.5620825037679326,0.0,0.0,0.0,0.0,0.0,2022,23040,연수구,400488,199745,200743,41584,45648,52152,57991,70079,65421,46047,16842,8115,1329,59890,296761,43837,0.1302211302211302,0.1448008429715746,0.1749840194962146,0.1633532090849164,0.1149772277821058,0.0656349253910229,0.1094589600687161,0.7409984818521403,0.5012459799045165,2022
8회지방선거_기초의원비례,인천광역시,옹진군,20220601,9,18895,12694,12145,549,4227,7918.0,0.0,0.0,0.0,0.0,0.0,옹진군,옹진군,0.34804446274186907,0.6519555372581309,0.0,0.0,0.0,0.0,0.0,2022,23520,옹진군,19329,11155,8174,912,961,2368,1874,2152,3215,4261,2314,1146,221,1286,12440,5603,0.1225102178074395,0.0969527652749754,0.1113352992912204,0.1663303843965026,0.2204459620259713,0.190439236380568,0.2898753168813699,0.643592529360029,0.4228878886647007,2022
8회지방선거_기초의원비례,인천광역시,중구,20220601,9,124974,57354,55692,1662,25399,30293.0,0.0,0.0,0.0,0.0,0.0,중구,중구,0.4560619119442649,0.5439380880557351,0.0,0.0,0.0,0.0,0.0,2022,23010,중구,150670,77750,72920,13543,14181,18368,23994,26456,22488,18157,9802,4406,755,19152,108479,23039,0.1219088073272715,0.1592486891882923,0.1755890356408044,0.1492533351032056,0.1205083958319506,0.0993097497842968,0.1529103338421716,0.7199774341275635,0.4839715935488153,2022
8회지방선거_기초의원비례,전라남도,고흥군,20220601,9,57371,44652,41123,3529,34939,6184.0,0.0,0.0,0.0,0.0,0.0,고흥군,고흥군,0.8496218661089902,0.1503781338910099,0.0,0.0,0.0,0.0,0.0,2022,36550,고흥군,58630,28768,29862,2500,3005,3359,3562,5570,9155,12471,10463,7618,1211,3751,29697,25182,0.057291488998806,0.0607538802660753,0.0950025584171925,0.156148729319461,0.2127068053897322,0.3290465631929046,0.429507078287566,0.5065154357837285,0.5093296946955483,2022
8회지방선거_기초의원비례,전라남도,광양시,20220601,9,126604,69095,66771,2324,48876,10902.0,0.0,0.0,0.0,0.0,6993.0,광양시,광양시,0.7319944287190546,0.16327447544592713,0.0,0.0,0.0,0.0,0.10473109583501819,2022,36060,광양시,145926,76212,69714,13625,14466,16283,18160,22563,29283,18947,8485,4874,819,19835,104460,21631,0.1115839535106835,0.1244466373367323,0.1546194646601702,0.2006702027054808,0.1298397818072173,0.0971588339295259,0.1482326658717432,0.7158422762221948,0.4777352904897002,2022
8회지방선거_기초의원비례,전라남도,나주시,20220601,9,98951,53029,49697,3332,38307,0.0,0.0,0.0,0.0,0.0,11390.0,나주시,나주시,0.770811115359076,0.0,0.0,0.0,0.0,0.0,0.229188884640924,2022,36040,나주시,114785,57550,57235,10426,10201,12559,14472,16486,16458,16240,10707,7219,1207,14424,74075,26286,0.109413250860304,0.1260791915319946,0.1436250381147362,0.1433811038027616,0.1414819009452454,0.1666855425360456,0.2290020473058326,0.6453369342684149,0.4986278694951431,2022
8회지방선거_기초의원비례,전라남도,목포시,20220601,9,183412,96965,93387,3578,65559,10186.0,0.0,0.0,0.0,0.0,17642.0,목포시,목포시,0.7020141989784445,0.10907299731225974,0.0,0.0,0.0,0.0,0.18891280370929572,2022,36010,목포시,219625,110070,109555,17457,23052,25960,23499,35851,36928,31080,18474,8660,1154,26987,151049,41589,0.1182014797951053,0.1069960159362549,0.1632373363688104,0.1681411496869664,0.1415139442231075,0.1288013659647126,0.1893636881047239,0.6877586795674445,0.498827546955037,2022
8회지방선거_기초의원비례,전라남도,순천시,20220601,9,235432,128144,124666,3478,89790,16387.0,0.0,0.0,0.0,0.0,18489.0,순천시,순천시,0.7202444932860603,0.13144722699051867,0.0,0.0,0.0,0.0,0.14830827972342098,2022,36030,순천시,272085,135443,136642,24211,28006,34023,31610,40654,47760,36793,19168,10988,1679,35432,190001,46652,0.1250454821103699,0.1161769300034915,0.1494165426245474,0.1755333811125199,0.135226124189132,0.1170038774647628,0.1714611242810151,0.6983148648400316,0.5022033555690317,2022
8회지방선거_기초의원비례,전라남도,여수시,20220601,9,236881,109125,106388,2737,85073,12728.0,0.0,0.0,0.0,0.0,8587.0,여수시,여수시,0.7996484565928488,0.11963755310749333,0.0,0.0,0.0,0.0,0.08071399029965785,2022,36020,여수시,268139,138403,129736,20847,23611,30077,30263,39323,46311,41555,25064,11800,1711,30484,180884,56771,0.1121694345097132,0.1128631045838166,0.1466515501288511,0.1727126602247342,0.1549755910180913,0.1438619521964354,0.2117222783705466,0.674590417656514,0.4838386060960919,2022
8회지방선거_기초의원비례,전라남도,해남군,20220601,9,59423,35241,32662,2579,25366,0.0,0.0,0.0,0.0,0.0,7296.0,해남군,해남군,0.7766211499601984,0.0,0.0,0.0,0.0,0.0,0.2233788500398016,2022,36600,해남군,62360,31244,31116,3716,4134,4576,4773,7152,10398,11997,9152,6090,826,5506,35349,21505,0.0733803720333547,0.0765394483643361,0.1146889031430404,0.1667415009621552,0.1923829377806286,0.2576651699807569,0.3448524695317511,0.566853752405388,0.4989737010904426,2022
8회지방선거_기초의원비례,전라북도,군산시,20220601,9,224926,87123,84826,2297,62135,15130.0,0.0,0.0,0.0,0.0,7561.0,군산시,군산시,0.7324994695022753,0.17836512390069081,0.0,0.0,0.0,0.0,0.08913540659703392,2022,35020,군산시,266438,135830,130608,20688,25668,31388,29550,42124,44029,39145,23218,11428,1791,30827,181710,53901,0.1178060186610018,0.1109076032698038,0.1581005712398381,0.1652504522628153,0.1469197336716234,0.1367560182856799,0.2023022241572148,0.6819973126956365,0.4902003467973787,2022
8회지방선거_기초의원비례,전라북도,김제시,20220601,9,72358,42666,40992,1674,33171,7821.0,0.0,0.0,0.0,0.0,0.0,김제시,김제시,0.8092066744730679,0.1907933255269321,0.0,0.0,0.0,0.0,0.0,2022,35060,김제시,78277,38997,39280,4171,5456,6865,6782,9129,12491,14597,10581,7521,1216,6361,45789,26127,0.087701368217995,0.0866410312096784,0.1166242957701496,0.1595743321793119,0.1864787868722613,0.2467902448995234,0.3337762050155218,0.584961099684454,0.5018076829720096,2022
8회지방선거_기초의원비례,전라북도,남원시,20220601,9,69007,44506,42564,1942,34394,8170.0,0.0,0.0,0.0,0.0,0.0,남원시,남원시,0.808053754346396,0.191946245653604,0.0,0.0,0.0,0.0,0.0,2022,35050,남원시,75259,36710,38549,4788,6183,5946,6011,9472,13036,13445,9250,6663,1012,7342,44925,22992,0.0790071619341208,0.0798708460117726,0.1258587012848961,0.1732151636349141,0.1786497296004464,0.2248900463731912,0.3055049894364793,0.596938572130908,0.5122178078369365,2022
8회지방선거_기초의원비례,전라북도,완주군,20220601,9,78284,41407,39933,1474,28719,6253.0,0.0,0.0,0.0,0.0,4961.0,완주군,완주군,0.7191796258733378,0.15658728370019784,0.0,0.0,0.0,0.0,0.12423309042646433,2022,35510,완주군,94771,48623,46148,6848,8929,11867,9914,13247,14754,14592,8811,5757,922,10141,62629,22001,0.1252176298656762,0.1046100600394635,0.1397790463327389,0.1556805351848139,0.1539711515125935,0.1634466239672473,0.2321490751390193,0.660845617330196,0.4869422080594274,2022
8회지방선거_기초의원비례,전라북도,익산시,20220601,9,239077,107230,103312,3918,74659,16897.0,0.0,0.0,0.0,0.0,11756.0,익산시,익산시,0.7226556450363946,0.16355312064426203,0.0,0.0,0.0,0.0,0.11379123431934335,2022,35030,익산시,277030,138823,138207,18462,26781,38499,27624,38485,46985,42540,24339,13714,2114,28187,190067,58776,0.1389705086091759,0.0997148323286286,0.138919972566148,0.1696025701187597,0.1535573764574233,0.144991517164206,0.2121647475002707,0.68608814929791,0.4988882070533877,2022
8회지방선거_기초의원비례,전라북도,전주시덕진구,20220601,9,238934,96927,94888,2039,64397,18403.0,0.0,0.0,0.0,0.0,12088.0,전주시덕진구,전주시,0.6786632661664278,0.1939444397605598,0.0,0.0,0.0,0.0,0.1273922940730124,2022,35012,전주시 덕진구,327314,163402,163912,30217,35768,48603,41768,52869,50362,38042,20939,10922,1505,44458,233372,49484,0.1484904403722419,0.1276083516134354,0.1615237967211912,0.1538644848677416,0.116224787207391,0.1019388110499398,0.1511820453753887,0.7129911949992973,0.5007790684174829,2022
8회지방선거_기초의원비례,전라북도,전주시완산구,20220601,9,311508,125287,122864,2423,85013,22974.0,0.0,0.0,0.0,0.0,14877.0,전주시완산구,전주시,0.6919276598515431,0.18698723792160438,0.0,0.0,0.0,0.0,0.12108510222685245,2022,35011,전주시 완산구,338570,165453,173117,24789,34598,49323,38992,49980,57707,46246,25199,12849,1992,37550,241153,59867,0.1456803615205127,0.1151667306613108,0.1476208760374516,0.170443335203946,0.1365921375195675,0.1182621023717399,0.1768231089582656,0.712269250081224,0.5113181912159966,2022
8회지방선거_기초의원비례,전라북도,정읍시,20220601,9,93307,54278,51921,2357,37518,7713.0,0.0,0.0,0.0,0.0,6690.0,정읍시,정읍시,0.7225977928006009,0.1485526087710175,0.0,0.0,0.0,0.0,0.1288495984283816,2022,35040,정읍시,103255,51545,51710,6175,8246,9871,8843,13427,17394,17638,12430,8744,1295,9461,63319,30475,0.0955982761125369,0.0856423417752167,0.1300372863299598,0.168456733330105,0.1708198150210643,0.2176068955498523,0.2951430923441964,0.6132293835649605,0.5007989927848531,2022
8회지방선거_기초의원비례,충청남도,계룡시,20220601,9,34875,19308,18881,427,8170,10711.0,0.0,0.0,0.0,0.0,0.0,계룡시,계룡시,0.43271013187860813,0.5672898681213919,0.0,0.0,0.0,0.0,0.0,2022,34070,계룡시,42416,21121,21295,4178,5490,3970,4706,8186,7489,5259,2303,1188,207,6550,29948,5918,0.0935967559411542,0.1109486986043002,0.1929932101093927,0.176560731799321,0.1239862316107129,0.0871840814786873,0.1395228215767635,0.7060543191248585,0.5020511127876273,2022
8회지방선거_기초의원비례,충청남도,공주시,20220601,9,91847,51458,49764,1694,20283,29481.0,0.0,0.0,0.0,0.0,0.0,공주시,공주시,0.40758379551483,0.59241620448517,0.0,0.0,0.0,0.0,0.0,2022,34020,공주시,106038,52554,53484,5470,9838,13683,9081,12289,16973,19406,11196,7567,1212,8352,68986,28700,0.1290386465229446,0.0856391105075538,0.115892415926366,0.1600652596239084,0.1830098643882381,0.1883758652558516,0.2706576887530885,0.6505780946453158,0.5043852203926894,2022
8회지방선거_기초의원비례,충청남도,금산군,20220601,9,44747,28674,27546,1128,11545,16001.0,0.0,0.0,0.0,0.0,0.0,금산군,금산군,0.419117113192478,0.580882886807522,0.0,0.0,0.0,0.0,0.0,2022,34510,금산군,52399,26168,26231,2386,4479,6039,3929,5806,8422,10118,6550,4377,615,3961,32184,16254,0.1152502910360884,0.0749823469913548,0.1108036412908643,0.1607282581728659,0.1930952880780167,0.2202713792247943,0.3101967594801427,0.6142101948510468,0.5006011565106204,2022
8회지방선거_기초의원비례,충청남도,논산시,20220601,9,99942,53813,52076,1737,22693,29383.0,0.0,0.0,0.0,0.0,0.0,논산시,논산시,0.435766955987403,0.564233044012597,0.0,0.0,0.0,0.0,0.0,2022,34060,논산시,116852,58364,58488,7099,10182,12773,11463,14387,18456,20693,12500,8725,1411,10631,74127,32094,0.1093092116523465,0.098098449320508,0.1231215554718789,0.1579433813713072,0.1770872556738438,0.1937151268270975,0.2746551192962037,0.634366549139082,0.5005305856981481,2022
8회지방선거_기초의원비례,충청남도,당진시,20220601,9,140008,64863,62746,2117,27014,35732.0,0.0,0.0,0.0,0.0,0.0,당진시,당진시,0.4305294361393555,0.5694705638606445,0.0,0.0,0.0,0.0,0.0,2022,34080,당진시,171192,92031,79161,15702,15616,16469,23096,28431,27112,23413,13285,8590,1233,22558,115456,33178,0.0962019253236132,0.1349128463946913,0.1660766858264405,0.158371886536754,0.1367645684377774,0.1349829431281835,0.1938057853170708,0.6744240385064723,0.4624106266647974,2022
8회지방선거_기초의원비례,충청남도,보령시,20220601,9,86264,52535,50676,1859,19575,31101.0,0.0,0.0,0.0,0.0,0.0,보령시,보령시,0.3862775278238219,0.613722472176178,0.0,0.0,0.0,0.0,0.0,2022,34030,보령시,96511,49983,46528,5867,7061,8820,9709,13244,15992,17837,11201,6513,937,8965,60818,26728,0.0913885463833138,0.1005999316140129,0.1372278807597061,0.1657013190206297,0.1848183108661188,0.1932525826071639,0.2769425246863052,0.6301665095170499,0.4821004859549688,2022
8회지방선거_기초의원비례,충청남도,부여군,20220601,9,57322,36437,34404,2033,14439,19965.0,0.0,0.0,0.0,0.0,0.0,부여군,부여군,0.4196895709801186,0.5803104290198814,0.0,0.0,0.0,0.0,0.0,2022,34530,부여군,61481,30439,31042,2720,3965,4910,4390,6424,9567,13282,8970,6514,1107,4257,34284,22940,0.0798620712089914,0.071404173647143,0.1044875652640653,0.1556090499503911,0.2160342219547502,0.26985572778582,0.3731234039784649,0.557635692327711,0.5049039540671102,2022
8회지방선거_기초의원비례,충청남도,서산시,20220601,9,148744,72232,69930,2302,29736,40194.0,0.0,0.0,0.0,0.0,0.0,서산시,서산시,0.4252252252252252,0.5747747747747748,0.0,0.0,0.0,0.0,0.0,2022,34050,서산시,177947,93033,84914,15859,16626,18465,22328,28302,29143,24710,14050,8826,1447,22868,120347,34732,0.1037668519278212,0.1254755629485184,0.1590473567972486,0.1637734831157591,0.1388615711419692,0.1366867662843431,0.195181711408453,0.6763081142137828,0.477187027598105,2022
8회지방선거_기초의원비례,충청남도,서천군,20220601,9,45864,29277,27492,1785,12085,15407.0,0.0,0.0,0.0,0.0,0.0,서천군,서천군,0.4395824239778845,0.5604175760221155,0.0,0.0,0.0,0.0,0.0,2022,34540,서천군,49509,24797,24712,2239,3101,3407,3607,5247,7693,10305,7727,5493,957,3425,26960,19124,0.0688157708699428,0.0728554404249732,0.1059807307762225,0.1553858894342442,0.2081439738229412,0.2863519764083298,0.3862732028520067,0.5445474560180977,0.499141570219556,2022
8회지방선거_기초의원비례,충청남도,아산시,20220601,9,268765,119313,116972,2341,54646,62326.0,0.0,0.0,0.0,0.0,0.0,아산시,아산시,0.4671716308176316,0.5328283691823684,0.0,0.0,0.0,0.0,0.0,2022,34040,아산시,363197,190920,172277,36982,40062,47768,56426,64839,52481,37715,19001,10739,1528,53101,263154,46942,0.1315209101396762,0.1553592127688279,0.1785229503547661,0.1444973389097376,0.1038417167542683,0.0860910194742798,0.1292466622796994,0.7245489362522267,0.474334865100758,2022
8회지방선거_기초의원비례,충청남도,예산군,20220601,9,69069,38763,37193,1570,11976,25217.0,0.0,0.0,0.0,0.0,0.0,예산군,예산군,0.3219960745301535,0.6780039254698464,0.0,0.0,0.0,0.0,0.0,2022,34570,예산군,76967,39139,37828,3714,5513,6640,6636,9026,12580,15477,10005,6898,947,5724,46254,24989,0.0862707394077981,0.0862187690828537,0.1172710382371665,0.1634466719503163,0.2010861797913391,0.2319175750646381,0.3246716125092572,0.6009588524952252,0.4914833629997271,2022
8회지방선거_기초의원비례,충청남도,천안시동남구,20220601,9,257709,109089,106321,2768,42935,59087.0,0.0,0.0,0.0,672.0,3627.0,천안시동남구,천안시,0.4038242680185476,0.5557415750416193,0.0,0.0,0.0,0.006320482312995551,0.03411367462683759,2022,34011,천안시 동남구,273967,138959,135008,20451,28632,41998,34349,43242,44794,35995,16588,9005,1399,30642,201738,41587,0.1532958348998237,0.1253764139476652,0.1578365277569926,0.1635014436045217,0.1313844368117328,0.0985228147915624,0.1517956542211288,0.736358758536612,0.4927892775407257,2022
8회지방선거_기초의원비례,충청남도,천안시서북구,20220601,9,290313,122348,119989,2359,53692,60664.0,0.0,0.0,0.0,828.0,4805.0,천안시서북구,천안시,0.4474743518155831,0.5055796781371625,0.0,0.0,0.0,0.006900632557984482,0.04004533748926985,2022,34012,천안시 서북구,413984,213531,200453,42289,41750,62699,72451,72287,62879,39218,15899,8055,1131,59326,314732,39926,0.1514527131483342,0.1750091790987091,0.1746130285228414,0.1518875125608719,0.0947331297827935,0.0605941292417098,0.0964433408054417,0.7602516039267218,0.4842047035634227,2022
8회지방선거_기초의원비례,충청남도,청양군,20220601,9,27932,19683,18566,1117,7722,10844.0,0.0,0.0,0.0,0.0,0.0,청양군,청양군,0.41592157707637617,0.5840784229236238,0.0,0.0,0.0,0.0,0.0,2022,34550,청양군,29761,15154,14607,1220,1896,2422,2133,2813,4755,6551,4303,3314,507,1908,16688,11165,0.0813816740028896,0.0716709787977554,0.0945196733980713,0.1597728570948557,0.2201202916568663,0.2729746984308323,0.3751554047243036,0.5607338463089278,0.4908101206276671,2022
8회지방선거_기초의원비례,충청남도,태안군,20220601,9,55435,34710,32880,1830,13284,19596.0,0.0,0.0,0.0,0.0,0.0,태안군,태안군,0.404014598540146,0.595985401459854,0.0,0.0,0.0,0.0,0.0,2022,34580,태안군,60654,31499,29155,2951,3937,5328,4940,7249,9946,12555,8608,4780,740,4494,36198,19962,0.0878425165693936,0.0814455765489497,0.1195139644541168,0.1639792923797276,0.2069937679295677,0.2329277541464701,0.3291126718765456,0.5967949352062518,0.4806772842681439,2022
8회지방선거_기초의원비례,충청북도,괴산군,20220601,9,34674,23716,22798,918,8547,14251.0,0.0,0.0,0.0,0.0,0.0,괴산군,괴산군,0.3749013071322046,0.6250986928677954,0.0,0.0,0.0,0.0,0.0,2022,33560,괴산군,37830,19750,18080,1360,1925,4093,2510,3492,6483,9134,5157,3402,446,2050,22577,13203,0.1081945545863071,0.0663494581020354,0.0923076923076923,0.1713719270420301,0.2414485857784827,0.2380385937086968,0.3490087232355273,0.5968014803066349,0.4779275707110759,2022
8회지방선거_기초의원비례,충청북도,단양군,20220601,9,25692,17421,16752,669,6207,10545.0,0.0,0.0,0.0,0.0,0.0,단양군,단양군,0.37052292263610315,0.6294770773638968,0.0,0.0,0.0,0.0,0.0,2022,33580,단양군,26466,13377,13089,1102,1629,1590,1712,2749,4922,6688,3758,2204,261,1747,15447,9272,0.0600770800272047,0.0646867679286632,0.1038691150910602,0.1859744577949066,0.2527015793848711,0.2351318673014433,0.3503362805108441,0.583654500113353,0.4945590569031965,2022
8회지방선거_기초의원비례,충청북도,보은군,20220601,9,28963,19543,18572,971,7022,11550.0,0.0,0.0,0.0,0.0,0.0,보은군,보은군,0.3780960585828128,0.6219039414171872,0.0,0.0,0.0,0.0,0.0,2022,33520,보은군,30636,15439,15197,1391,1903,1971,2084,2987,5189,7277,4282,3221,488,2154,17123,11359,0.0643360752056404,0.0680245462854158,0.0974996735866301,0.1693758976367672,0.2375310092701397,0.2608369238804021,0.3707729468599033,0.5589176132654393,0.4960503982243113,2022
8회지방선거_기초의원비례,충청북도,영동군,20220601,9,41123,27148,26173,975,10144,16029.0,0.0,0.0,0.0,0.0,0.0,영동군,영동군,0.3875749818515264,0.6124250181484736,0.0,0.0,0.0,0.0,0.0,2022,33540,영동군,43813,21860,21953,2093,2904,3553,2884,4607,7535,9656,6138,4130,566,3220,25288,15305,0.0810946522721566,0.0658252116951589,0.1051514390705954,0.1719809189053477,0.2203912080889233,0.2472782050989432,0.3493255426471595,0.5771802889553329,0.5010613288293428,2022
8회지방선거_기초의원비례,충청북도,옥천군,20220601,9,44686,28841,27793,1048,11875,15918.0,0.0,0.0,0.0,0.0,0.0,옥천군,옥천군,0.4272658583096463,0.5727341416903536,0.0,0.0,0.0,0.0,0.0,2022,33530,옥천군,48013,24178,23835,2441,3442,3809,3558,5806,8311,10293,6176,3928,581,3887,28620,15506,0.0793326807323016,0.0741049299148147,0.1209255826546976,0.1730989523670672,0.214379438901964,0.2225438943619436,0.3229541999041926,0.5960885593485098,0.4964280507362589,2022
8회지방선거_기초의원비례,충청북도,음성군,20220601,9,81419,40614,39372,1242,17212,22160.0,0.0,0.0,0.0,0.0,0.0,음성군,음성군,0.43716346642283854,0.5628365335771615,0.0,0.0,0.0,0.0,0.0,2022,33570,음성군,102564,56916,45648,6062,7344,12386,13515,15026,18105,16953,8235,4996,713,8937,72485,21142,0.1207636207636207,0.1317713817713817,0.1465036465036465,0.1765239265239265,0.1652919152919152,0.1359541359541359,0.2061347061347061,0.7067294567294568,0.445068445068445,2022
8회지방선거_기초의원비례,충청북도,증평군,20220601,9,31366,17040,16485,555,7400,9085.0,0.0,0.0,0.0,0.0,0.0,증평군,증평군,0.4488929329693661,0.551107067030634,0.0,0.0,0.0,0.0,0.0,2022,33590,증평군,37778,19556,18222,3214,3284,4832,4810,5627,6115,5577,2841,1645,198,4641,26005,7132,0.1279051299698237,0.1273227804542326,0.1489491238286833,0.1618666949017947,0.1476256022023399,0.1239875059558473,0.1887871247816189,0.6883635978611891,0.4823442215045794,2022
8회지방선거_기초의원비례,충청북도,진천군,20220601,9,71725,34551,33343,1208,15751,17592.0,0.0,0.0,0.0,0.0,0.0,진천군,진천군,0.4723930060282518,0.5276069939717482,0.0,0.0,0.0,0.0,0.0,2022,33550,진천군,93174,50523,42651,8332,8496,10763,14031,15564,14771,12109,5702,3792,510,11852,66205,15117,0.1155150578487561,0.1505892201687166,0.1670423079399832,0.1585313499474102,0.1299611479597312,0.1073690085216906,0.1622448322493399,0.7105522999978535,0.4577564556635971,2022
8회지방선거_기초의원비례,충청북도,청주시상당구,20220601,9,163058,79603,77235,2368,30478,42321.0,0.0,0.0,0.0,0.0,4436.0,청주시상당구,청주시,0.39461384087525087,0.547951058457953,0.0,0.0,0.0,0.0,0.05743510066679614,2022,33041,청주시 상당구,191510,95219,96291,17374,19051,22370,23481,30179,33034,27240,12835,7067,937,25113,133990,32407,0.1168085217482115,0.1226097853897968,0.1575844603414965,0.172492298052321,0.1422380032374288,0.1088141611404104,0.1692183175813273,0.6996501488172941,0.5027988094616469,2022
8회지방선거_기초의원비례,충청북도,청주시서원구,20220601,9,165453,80299,78167,2132,30980,42816.0,0.0,0.0,0.0,0.0,4371.0,청주시서원구,청주시,0.396330932490693,0.5477503294229022,0.0,0.0,0.0,0.0,0.05591873808640475,2022,33042,청주시 서원구,194132,96581,97551,13741,19044,28812,22817,29005,33638,27883,13017,7001,961,21019,140326,32787,0.1484144808686872,0.1175334308614756,0.1494086497846825,0.1732738549028496,0.1436290771227824,0.1080656460552613,0.1688902396307667,0.7228380689427812,0.5024983001256876,2022
8회지방선거_기초의원비례,충청북도,청주시청원구,20220601,9,160395,72656,71127,1529,30078,37380.0,0.0,0.0,0.0,0.0,3669.0,청주시청원구,청주시,0.4228773883335442,0.5255388249188072,0.0,0.0,0.0,0.0,0.051583786747648575,2022,33044,청주시 청원구,198744,102398,96346,19846,20437,28090,30760,32951,28017,23000,10733,6305,897,27937,143178,27629,0.1413376001288089,0.1547719679587811,0.1657962001368594,0.1409702934428209,0.1157267640784124,0.0902417179889707,0.1390180332488025,0.7204142011834319,0.4847743831260315,2022
8회지방선거_기초의원비례,충청북도,청주시흥덕구,20220601,9,223618,98271,95985,2286,39336,51218.0,0.0,0.0,0.0,0.0,5431.0,청주시흥덕구,청주시,0.40981403344272543,0.5336042089909881,0.0,0.0,0.0,0.0,0.056581757566286396,2022,33043,청주시 흥덕구,274114,139308,134806,25586,26325,41022,43469,44237,43555,32043,13179,6543,911,36233,204301,33580,0.1496530640536419,0.1585800068584603,0.1613817608732133,0.1588937449382373,0.1168966196545962,0.0752716023260395,0.1225037758013089,0.7453139934479815,0.4917880881676966,2022
